Qubit,T1 (us),T2 (us),Readout assignment error,Prob meas0 prep1,Prob meas1 prep0,Readout length (ns),ID error,Single-qubit gate length (ns),RX error,Z-axis rotation (rz) error,√x (sx) error,Pauli-X error,CZ error,Gate length (ns),RZZ error,MEASURE error,Operational
0,226.35499828134476,378.12171764209296,0.0042724609375,0.00244140625,0.006103515625,2584.0,0.0001084864212349379,32.0,0.0001084864212349379,0,0.0001084864212349379,0.0001084864212349379,1:0.0007568779571971995;1:0.0007568779571971995;1:0.0007652373430031001;1:0.0007652373430031001,1:68.0;1:68.0;1:68.0;1:68.0,1:0.0015066196452586944;1:0.0015066196452586944;1:0.0013227861306995548;1:0.0013227861306995548,0.0042724609375,Yes
1,221.41967972610232,318.17694280071913,0.0081787109375,0.0146484375,0.001708984375,2584.0,0.0002542320193033708,32.0,0.0002542320193033708,0,0.0002542320193033708,0.0002542320193033708,0:0.0007568779571971995;0:0.0007568779571971995;0:0.0007652373430031001;0:0.0007652373430031001;2:0.001671943476418497;2:0.001671943476418497;2:0.0018232767204711398;2:0.0018232767204711398,0:68.0;0:68.0;0:68.0;0:68.0;2:108.0;2:108.0;2:108.0;2:108.0,0:0.0015066196452586944;0:0.0015066196452586944;0:0.0013227861306995548;0:0.0013227861306995548;2:1;2:1;2:0.14751819889137888;2:0.14751819889137888,0.0081787109375,Yes
2,298.3138347853168,382.153953078755,0.0062255859375,0.00390625,0.008544921875,2584.0,0.000219990130150321,32.0,0.000219990130150321,0,0.000219990130150321,0.000219990130150321,1:0.001671943476418497;1:0.001671943476418497;1:0.0018232767204711398;1:0.0018232767204711398;3:0.002097897271185617;3:0.002097897271185617;3:0.0020795967975390517;3:0.0020795967975390517,1:108.0;1:108.0;1:108.0;1:108.0;3:108.0;3:108.0;3:108.0;3:108.0,1:1;1:1;1:0.14751819889137888;1:0.14751819889137888;3:0.0023188247347963875;3:0.0023188247347963875;3:0.002948864087770564;3:0.002948864087770564,0.0062255859375,Yes
3,317.5691453219155,459.5725751575183,0.004638671875,0.0078125,0.00146484375,2584.0,0.0001132528808750096,32.0,0.0001132528808750096,0,0.0001132528808750096,0.0001132528808750096,2:0.002097897271185617;2:0.002097897271185617;2:0.0020795967975390517;2:0.0020795967975390517;4:0.001621184996699887;4:0.001621184996699887;4:0.009860860899865709;4:0.009860860899865709;16:0.0010151919617433225;16:0.0010151919617433225;16:0.007359944281663144;16:0.007359944281663144,2:108.0;2:108.0;2:108.0;2:108.0;4:68.0;4:68.0;4:68.0;4:68.0;16:68.0;16:68.0;16:68.0;16:68.0,2:0.0023188247347963875;2:0.0023188247347963875;2:0.002948864087770564;2:0.002948864087770564;4:0.0026352390802491243;4:0.0026352390802491243;4:0.0027031178752740803;4:0.0027031178752740803;16:0.000983744426362232;16:0.000983744426362232;16:0.0010197301548968418;16:0.0010197301548968418,0.004638671875,Yes
4,240.262510980724,383.091575312435,0.00732421875,0.007568359375,0.007080078125,2584.0,0.00012816507147216883,32.0,0.00012816507147216883,0,0.00012816507147216883,0.00012816507147216883,3:0.001621184996699887;3:0.001621184996699887;3:0.009860860899865709;3:0.009860860899865709;5:0.006914402526297242;5:0.006914402526297242;5:0.0022872443008895293;5:0.0022872443008895293,3:68.0;3:68.0;3:68.0;3:68.0;5:68.0;5:68.0;5:68.0;5:68.0,3:0.0026352390802491243;3:0.0026352390802491243;3:0.0027031178752740803;3:0.0027031178752740803;5:0.0030202421722036743;5:0.0030202421722036743;5:0.004268524769012877;5:0.004268524769012877,0.00732421875,Yes
5,326.56415619843153,373.81893087730447,0.002685546875,0.00390625,0.00146484375,2584.0,0.00014900865712406803,32.0,0.00014900865712406803,0,0.00014900865712406803,0.00014900865712406803,4:0.006914402526297242;4:0.006914402526297242;4:0.0022872443008895293;4:0.0022872443008895293;6:0.000923195702173335;6:0.000923195702173335;6:0.0007379342333971584;6:0.0007379342333971584,4:68.0;4:68.0;4:68.0;4:68.0;6:68.0;6:68.0;6:68.0;6:68.0,4:0.0030202421722036743;4:0.0030202421722036743;4:0.004268524769012877;4:0.004268524769012877;6:0.0008712221322201286;6:0.0008712221322201286;6:0.0006547780802736158;6:0.0006547780802736158,0.002685546875,Yes
6,324.043397825109,403.97153413608623,0.0045166015625,0.00830078125,0.000732421875,2584.0,0.00010070163735956282,32.0,0.00010070163735956282,0,0.00010070163735956282,0.00010070163735956282,5:0.000923195702173335;5:0.000923195702173335;5:0.0007379342333971584;5:0.0007379342333971584;7:0.001332702132122776;7:0.001332702132122776;7:0.0006744490444957063;7:0.0006744490444957063,5:68.0;5:68.0;5:68.0;5:68.0;7:68.0;7:68.0;7:68.0;7:68.0,5:0.0008712221322201286;5:0.0008712221322201286;5:0.0006547780802736158;5:0.0006547780802736158;7:0.0009455625013502778;7:0.0009455625013502778;7:0.0009852957642144111;7:0.0009852957642144111,0.0045166015625,Yes
7,268.7701823973547,261.5223733285475,0.0198974609375,0.03466796875,0.005126953125,2584.0,0.0002773632284341973,32.0,0.0002773632284341973,0,0.0002773632284341973,0.0002773632284341973,6:0.001332702132122776;6:0.001332702132122776;6:0.0006744490444957063;6:0.0006744490444957063;8:0.0017848382816548214;8:0.0017848382816548214;8:0.0026627233399721395;8:0.0026627233399721395;17:0.0021293727066769297;17:0.0021293727066769297;17:0.00304603772006809;17:0.00304603772006809,6:68.0;6:68.0;6:68.0;6:68.0;8:208.0;8:208.0;8:208.0;8:208.0;17:68.0;17:68.0;17:68.0;17:68.0,6:0.0009455625013502778;6:0.0009455625013502778;6:0.0009852957642144111;6:0.0009852957642144111;8:0.00866711862659822;8:0.00866711862659822;8:0.007976521030420985;8:0.007976521030420985;17:0.001657219662518139;17:0.001657219662518139;17:0.0014052737088928458;17:0.0014052737088928458,0.0198974609375,Yes
8,328.78170052907586,390.51944778289794,0.012939453125,0.005859375,0.02001953125,2584.0,8.285424657350848e-05,32.0,8.285424657350848e-05,0,8.285424657350848e-05,8.285424657350848e-05,7:0.0017848382816548214;7:0.0017848382816548214;7:0.0026627233399721395;7:0.0026627233399721395;9:0.0010542192477505652;9:0.0010542192477505652;9:0.002070578874501572;9:0.002070578874501572,7:208.0;7:208.0;7:208.0;7:208.0;9:68.0;9:68.0;9:68.0;9:68.0,7:0.00866711862659822;7:0.00866711862659822;7:0.007976521030420985;7:0.007976521030420985;9:0.0033518634261521796;9:0.0033518634261521796;9:0.0012118434293695024;9:0.0012118434293695024,0.012939453125,Yes
9,294.1024078179996,346.62149285245664,0.002197265625,0.0029296875,0.00146484375,2584.0,0.00015562898463302694,32.0,0.00015562898463302694,0,0.00015562898463302694,0.00015562898463302694,8:0.0010542192477505652;8:0.0010542192477505652;8:0.002070578874501572;8:0.002070578874501572;10:0.001160813964412144;10:0.001160813964412144;10:0.0016314901517047176;10:0.0016314901517047176,8:68.0;8:68.0;8:68.0;8:68.0;10:68.0;10:68.0;10:68.0;10:68.0,8:0.0033518634261521796;8:0.0033518634261521796;8:0.0012118434293695024;8:0.0012118434293695024;10:0.0017942098867411993;10:0.0017942098867411993;10:0.002681426690709393;10:0.002681426690709393,0.002197265625,Yes
10,239.465592315448,304.382153718209,0.002685546875,0.0068359375,0.001220703125,2584.0,9.079745217774596e-05,32.0,9.079745217774596e-05,0,9.079745217774596e-05,9.079745217774596e-05,9:0.001160813964412144;9:0.001160813964412144;9:0.0016314901517047176;9:0.0016314901517047176;11:0.0011789594699767592;11:0.0011789594699767592;11:0.0011162786066303831;11:0.0011162786066303831,9:68.0;9:68.0;9:68.0;9:68.0;11:68.0;11:68.0;11:68.0;11:68.0,9:0.0017942098867411993;9:0.0017942098867411993;9:0.002681426690709393;9:0.002681426690709393;11:0.001577464024481695;11:0.001577464024481695;11:0.0015815973494364144;11:0.0015815973494364144,0.002685546875,Yes
11,215.61016236660006,153.52970597756288,0.009033203125,0.0146484375,0.00341796875,2584.0,0.0002774887168840507,32.0,0.0002774887168840507,0,0.0002774887168840507,0.0002774887168840507,10:0.0011789594699767592;10:0.0011789594699767592;10:0.0011162786066303831;10:0.0011162786066303831;12:0.0012214849841068465;12:0.0012214849841068465;12:0.0017861370069168214;12:0.0017861370069168214;18:0.03923485856397277;18:0.03923485856397277;18:0.01904309433956175;18:0.01904309433956175,10:68.0;10:68.0;10:68.0;10:68.0;12:68.0;12:68.0;12:68.0;12:68.0;18:68.0;18:68.0;18:68.0;18:68.0,10:0.001577464024481695;10:0.001577464024481695;10:0.0015815973494364144;10:0.0015815973494364144;12:0.0011895532847539247;12:0.0011895532847539247;12:0.0012308521375171966;12:0.0012308521375171966;18:0.012756325119676531;18:0.012756325119676531;18:0.012571129093390615;18:0.012571129093390615,0.009033203125,Yes
12,231.15639024916067,186.23120509238743,0.0032958984375,0.005615234375,0.0009765625,2584.0,0.00012485853656144183,32.0,0.00012485853656144183,0,0.00012485853656144183,0.00012485853656144183,11:0.0012214849841068465;11:0.0012214849841068465;11:0.0017861370069168214;11:0.0017861370069168214;13:0.0009714232848453408;13:0.0009714232848453408;13:0.0012729209778813144;13:0.0012729209778813144,11:68.0;11:68.0;11:68.0;11:68.0;13:68.0;13:68.0;13:68.0;13:68.0,11:0.0011895532847539247;11:0.0011895532847539247;11:0.0012308521375171966;11:0.0012308521375171966;13:0.0009935744122842316;13:0.0009935744122842316;13:0.000889990105250732;13:0.000889990105250732,0.0032958984375,Yes
13,313.3379987294586,357.8353983487805,0.0023193359375,0.00244140625,0.002197265625,2584.0,9.981118586630042e-05,32.0,9.981118586630042e-05,0,9.981118586630042e-05,9.981118586630042e-05,12:0.0009714232848453408;12:0.0009714232848453408;12:0.0012729209778813144;12:0.0012729209778813144;14:0.0009797544874387276;14:0.0009797544874387276;14:0.0009332147442508154;14:0.0009332147442508154,12:68.0;12:68.0;12:68.0;12:68.0;14:68.0;14:68.0;14:68.0;14:68.0,12:0.0009935744122842316;12:0.0009935744122842316;12:0.000889990105250732;12:0.000889990105250732;14:0.0012259281039390668;14:0.0012259281039390668;14:0.0010293319832028747;14:0.0010293319832028747,0.0023193359375,Yes
14,82.77071401676136,113.05753495299605,0.0042724609375,0.008544921875,0,2584.0,0.0001332269050663104,32.0,0.0001332269050663104,0,0.0001332269050663104,0.0001332269050663104,13:0.0009797544874387276;13:0.0009797544874387276;13:0.0009332147442508154;13:0.0009332147442508154;15:0.0008280000454956027;15:0.0008280000454956027;15:0.0010947977284297694;15:0.0010947977284297694,13:68.0;13:68.0;13:68.0;13:68.0;15:68.0;15:68.0;15:68.0;15:68.0,13:0.0012259281039390668;13:0.0012259281039390668;13:0.0010293319832028747;13:0.0010293319832028747;15:0.0010753606019714146;15:0.0010753606019714146;15:0.000814288605000768;15:0.000814288605000768,0.0042724609375,Yes
15,346.7328457474698,417.60797203774797,0.0045166015625,0.00390625,0.005126953125,2584.0,0.0002053243205805876,32.0,0.0002053243205805876,0,0.0002053243205805876,0.0002053243205805876,14:0.0008280000454956027;14:0.0008280000454956027;14:0.0010947977284297694;14:0.0010947977284297694;19:0.0008453105759009538;19:0.0008453105759009538;19:0.0016896365683655434;19:0.0016896365683655434,14:68.0;14:68.0;14:68.0;14:68.0;19:68.0;19:68.0;19:68.0;19:68.0,14:0.0010753606019714146;14:0.0010753606019714146;14:0.000814288605000768;14:0.000814288605000768;19:0.0008430834222916683;19:0.0008430834222916683;19:0.0010243158259352347;19:0.0010243158259352347,0.0045166015625,Yes
16,261.90684175614473,384.36668931773875,0.0045166015625,0.005859375,0.003173828125,2584.0,0.00020491901388106152,32.0,0.00020491901388106152,0,0.00020491901388106152,0.00020491901388106152,3:0.0010151919617433225;3:0.0010151919617433225;3:0.007359944281663144;3:0.007359944281663144;23:0.0017601123530932017;23:0.0017601123530932017;23:0.002865857684017592;23:0.002865857684017592,3:68.0;3:68.0;3:68.0;3:68.0;23:68.0;23:68.0;23:68.0;23:68.0,3:0.000983744426362232;3:0.000983744426362232;3:0.0010197301548968418;3:0.0010197301548968418;23:0.0017276196548004774;23:0.0017276196548004774;23:0.002466240955105836;23:0.002466240955105836,0.0045166015625,Yes
17,287.3856549115624,411.02638477171774,0.0020751953125,0.003173828125,0.0009765625,2584.0,0.00011402620382745004,32.0,0.00011402620382745004,0,0.00011402620382745004,0.00011402620382745004,7:0.0021293727066769297;7:0.0021293727066769297;7:0.00304603772006809;7:0.00304603772006809;27:0.02290767652169312;27:0.02290767652169312;27:0.002556938457476704;27:0.002556938457476704,7:68.0;7:68.0;7:68.0;7:68.0;27:68.0;27:68.0;27:68.0;27:68.0,7:0.001657219662518139;7:0.001657219662518139;7:0.0014052737088928458;7:0.0014052737088928458;27:0.001038596499773281;27:0.001038596499773281;27:0.0012281828940557682;27:0.0012281828940557682,0.0020751953125,Yes
18,97.182338222132,177.3976668576557,0.0072021484375,0.013427734375,0.0009765625,2584.0,0.00018320572335524192,32.0,0.00018320572335524192,0,0.00018320572335524192,0.00018320572335524192,11:0.03923485856397277;11:0.03923485856397277;11:0.01904309433956175;11:0.01904309433956175;31:0.0036499106379331014;31:0.0036499106379331014;31:0.004423541388497182;31:0.004423541388497182,11:68.0;11:68.0;11:68.0;11:68.0;31:68.0;31:68.0;31:68.0;31:68.0,11:0.012756325119676531;11:0.012756325119676531;11:0.012571129093390615;11:0.012571129093390615;31:0.001846194686405317;31:0.001846194686405317;31:0.0021325536847218995;31:0.0021325536847218995,0.0072021484375,Yes
19,293.4119193568787,513.6833590337,0.0052490234375,0.00537109375,0.005126953125,2584.0,0.00011336025998847056,32.0,0.00011336025998847056,0,0.00011336025998847056,0.00011336025998847056,15:0.0008453105759009538;15:0.0008453105759009538;15:0.0016896365683655434;15:0.0016896365683655434;35:0.0008423902133337657;35:0.0008423902133337657;35:0.005350918617259753;35:0.005350918617259753,15:68.0;15:68.0;15:68.0;15:68.0;35:68.0;35:68.0;35:68.0;35:68.0,15:0.0008430834222916683;15:0.0008430834222916683;15:0.0010243158259352347;15:0.0010243158259352347;35:0.0015183372740102397;35:0.0015183372740102397;35:0.0007480954831950715;35:0.0007480954831950715,0.0052490234375,Yes
20,266.7355543384396,410.93377837042596,0.0057373046875,0.008056640625,0.00341796875,2584.0,0.00032917296348039364,32.0,0.00032917296348039364,0,0.00032917296348039364,0.00032917296348039364,21:0.0013072893987428058;21:0.0013072893987428058;21:0.0015229899155429494;21:0.0015229899155429494,21:68.0;21:68.0;21:68.0;21:68.0,21:0.0011305224928917779;21:0.0011305224928917779;21:0.0013846501417774382;21:0.0013846501417774382,0.0057373046875,Yes
21,194.52471960011457,220.64670094452057,0.0040283203125,0.004638671875,0.00341796875,2584.0,0.00015282074832646784,32.0,0.00015282074832646784,0,0.00015282074832646784,0.00015282074832646784,20:0.0013072893987428058;20:0.0013072893987428058;20:0.0015229899155429494;20:0.0015229899155429494;22:0.001258702064876882;22:0.001258702064876882;22:0.0008261994103309633;22:0.0008261994103309633;36:0.0013289344228730182;36:0.0013289344228730182;36:0.0008779872223288188;36:0.0008779872223288188,20:68.0;20:68.0;20:68.0;20:68.0;22:96.0;22:96.0;22:96.0;22:96.0;36:68.0;36:68.0;36:68.0;36:68.0,20:0.0011305224928917779;20:0.0011305224928917779;20:0.0013846501417774382;20:0.0013846501417774382;22:0.0009146175877635387;22:0.0009146175877635387;22:0.0011756881761655902;22:0.0011756881761655902;36:0.0009794279550512652;36:0.0009794279550512652;36:0.0007332872600763485;36:0.0007332872600763485,0.0040283203125,Yes
22,186.46802517234826,225.32654438744456,0.00439453125,0.007080078125,0.001708984375,2584.0,0.0002012271760296702,32.0,0.0002012271760296702,0,0.0002012271760296702,0.0002012271760296702,21:0.001258702064876882;21:0.001258702064876882;21:0.0008261994103309633;21:0.0008261994103309633;23:0.004051313730110917;23:0.004051313730110917;23:0.0058480715105589665;23:0.0058480715105589665,21:96.0;21:96.0;21:96.0;21:96.0;23:68.0;23:68.0;23:68.0;23:68.0,21:0.0009146175877635387;21:0.0009146175877635387;21:0.0011756881761655902;21:0.0011756881761655902;23:0.0041645801015142425;23:0.0041645801015142425;23:0.006494374293308958;23:0.006494374293308958,0.00439453125,Yes
23,289.7233586964471,325.0270709936708,0.0020751953125,0.002685546875,0.00146484375,2584.0,0.0001554015689826588,32.0,0.0001554015689826588,0,0.0001554015689826588,0.0001554015689826588,16:0.0017601123530932017;16:0.0017601123530932017;16:0.002865857684017592;16:0.002865857684017592;22:0.004051313730110917;22:0.004051313730110917;22:0.0058480715105589665;22:0.0058480715105589665;24:0.000934972139631618;24:0.000934972139631618;24:0.00526774258932583;24:0.00526774258932583,16:68.0;16:68.0;16:68.0;16:68.0;22:68.0;22:68.0;22:68.0;22:68.0;24:68.0;24:68.0;24:68.0;24:68.0,16:0.0017276196548004774;16:0.0017276196548004774;16:0.002466240955105836;16:0.002466240955105836;22:0.0041645801015142425;22:0.0041645801015142425;22:0.006494374293308958;22:0.006494374293308958;24:0.0012529914721650937;24:0.0012529914721650937;24:0.002201935627142243;24:0.002201935627142243,0.0020751953125,Yes
24,216.83123571311106,292.92083345937084,0.0015869140625,0.002197265625,0.0009765625,2584.0,9.662136231283763e-05,32.0,9.662136231283763e-05,0,9.662136231283763e-05,9.662136231283763e-05,23:0.000934972139631618;23:0.000934972139631618;23:0.00526774258932583;23:0.00526774258932583;25:0.0008348855739978844;25:0.0008348855739978844;25:0.0014428346443701723;25:0.0014428346443701723,23:68.0;23:68.0;23:68.0;23:68.0;25:68.0;25:68.0;25:68.0;25:68.0,23:0.0012529914721650937;23:0.0012529914721650937;23:0.002201935627142243;23:0.002201935627142243;25:0.001315369011900075;25:0.001315369011900075;25:0.0009914044815212408;25:0.0009914044815212408,0.0015869140625,Yes
25,337.7773370941817,343.55532625885314,0.0018310546875,0.0029296875,0.000732421875,2584.0,0.00010212963096400336,32.0,0.00010212963096400336,0,0.00010212963096400336,0.00010212963096400336,24:0.0008348855739978844;24:0.0008348855739978844;24:0.0014428346443701723;24:0.0014428346443701723;26:0.0015963723769377158;26:0.0015963723769377158;26:0.0014035269402839223;26:0.0014035269402839223;37:0.0036696058571699386;37:0.0036696058571699386;37:0.0040938200366546496;37:0.0040938200366546496,24:68.0;24:68.0;24:68.0;24:68.0;26:68.0;26:68.0;26:68.0;26:68.0;37:68.0;37:68.0;37:68.0;37:68.0,24:0.001315369011900075;24:0.001315369011900075;24:0.0009914044815212408;24:0.0009914044815212408;26:0.0014347227124188455;26:0.0014347227124188455;26:0.0011237908374148176;26:0.0011237908374148176;37:0.0020429445142076674;37:0.0020429445142076674;37:0.0026477218576126393;37:0.0026477218576126393,0.0018310546875,Yes
26,224.19602069588174,331.64920647195044,0.00537109375,0.009033203125,0.001708984375,2584.0,0.00041642803842988015,32.0,0.00041642803842988015,0,0.00041642803842988015,0.00041642803842988015,25:0.0015963723769377158;25:0.0015963723769377158;25:0.0014035269402839223;25:0.0014035269402839223;27:0.003059463589320438;27:0.003059463589320438;27:0.004123916730592703;27:0.004123916730592703,25:68.0;25:68.0;25:68.0;25:68.0;27:68.0;27:68.0;27:68.0;27:68.0,25:0.0014347227124188455;25:0.0014347227124188455;25:0.0011237908374148176;25:0.0011237908374148176;27:0.0016817510441235473;27:0.0016817510441235473;27:0.0012954876252060377;27:0.0012954876252060377,0.00537109375,Yes
27,283.73066504988134,357.8617748434749,0.004150390625,0.0048828125,0.00390625,2584.0,0.00018721050588145396,32.0,0.00018721050588145396,0,0.00018721050588145396,0.00018721050588145396,17:0.02290767652169312;17:0.02290767652169312;17:0.002556938457476704;17:0.002556938457476704;26:0.003059463589320438;26:0.003059463589320438;26:0.004123916730592703;26:0.004123916730592703;28:0.05122359857710171;28:0.05122359857710171;28:0.0024196635653181697;28:0.0024196635653181697,17:68.0;17:68.0;17:68.0;17:68.0;26:68.0;26:68.0;26:68.0;26:68.0;28:68.0;28:68.0;28:68.0;28:68.0,17:0.001038596499773281;17:0.001038596499773281;17:0.0012281828940557682;17:0.0012281828940557682;26:0.0016817510441235473;26:0.0016817510441235473;26:0.0012954876252060377;26:0.0012954876252060377;28:0.05992191879032149;28:0.05992191879032149;28:0.001124589367176132;28:0.001124589367176132,0.004150390625,Yes
28,143.14404945538587,192.11771551784963,0.0133056640625,0.015869140625,0.0107421875,2584.0,0.00033341103784689867,32.0,0.00033341103784689867,0,0.00033341103784689867,0.00033341103784689867,27:0.05122359857710171;27:0.05122359857710171;27:0.0024196635653181697;27:0.0024196635653181697;29:0.0025178142177788854;29:0.0025178142177788854;29:0.0041699995122673195;29:0.0041699995122673195,27:68.0;27:68.0;27:68.0;27:68.0;29:68.0;29:68.0;29:68.0;29:68.0,27:0.05992191879032149;27:0.05992191879032149;27:0.001124589367176132;27:0.001124589367176132;29:0.0030718671082306526;29:0.0030718671082306526;29:0.0032036041410960503;29:0.0032036041410960503,0.0133056640625,Yes
29,325.7518937647576,385.7156056468422,0.00390625,0.00537109375,0.00244140625,2584.0,0.00012383253919017386,32.0,0.00012383253919017386,0,0.00012383253919017386,0.00012383253919017386,28:0.0025178142177788854;28:0.0025178142177788854;28:0.0041699995122673195;28:0.0041699995122673195;30:0.0009662398585265075;30:0.0009662398585265075;30:0.004681541687057533;30:0.004681541687057533;38:0.001869102673530798;38:0.001869102673530798;38:0.0009226815779149189;38:0.0009226815779149189,28:68.0;28:68.0;28:68.0;28:68.0;30:68.0;30:68.0;30:68.0;30:68.0;38:68.0;38:68.0;38:68.0;38:68.0,28:0.0030718671082306526;28:0.0030718671082306526;28:0.0032036041410960503;28:0.0032036041410960503;30:0.001884687051154188;30:0.001884687051154188;30:0.0011330985108477243;30:0.0011330985108477243;38:0.0017767489103401035;38:0.0017767489103401035;38:0.0014694190714532873;38:0.0014694190714532873,0.00390625,Yes
30,257.5213066986947,360.3233716016377,0.003662109375,0.005615234375,0.001708984375,2584.0,0.0001331045732633043,32.0,0.0001331045732633043,0,0.0001331045732633043,0.0001331045732633043,29:0.0009662398585265075;29:0.0009662398585265075;29:0.004681541687057533;29:0.004681541687057533;31:0.0023723290932542163;31:0.0023723290932542163;31:0.002679105494174744;31:0.002679105494174744,29:68.0;29:68.0;29:68.0;29:68.0;31:68.0;31:68.0;31:68.0;31:68.0,29:0.001884687051154188;29:0.001884687051154188;29:0.0011330985108477243;29:0.0011330985108477243;31:0.0013470805613115533;31:0.0013470805613115533;31:0.0014438165298455152;31:0.0014438165298455152,0.003662109375,Yes
31,133.724066273545,152.8131426108652,0.00439453125,0.008056640625,0.000732421875,2584.0,0.00022411012940665856,32.0,0.00022411012940665856,0,0.00022411012940665856,0.00022411012940665856,18:0.0036499106379331014;18:0.0036499106379331014;18:0.004423541388497182;18:0.004423541388497182;30:0.0023723290932542163;30:0.0023723290932542163;30:0.002679105494174744;30:0.002679105494174744;32:0.0015595962463647861;32:0.0015595962463647861;32:0.002131922119648244;32:0.002131922119648244,18:68.0;18:68.0;18:68.0;18:68.0;30:68.0;30:68.0;30:68.0;30:68.0;32:80.0;32:80.0;32:80.0;32:80.0,18:0.001846194686405317;18:0.001846194686405317;18:0.0021325536847218995;18:0.0021325536847218995;30:0.0013470805613115533;30:0.0013470805613115533;30:0.0014438165298455152;30:0.0014438165298455152;32:0.001394939525965866;32:0.001394939525965866;32:0.0025414827539154694;32:0.0025414827539154694,0.00439453125,Yes
32,132.4847706400858,181.60718936791818,0.0057373046875,0.0087890625,0.002685546875,2584.0,0.00035436291461571584,32.0,0.00035436291461571584,0,0.00035436291461571584,0.00035436291461571584,31:0.0015595962463647861;31:0.0015595962463647861;31:0.002131922119648244;31:0.002131922119648244;33:0.0015568179586212538;33:0.0015568179586212538;33:0.02452571778925558;33:0.02452571778925558,31:80.0;31:80.0;31:80.0;31:80.0;33:68.0;33:68.0;33:68.0;33:68.0,31:0.001394939525965866;31:0.001394939525965866;31:0.0025414827539154694;31:0.0025414827539154694;33:0.001360777231226712;33:0.001360777231226712;33:0.0020547775707467075;33:0.0020547775707467075,0.0057373046875,Yes
33,252.7689463225694,246.75634721912536,0.0042724609375,0.005615234375,0.0029296875,2584.0,6.951209314279774e-05,32.0,6.951209314279774e-05,0,6.951209314279774e-05,6.951209314279774e-05,32:0.0015568179586212538;32:0.0015568179586212538;32:0.02452571778925558;32:0.02452571778925558;34:0.000856847147413714;34:0.000856847147413714;34:0.000828095693606451;34:0.000828095693606451;39:0.0009560194759729024;39:0.0009560194759729024;39:0.003014793667591942;39:0.003014793667591942,32:68.0;32:68.0;32:68.0;32:68.0;34:68.0;34:68.0;34:68.0;34:68.0;39:68.0;39:68.0;39:68.0;39:68.0,32:0.001360777231226712;32:0.001360777231226712;32:0.0020547775707467075;32:0.0020547775707467075;34:0.0008972459879265926;34:0.0008972459879265926;34:0.0010260335061276493;34:0.0010260335061276493;39:0.00114191584592796;39:0.00114191584592796;39:0.001557374555358454;39:0.001557374555358454,0.0042724609375,Yes
34,239.88639920011045,240.1322879192673,0.002685546875,0.0048828125,0.00048828125,2584.0,0.00013008452322286007,32.0,0.00013008452322286007,0,0.00013008452322286007,0.00013008452322286007,33:0.000856847147413714;33:0.000856847147413714;33:0.000828095693606451;33:0.000828095693606451;35:0.0016821785751942597;35:0.0016821785751942597;35:0.0047042502541671805;35:0.0047042502541671805,33:68.0;33:68.0;33:68.0;33:68.0;35:68.0;35:68.0;35:68.0;35:68.0,33:0.0008972459879265926;33:0.0008972459879265926;33:0.0010260335061276493;33:0.0010260335061276493;35:0.0014444467846506936;35:0.0014444467846506936;35:0.003382452104276207;35:0.003382452104276207,0.002685546875,Yes
35,254.01280904946628,412.57824230339224,0.0118408203125,0.0107421875,0.012939453125,2584.0,0.0001175518037051043,32.0,0.0001175518037051043,0,0.0001175518037051043,0.0001175518037051043,19:0.0008423902133337657;19:0.0008423902133337657;19:0.005350918617259753;19:0.005350918617259753;34:0.0016821785751942597;34:0.0016821785751942597;34:0.0047042502541671805;34:0.0047042502541671805,19:68.0;19:68.0;19:68.0;19:68.0;34:68.0;34:68.0;34:68.0;34:68.0,19:0.0015183372740102397;19:0.0015183372740102397;19:0.0007480954831950715;19:0.0007480954831950715;34:0.0014444467846506936;34:0.0014444467846506936;34:0.003382452104276207;34:0.003382452104276207,0.0118408203125,Yes
36,238.4776838646526,302.07388393685085,0.0078125,0.009033203125,0.006591796875,2584.0,0.00015270015292317022,32.0,0.00015270015292317022,0,0.00015270015292317022,0.00015270015292317022,21:0.0013289344228730182;21:0.0013289344228730182;21:0.0008779872223288188;21:0.0008779872223288188;41:0.0008674931223469906;41:0.0008674931223469906;41:0.0008939818443994552;41:0.0008939818443994552,21:68.0;21:68.0;21:68.0;21:68.0;41:68.0;41:68.0;41:68.0;41:68.0,21:0.0009794279550512652;21:0.0009794279550512652;21:0.0007332872600763485;21:0.0007332872600763485;41:0.0007772045433708519;41:0.0007772045433708519;41:0.0008581546024209741;41:0.0008581546024209741,0.0078125,Yes
37,165.99821577340242,227.03144451369693,0.00341796875,0.00537109375,0.00146484375,2584.0,0.00013303818566245818,32.0,0.00013303818566245818,0,0.00013303818566245818,0.00013303818566245818,25:0.0036696058571699386;25:0.0036696058571699386;25:0.0040938200366546496;25:0.0040938200366546496;45:0.0021860293942437548;45:0.0021860293942437548;45:0.010378420555298112;45:0.010378420555298112,25:68.0;25:68.0;25:68.0;25:68.0;45:68.0;45:68.0;45:68.0;45:68.0,25:0.0020429445142076674;25:0.0020429445142076674;25:0.0026477218576126393;25:0.0026477218576126393;45:0.0019562407583821884;45:0.0019562407583821884;45:0.002762298768892585;45:0.002762298768892585,0.00341796875,Yes
38,151.78431431815582,233.3263233326464,0.0018310546875,0.003662109375,0,2584.0,0.0002916801358620946,32.0,0.0002916801358620946,0,0.0002916801358620946,0.0002916801358620946,29:0.001869102673530798;29:0.001869102673530798;29:0.0009226815779149189;29:0.0009226815779149189;49:0.0021119559255607656;49:0.0021119559255607656;49:0.001667767418412014;49:0.001667767418412014,29:68.0;29:68.0;29:68.0;29:68.0;49:68.0;49:68.0;49:68.0;49:68.0,29:0.0017767489103401035;29:0.0017767489103401035;29:0.0014694190714532873;29:0.0014694190714532873;49:0.0015104078030966916;49:0.0015104078030966916;49:0.0018265150985141976;49:0.0018265150985141976,0.0018310546875,Yes
39,267.9604844378933,321.65752038256267,0.0037841796875,0.007080078125,0.00048828125,2584.0,0.00013954837596709258,32.0,0.00013954837596709258,0,0.00013954837596709258,0.00013954837596709258,33:0.0009560194759729024;33:0.0009560194759729024;33:0.003014793667591942;33:0.003014793667591942;53:0.0016881118203627699;53:0.0016881118203627699;53:0.0010596269891270105;53:0.0010596269891270105,33:68.0;33:68.0;33:68.0;33:68.0;53:68.0;53:68.0;53:68.0;53:68.0,33:0.00114191584592796;33:0.00114191584592796;33:0.001557374555358454;33:0.001557374555358454;53:0.0017175116770580812;53:0.0017175116770580812;53:0.001335807046279558;53:0.001335807046279558,0.0037841796875,Yes
40,200.4845423867293,286.98301925641067,0.00390625,0.006591796875,0.001220703125,2584.0,0.00011069799565957173,32.0,0.00011069799565957173,0,0.00011069799565957173,0.00011069799565957173,41:0.0010450113062218935;41:0.0010450113062218935;41:0.0008112803178810246;41:0.0008112803178810246,41:68.0;41:68.0;41:68.0;41:68.0,41:0.0011268472228371518;41:0.0011268472228371518;41:0.0006876683433371111;41:0.0006876683433371111,0.00390625,Yes
41,211.17847660762067,206.09630125507704,0.0028076171875,0.0048828125,0.000732421875,2584.0,0.0001222280702657101,32.0,0.0001222280702657101,0,0.0001222280702657101,0.0001222280702657101,36:0.0008674931223469906;36:0.0008674931223469906;36:0.0008939818443994552;36:0.0008939818443994552;40:0.0010450113062218935;40:0.0010450113062218935;40:0.0008112803178810246;40:0.0008112803178810246;42:0.0013865409022650321;42:0.0013865409022650321;42:0.0018739679143574273;42:0.0018739679143574273,36:68.0;36:68.0;36:68.0;36:68.0;40:68.0;40:68.0;40:68.0;40:68.0;42:68.0;42:68.0;42:68.0;42:68.0,36:0.0007772045433708519;36:0.0007772045433708519;36:0.0008581546024209741;36:0.0008581546024209741;40:0.0011268472228371518;40:0.0011268472228371518;40:0.0006876683433371111;40:0.0006876683433371111;42:0.17557168032674653;42:0.17557168032674653;42:0.14005740442675071;42:0.14005740442675071,0.0028076171875,Yes
42,276.9675406989638,327.5363601429688,0.0205078125,0.0068359375,0.0341796875,2584.0,0.00020201193395072577,32.0,0.00020201193395072577,0,0.00020201193395072577,0.00020201193395072577,41:0.0013865409022650321;41:0.0013865409022650321;41:0.0018739679143574273;41:0.0018739679143574273;43:0.00148446720479678;43:0.00148446720479678;43:0.0017102365725123747;43:0.0017102365725123747,41:68.0;41:68.0;41:68.0;41:68.0;43:68.0;43:68.0;43:68.0;43:68.0,41:0.17557168032674653;41:0.17557168032674653;41:0.14005740442675071;41:0.14005740442675071;43:1;43:1;43:1.0;43:1.0,0.0205078125,Yes
43,288.4026642941674,311.5199526920272,0.0626220703125,0.113525390625,0.01171875,2584.0,0.00015691328334324463,32.0,0.00015691328334324463,0,0.00015691328334324463,0.00015691328334324463,42:0.00148446720479678;42:0.00148446720479678;42:0.0017102365725123747;42:0.0017102365725123747;44:0.0014129090899060448;44:0.0014129090899060448;44:0.0008704895697112247;44:0.0008704895697112247;56:0.0011151901743692294;56:0.0011151901743692294;56:0.0011919417048807668;56:0.0011919417048807668,42:68.0;42:68.0;42:68.0;42:68.0;44:68.0;44:68.0;44:68.0;44:68.0;56:68.0;56:68.0;56:68.0;56:68.0,42:1;42:1;42:1.0;42:1.0;44:0.0010378714587050142;44:0.0010378714587050142;44:0.0010894964206614177;44:0.0010894964206614177;56:0.001394632163656928;56:0.001394632163656928;56:0.0013434773822555979;56:0.0013434773822555979,0.0626220703125,Yes
44,204.18369614888053,267.1971901291611,0.0028076171875,0.00537109375,0.000732421875,2584.0,0.00015097512227247147,32.0,0.00015097512227247147,0,0.00015097512227247147,0.00015097512227247147,43:0.0014129090899060448;43:0.0014129090899060448;43:0.0008704895697112247;43:0.0008704895697112247;45:0.0008910501009874172;45:0.0008910501009874172;45:0.003846549648215375;45:0.003846549648215375,43:68.0;43:68.0;43:68.0;43:68.0;45:68.0;45:68.0;45:68.0;45:68.0,43:0.0010378714587050142;43:0.0010378714587050142;43:0.0010894964206614177;43:0.0010894964206614177;45:0.002971067472938682;45:0.002971067472938682;45:0.0010872644814324817;45:0.0010872644814324817,0.0028076171875,Yes
45,199.98623082781964,205.4797595811512,0.0050048828125,0.006591796875,0.00341796875,2584.0,0.00017271006127882914,32.0,0.00017271006127882914,0,0.00017271006127882914,0.00017271006127882914,37:0.0021860293942437548;37:0.0021860293942437548;37:0.010378420555298112;37:0.010378420555298112;44:0.0008910501009874172;44:0.0008910501009874172;44:0.003846549648215375;44:0.003846549648215375;46:0.01714070999997569;46:0.01714070999997569;46:0.003963697947147626;46:0.003963697947147626,37:68.0;37:68.0;37:68.0;37:68.0;44:68.0;44:68.0;44:68.0;44:68.0;46:68.0;46:68.0;46:68.0;46:68.0,37:0.0019562407583821884;37:0.0019562407583821884;37:0.002762298768892585;37:0.002762298768892585;44:0.002971067472938682;44:0.002971067472938682;44:0.0010872644814324817;44:0.0010872644814324817;46:0.004731689887746665;46:0.004731689887746665;46:0.0031681076710221856;46:0.0031681076710221856,0.0050048828125,Yes
46,36.684622315088,62.50055666416284,0.021240234375,0.04248046875,0,2584.0,0.004212118279353428,32.0,0.004212118279353428,0,0.004212118279353428,0.004212118279353428,45:0.01714070999997569;45:0.01714070999997569;45:0.003963697947147626;45:0.003963697947147626;47:0.012960096667431531;47:0.012960096667431531;47:0.004954462279607108;47:0.004954462279607108,45:68.0;45:68.0;45:68.0;45:68.0;47:68.0;47:68.0;47:68.0;47:68.0,45:0.004731689887746665;45:0.004731689887746665;45:0.0031681076710221856;45:0.0031681076710221856;47:0.05453312999864504;47:0.05453312999864504;47:0.01926797420763357;47:0.01926797420763357,0.021240234375,Yes
47,207.13341218704693,312.71479174698584,0.004638671875,0.008544921875,0.000732421875,2584.0,9.69634931509159e-05,32.0,9.69634931509159e-05,0,9.69634931509159e-05,9.69634931509159e-05,46:0.012960096667431531;46:0.012960096667431531;46:0.004954462279607108;46:0.004954462279607108;48:0.0017186172069789396;48:0.0017186172069789396;48:0.021985755066548096;48:0.021985755066548096;57:0.002318044376083156;57:0.002318044376083156;57:0.001930870370449117;57:0.001930870370449117,46:68.0;46:68.0;46:68.0;46:68.0;48:68.0;48:68.0;48:68.0;48:68.0;57:68.0;57:68.0;57:68.0;57:68.0,46:0.05453312999864504;46:0.05453312999864504;46:0.01926797420763357;46:0.01926797420763357;48:0.0038031012584097412;48:0.0038031012584097412;48:0.010687620298822975;48:0.010687620298822975;57:0.0016537187868840009;57:0.0016537187868840009;57:0.0015847807097829902;57:0.0015847807097829902,0.004638671875,Yes
48,329.07707779537316,361.27011875750327,0.0023193359375,0.00341796875,0.001220703125,2584.0,0.0001538855925774273,32.0,0.0001538855925774273,0,0.0001538855925774273,0.0001538855925774273,47:0.0017186172069789396;47:0.0017186172069789396;47:0.021985755066548096;47:0.021985755066548096;49:0.0011053143511827457;49:0.0011053143511827457;49:0.0009532243738097634;49:0.0009532243738097634,47:68.0;47:68.0;47:68.0;47:68.0;49:68.0;49:68.0;49:68.0;49:68.0,47:0.0038031012584097412;47:0.0038031012584097412;47:0.010687620298822975;47:0.010687620298822975;49:0.0010005610652848718;49:0.0010005610652848718;49:0.000792100221732206;49:0.000792100221732206,0.0023193359375,Yes
49,204.12323978435705,240.50923531449513,0.004150390625,0.005615234375,0.002685546875,2584.0,0.00010462383657258947,32.0,0.00010462383657258947,0,0.00010462383657258947,0.00010462383657258947,38:0.0021119559255607656;38:0.0021119559255607656;38:0.001667767418412014;38:0.001667767418412014;48:0.0011053143511827457;48:0.0011053143511827457;48:0.0009532243738097634;48:0.0009532243738097634;50:0.020445735530269155;50:0.020445735530269155;50:0.028885710147954657;50:0.028885710147954657,38:68.0;38:68.0;38:68.0;38:68.0;48:68.0;48:68.0;48:68.0;48:68.0;50:68.0;50:68.0;50:68.0;50:68.0,38:0.0015104078030966916;38:0.0015104078030966916;38:0.0018265150985141976;38:0.0018265150985141976;48:0.0010005610652848718;48:0.0010005610652848718;48:0.000792100221732206;48:0.000792100221732206;50:0.011750772432418982;50:0.011750772432418982;50:0.011216423775338241;50:0.011216423775338241,0.004150390625,Yes
50,126.48528879949087,159.6022003733421,0.005859375,0.0107421875,0.0009765625,2584.0,0.0001995530278791442,32.0,0.0001995530278791442,0,0.0001995530278791442,0.0001995530278791442,49:0.020445735530269155;49:0.020445735530269155;49:0.028885710147954657;49:0.028885710147954657;51:0.0011313064422721897;51:0.0011313064422721897;51:0.001824782887821813;51:0.001824782887821813,49:68.0;49:68.0;49:68.0;49:68.0;51:68.0;51:68.0;51:68.0;51:68.0,49:0.011750772432418982;49:0.011750772432418982;49:0.011216423775338241;49:0.011216423775338241;51:0.003162552229224347;51:0.003162552229224347;51:0.0021546195161402937;51:0.0021546195161402937,0.005859375,Yes
51,259.50323897599577,416.6714505766117,0.0030517578125,0.00439453125,0.001708984375,2584.0,0.00011919627634964747,32.0,0.00011919627634964747,0,0.00011919627634964747,0.00011919627634964747,50:0.0011313064422721897;50:0.0011313064422721897;50:0.001824782887821813;50:0.001824782887821813;52:0.0009997837430054113;52:0.0009997837430054113;52:0.0012301365573905432;52:0.0012301365573905432;58:0.0007573924831301426;58:0.0007573924831301426;58:0.0008787654264508782;58:0.0008787654264508782,50:68.0;50:68.0;50:68.0;50:68.0;52:68.0;52:68.0;52:68.0;52:68.0;58:68.0;58:68.0;58:68.0;58:68.0,50:0.003162552229224347;50:0.003162552229224347;50:0.0021546195161402937;50:0.0021546195161402937;52:0.001522742899818491;52:0.001522742899818491;52:0.0023860144437501396;52:0.0023860144437501396;58:0.002106416392498922;58:0.002106416392498922;58:0.003833196121062754;58:0.003833196121062754,0.0030517578125,Yes
52,332.79100183665435,613.9753032811142,0.0054931640625,0.006591796875,0.00439453125,2584.0,0.00011349742977172055,32.0,0.00011349742977172055,0,0.00011349742977172055,0.00011349742977172055,51:0.0009997837430054113;51:0.0009997837430054113;51:0.0012301365573905432;51:0.0012301365573905432;53:0.0021506987492294904;53:0.0021506987492294904;53:0.0022602497445752545;53:0.0022602497445752545,51:68.0;51:68.0;51:68.0;51:68.0;53:68.0;53:68.0;53:68.0;53:68.0,51:0.001522742899818491;51:0.001522742899818491;51:0.0023860144437501396;51:0.0023860144437501396;53:0.001959762302573942;53:0.001959762302573942;53:0.002648043010211071;53:0.002648043010211071,0.0054931640625,Yes
53,239.0371577187211,270.3812613539396,0.003662109375,0.004638671875,0.002685546875,2584.0,0.00020363826227598656,32.0,0.00020363826227598656,0,0.00020363826227598656,0.00020363826227598656,39:0.0016881118203627699;39:0.0016881118203627699;39:0.0010596269891270105;39:0.0010596269891270105;52:0.0021506987492294904;52:0.0021506987492294904;52:0.0022602497445752545;52:0.0022602497445752545;54:0.0017508447003446448;54:0.0017508447003446448;54:0.0008080855412073984;54:0.0008080855412073984,39:68.0;39:68.0;39:68.0;39:68.0;52:68.0;52:68.0;52:68.0;52:68.0;54:68.0;54:68.0;54:68.0;54:68.0,39:0.0017175116770580812;39:0.0017175116770580812;39:0.001335807046279558;39:0.001335807046279558;52:0.001959762302573942;52:0.001959762302573942;52:0.002648043010211071;52:0.002648043010211071;54:0.0013187912911329924;54:0.0013187912911329924;54:0.0008908814938514142;54:0.0008908814938514142,0.003662109375,Yes
54,136.99453616395715,213.50859851673172,0.005126953125,0.0048828125,0.00537109375,2584.0,0.0001699889356936279,32.0,0.0001699889356936279,0,0.0001699889356936279,0.0001699889356936279,53:0.0017508447003446448;53:0.0017508447003446448;53:0.0008080855412073984;53:0.0008080855412073984;55:0.0012478773452557212;55:0.0012478773452557212;55:0.0040309392738929195;55:0.0040309392738929195,53:68.0;53:68.0;53:68.0;53:68.0;55:68.0;55:68.0;55:68.0;55:68.0,53:0.0013187912911329924;53:0.0013187912911329924;53:0.0008908814938514142;53:0.0008908814938514142;55:0.0010569576634890665;55:0.0010569576634890665;55:0.0010844501195379497;55:0.0010844501195379497,0.005126953125,Yes
55,128.9934706404276,173.0855445028674,0.0045166015625,0.007080078125,0.001953125,2584.0,0.00017023915546814116,32.0,0.00017023915546814116,0,0.00017023915546814116,0.00017023915546814116,54:0.0012478773452557212;54:0.0012478773452557212;54:0.0040309392738929195;54:0.0040309392738929195;59:0.0037937815001636843;59:0.0037937815001636843;59:0.005522090230773907;59:0.005522090230773907,54:68.0;54:68.0;54:68.0;54:68.0;59:68.0;59:68.0;59:68.0;59:68.0,54:0.0010569576634890665;54:0.0010569576634890665;54:0.0010844501195379497;54:0.0010844501195379497;59:0.0033228766864552284;59:0.0033228766864552284;59:0.002949955457777098;59:0.002949955457777098,0.0045166015625,Yes
56,141.2184796202826,183.24450888043506,0.0045166015625,0.006103515625,0.0029296875,2584.0,7.73153190973306e-05,32.0,7.73153190973306e-05,0,7.73153190973306e-05,7.73153190973306e-05,43:0.0011151901743692294;43:0.0011151901743692294;43:0.0011919417048807668;43:0.0011919417048807668;63:0.017221697153746107;63:0.017221697153746107;63:0.0017061926182430076;63:0.0017061926182430076,43:68.0;43:68.0;43:68.0;43:68.0;63:68.0;63:68.0;63:68.0;63:68.0,43:0.001394632163656928;43:0.001394632163656928;43:0.0013434773822555979;43:0.0013434773822555979;63:0.021125240094904463;63:0.021125240094904463;63:0.0016875989943738456;63:0.0016875989943738456,0.0045166015625,Yes
57,205.97155977997994,291.0287055639186,0.0052490234375,0.009521484375,0.0009765625,2584.0,0.00022721384831614574,32.0,0.00022721384831614574,0,0.00022721384831614574,0.00022721384831614574,47:0.002318044376083156;47:0.002318044376083156;47:0.001930870370449117;47:0.001930870370449117;67:0.00166788027782383;67:0.00166788027782383;67:0.001717246656925242;67:0.001717246656925242,47:68.0;47:68.0;47:68.0;47:68.0;67:68.0;67:68.0;67:68.0;67:68.0,47:0.0016537187868840009;47:0.0016537187868840009;47:0.0015847807097829902;47:0.0015847807097829902;67:0.0014069052652611047;67:0.0014069052652611047;67:0.0018070718588861223;67:0.0018070718588861223,0.0052490234375,Yes
58,203.57459258319327,300.18802588948233,0.0025634765625,0.003662109375,0.00146484375,2584.0,0.00011962193111053343,32.0,0.00011962193111053343,0,0.00011962193111053343,0.00011962193111053343,51:0.0007573924831301426;51:0.0007573924831301426;51:0.0008787654264508782;51:0.0008787654264508782;71:0.0007957883067330196;71:0.0007957883067330196;71:0.000986887499926481;71:0.000986887499926481,51:68.0;51:68.0;51:68.0;51:68.0;71:68.0;71:68.0;71:68.0;71:68.0,51:0.002106416392498922;51:0.002106416392498922;51:0.003833196121062754;51:0.003833196121062754;71:0.0008369147373830377;71:0.0008369147373830377;71:0.0008793301030199652;71:0.0008793301030199652,0.0025634765625,Yes
59,135.856418956032,159.33545011036807,0.0047607421875,0.00732421875,0.002197265625,2584.0,0.0011207654668378042,32.0,0.0011207654668378042,0,0.0011207654668378042,0.0011207654668378042,55:0.0037937815001636843;55:0.0037937815001636843;55:0.005522090230773907;55:0.005522090230773907;75:0.001777660913425988;75:0.001777660913425988;75:0.001263846404662039;75:0.001263846404662039,55:68.0;55:68.0;55:68.0;55:68.0;75:68.0;75:68.0;75:68.0;75:68.0,55:0.0033228766864552284;55:0.0033228766864552284;55:0.002949955457777098;55:0.002949955457777098;75:0.0018902269095493751;75:0.0018902269095493751;75:0.0011726687489844734;75:0.0011726687489844734,0.0047607421875,Yes
60,151.83859826024212,252.9037114176818,0.0054931640625,0.00537109375,0.005615234375,2584.0,0.00022824723740957195,32.0,0.00022824723740957195,0,0.00022824723740957195,0.00022824723740957195,61:0.0012825959909645857;61:0.0012825959909645857;61:0.0014985361582793288;61:0.0014985361582793288,61:68.0;61:68.0;61:68.0;61:68.0,61:0.0008522270885542305;61:0.0008522270885542305;61:0.0014494496646346444;61:0.0014494496646346444,0.0054931640625,Yes
61,208.35754518770617,234.86373704478555,0.0032958984375,0.001953125,0.001708984375,2584.0,0.00011342728444676628,32.0,0.00011342728444676628,0,0.00011342728444676628,0.00011342728444676628,60:0.0012825959909645857;60:0.0012825959909645857;60:0.0014985361582793288;60:0.0014985361582793288;62:0.005744494448925663;62:0.005744494448925663;62:0.1255751123529681;62:0.1255751123529681;76:0.0018559236036955196;76:0.0018559236036955196;76:0.0026348483846559134;76:0.0026348483846559134,60:68.0;60:68.0;60:68.0;60:68.0;62:68.0;62:68.0;62:68.0;62:68.0;76:68.0;76:68.0;76:68.0;76:68.0,60:0.0008522270885542305;60:0.0008522270885542305;60:0.0014494496646346444;60:0.0014494496646346444;62:0.005619185946339783;62:0.005619185946339783;62:0.11121420984586713;62:0.11121420984586713;76:0.0025731599119626913;76:0.0025731599119626913;76:0.0022570164323950925;76:0.0022570164323950925,0.0032958984375,Yes
62,67.92553726444145,90.6715990346552,0.032470703125,0.029052734375,0.035888671875,2584.0,0.0009928874389866674,32.0,0.0009928874389866674,0,0.0009928874389866674,0.0009928874389866674,61:0.005744494448925663;61:0.005744494448925663;61:0.1255751123529681;61:0.1255751123529681;63:0.020434368113638246;63:0.020434368113638246;63:0.07177196631537966;63:0.07177196631537966,61:68.0;61:68.0;61:68.0;61:68.0;63:68.0;63:68.0;63:68.0;63:68.0,61:0.005619185946339783;61:0.005619185946339783;61:0.11121420984586713;61:0.11121420984586713;63:0.04203046138356109;63:0.04203046138356109;63:0.13967779121193602;63:0.13967779121193602,0.032470703125,Yes
63,203.89733497161097,295.1478873760258,0.0035400390625,0.005859375,0.001220703125,2584.0,0.0011807184433692145,32.0,0.0011807184433692145,0,0.0011807184433692145,0.0011807184433692145,56:0.017221697153746107;56:0.017221697153746107;56:0.0017061926182430076;56:0.0017061926182430076;62:0.020434368113638246;62:0.020434368113638246;62:0.07177196631537966;62:0.07177196631537966;64:0.0012952661913205599;64:0.0012952661913205599;64:0.0014453359561854284;64:0.0014453359561854284,56:68.0;56:68.0;56:68.0;56:68.0;62:68.0;62:68.0;62:68.0;62:68.0;64:80.0;64:80.0;64:80.0;64:80.0,56:0.021125240094904463;56:0.021125240094904463;56:0.0016875989943738456;56:0.0016875989943738456;62:0.04203046138356109;62:0.04203046138356109;62:0.13967779121193602;62:0.13967779121193602;64:0.002734748263095693;64:0.002734748263095693;64:0.0018394526634255004;64:0.0018394526634255004,0.0035400390625,Yes
64,206.2452663369656,249.48966781512388,0.0035400390625,0.00634765625,0.000732421875,2584.0,0.00023445155558564712,32.0,0.00023445155558564712,0,0.00023445155558564712,0.00023445155558564712,63:0.0012952661913205599;63:0.0012952661913205599;63:0.0014453359561854284;63:0.0014453359561854284;65:0.0016583058974144194;65:0.0016583058974144194;65:0.0016952159670128863;65:0.0016952159670128863,63:80.0;63:80.0;63:80.0;63:80.0;65:68.0;65:68.0;65:68.0;65:68.0,63:0.002734748263095693;63:0.002734748263095693;63:0.0018394526634255004;63:0.0018394526634255004;65:0.002685913794146122;65:0.002685913794146122;65:0.001373229931499742;65:0.001373229931499742,0.0035400390625,Yes
65,243.8914000712223,287.95895184550864,0.0035400390625,0.006103515625,0.0009765625,2584.0,0.0001350173456272796,32.0,0.0001350173456272796,0,0.0001350173456272796,0.0001350173456272796,64:0.0016583058974144194;64:0.0016583058974144194;64:0.0016952159670128863;64:0.0016952159670128863;66:0.0013524375222628005;66:0.0013524375222628005;66:0.0009056239587501014;66:0.0009056239587501014;77:0.0010328100482697444;77:0.0010328100482697444;77:0.0012702289519608834;77:0.0012702289519608834,64:68.0;64:68.0;64:68.0;64:68.0;66:100.0;66:100.0;66:100.0;66:100.0;77:68.0;77:68.0;77:68.0;77:68.0,64:0.002685913794146122;64:0.002685913794146122;64:0.001373229931499742;64:0.001373229931499742;66:0.0016414859544840454;66:0.0016414859544840454;66:0.0010529524644343202;66:0.0010529524644343202;77:0.001178956783961349;77:0.001178956783961349;77:0.0013327574625956462;77:0.0013327574625956462,0.0035400390625,Yes
66,177.79989562305335,214.97227458031742,0.0025634765625,0.0048828125,0.000244140625,2584.0,0.00018486468512095747,32.0,0.00018486468512095747,0,0.00018486468512095747,0.00018486468512095747,65:0.0013524375222628005;65:0.0013524375222628005;65:0.0009056239587501014;65:0.0009056239587501014;67:0.0012229427183355068;67:0.0012229427183355068;67:0.0010930304616530995;67:0.0010930304616530995,65:100.0;65:100.0;65:100.0;65:100.0;67:68.0;67:68.0;67:68.0;67:68.0,65:0.0016414859544840454;65:0.0016414859544840454;65:0.0010529524644343202;65:0.0010529524644343202;67:1;67:1;67:0.0010953837272032751;67:0.0010953837272032751,0.0025634765625,Yes
67,245.89685597108823,251.44415287414296,0.009765625,0.016845703125,0.002685546875,2584.0,0.0002517471993197678,32.0,0.0002517471993197678,0,0.0002517471993197678,0.0002517471993197678,57:0.00166788027782383;57:0.00166788027782383;57:0.001717246656925242;57:0.001717246656925242;66:0.0012229427183355068;66:0.0012229427183355068;66:0.0010930304616530995;66:0.0010930304616530995;68:0.0017820531229232606;68:0.0017820531229232606;68:0.0012480712149470219;68:0.0012480712149470219,57:68.0;57:68.0;57:68.0;57:68.0;66:68.0;66:68.0;66:68.0;66:68.0;68:68.0;68:68.0;68:68.0;68:68.0,57:0.0014069052652611047;57:0.0014069052652611047;57:0.0018070718588861223;57:0.0018070718588861223;66:1;66:1;66:0.0010953837272032751;66:0.0010953837272032751;68:0.001155467162360535;68:0.001155467162360535;68:0.0027432864652832123;68:0.0027432864652832123,0.009765625,Yes
68,260.15452241386174,296.13319509856905,0.0015869140625,0.003173828125,0,2584.0,0.0001928978659232757,32.0,0.0001928978659232757,0,0.0001928978659232757,0.0001928978659232757,67:0.0017820531229232606;67:0.0017820531229232606;67:0.0012480712149470219;67:0.0012480712149470219;69:0.0011399005426326325;69:0.0011399005426326325;69:0.003268199646269926;69:0.003268199646269926,67:68.0;67:68.0;67:68.0;67:68.0;69:68.0;69:68.0;69:68.0;69:68.0,67:0.001155467162360535;67:0.001155467162360535;67:0.0027432864652832123;67:0.0027432864652832123;69:0.0013144663455381678;69:0.0013144663455381678;69:0.0008845789849273311;69:0.0008845789849273311,0.0015869140625,Yes
69,284.92311113764674,360.2225130010399,0.003173828125,0.004150390625,0.002197265625,2584.0,0.0002899849476351265,32.0,0.0002899849476351265,0,0.0002899849476351265,0.0002899849476351265,68:0.0011399005426326325;68:0.0011399005426326325;68:0.003268199646269926;68:0.003268199646269926;70:0.0008530507298230017;70:0.0008530507298230017;70:0.0024478983951054523;70:0.0024478983951054523;78:0.001414850225926384;78:0.001414850225926384;78:0.002037671850582373;78:0.002037671850582373,68:68.0;68:68.0;68:68.0;68:68.0;70:68.0;70:68.0;70:68.0;70:68.0;78:68.0;78:68.0;78:68.0;78:68.0,68:0.0013144663455381678;68:0.0013144663455381678;68:0.0008845789849273311;68:0.0008845789849273311;70:0.0017642680778864883;70:0.0017642680778864883;70:0.0025264502154507817;70:0.0025264502154507817;78:0.0009701844400379356;78:0.0009701844400379356;78:0.0012186907795095625;78:0.0012186907795095625,0.003173828125,Yes
70,236.24715061226485,278.1319074003471,0.00390625,0.00732421875,0.00048828125,2584.0,0.00017988692016594288,32.0,0.00017988692016594288,0,0.00017988692016594288,0.00017988692016594288,69:0.0008530507298230017;69:0.0008530507298230017;69:0.0024478983951054523;69:0.0024478983951054523;71:0.001159032145207295;71:0.001159032145207295;71:0.002084197940624255;71:0.002084197940624255,69:68.0;69:68.0;69:68.0;69:68.0;71:68.0;71:68.0;71:68.0;71:68.0,69:0.0017642680778864883;69:0.0017642680778864883;69:0.0025264502154507817;69:0.0025264502154507817;71:0.0028495402170102546;71:0.0028495402170102546;71:0.003426267642797687;71:0.003426267642797687,0.00390625,Yes
71,311.03631030465544,430.17056892353196,0.0032958984375,0.00537109375,0.001220703125,2584.0,0.00013163992012863023,32.0,0.00013163992012863023,0,0.00013163992012863023,0.00013163992012863023,58:0.0007957883067330196;58:0.0007957883067330196;58:0.000986887499926481;58:0.000986887499926481;70:0.001159032145207295;70:0.001159032145207295;70:0.002084197940624255;70:0.002084197940624255;72:0.001145966871870574;72:0.001145966871870574;72:0.001001129389865435;72:0.001001129389865435,58:68.0;58:68.0;58:68.0;58:68.0;70:68.0;70:68.0;70:68.0;70:68.0;72:68.0;72:68.0;72:68.0;72:68.0,58:0.0008369147373830377;58:0.0008369147373830377;58:0.0008793301030199652;58:0.0008793301030199652;70:0.0028495402170102546;70:0.0028495402170102546;70:0.003426267642797687;70:0.003426267642797687;72:0.0011068302773037941;72:0.0011068302773037941;72:0.0009989625703974159;72:0.0009989625703974159,0.0032958984375,Yes
72,185.47849939904717,205.2899419045842,0.0037841796875,0.00634765625,0.001220703125,2584.0,0.00013174228639048992,32.0,0.00013174228639048992,0,0.00013174228639048992,0.00013174228639048992,71:0.001145966871870574;71:0.001145966871870574;71:0.001001129389865435;71:0.001001129389865435;73:0.0013947026137428598;73:0.0013947026137428598;73:0.0012512736753829412;73:0.0012512736753829412,71:68.0;71:68.0;71:68.0;71:68.0;73:68.0;73:68.0;73:68.0;73:68.0,71:0.0011068302773037941;71:0.0011068302773037941;71:0.0009989625703974159;71:0.0009989625703974159;73:0.001182000688264545;73:0.001182000688264545;73:0.0011483522507778898;73:0.0011483522507778898,0.0037841796875,Yes
73,312.9906630686754,329.6081168221213,0.0025634765625,0.004638671875,0.00048828125,2584.0,0.00013167614996000045,32.0,0.00013167614996000045,0,0.00013167614996000045,0.00013167614996000045,72:0.0013947026137428598;72:0.0013947026137428598;72:0.0012512736753829412;72:0.0012512736753829412;74:0.0008252862349033552;74:0.0008252862349033552;74:0.0011510570993266134;74:0.0011510570993266134;79:0.0031270841457929355;79:0.0031270841457929355;79:0.0037864486694331456;79:0.0037864486694331456,72:68.0;72:68.0;72:68.0;72:68.0;74:68.0;74:68.0;74:68.0;74:68.0;79:68.0;79:68.0;79:68.0;79:68.0,72:0.001182000688264545;72:0.001182000688264545;72:0.0011483522507778898;72:0.0011483522507778898;74:0.001165394427137173;74:0.001165394427137173;74:0.0010150299776423566;74:0.0010150299776423566;79:0.0036572336392075577;79:0.0036572336392075577;79:0.002804253355772446;79:0.002804253355772446,0.0025634765625,Yes
74,210.9748452299298,253.10391495462983,0.0028076171875,0.004638671875,0.0009765625,2584.0,0.0001702363407865856,32.0,0.0001702363407865856,0,0.0001702363407865856,0.0001702363407865856,73:0.0008252862349033552;73:0.0008252862349033552;73:0.0011510570993266134;73:0.0011510570993266134;75:0.004889423282023936;75:0.004889423282023936;75:0.0061547092236168;75:0.0061547092236168,73:68.0;73:68.0;73:68.0;73:68.0;75:68.0;75:68.0;75:68.0;75:68.0,73:0.001165394427137173;73:0.001165394427137173;73:0.0010150299776423566;73:0.0010150299776423566;75:0.0023459943827500163;75:0.0023459943827500163;75:0.0024610914558507446;75:0.0024610914558507446,0.0028076171875,Yes
75,251.44426301502202,344.45050976794204,0.0037841796875,0.00634765625,0.001220703125,2584.0,0.0001380989336592419,32.0,0.0001380989336592419,0,0.0001380989336592419,0.0001380989336592419,59:0.001777660913425988;59:0.001777660913425988;59:0.001263846404662039;59:0.001263846404662039;74:0.004889423282023936;74:0.004889423282023936;74:0.0061547092236168;74:0.0061547092236168,59:68.0;59:68.0;59:68.0;59:68.0;74:68.0;74:68.0;74:68.0;74:68.0,59:0.0018902269095493751;59:0.0018902269095493751;59:0.0011726687489844734;59:0.0011726687489844734;74:0.0023459943827500163;74:0.0023459943827500163;74:0.0024610914558507446;74:0.0024610914558507446,0.0037841796875,Yes
76,172.40459129814082,249.16442067177874,0.00341796875,0.005126953125,0.001708984375,2584.0,0.00029968011371590413,32.0,0.00029968011371590413,0,0.00029968011371590413,0.00029968011371590413,61:0.0018559236036955196;61:0.0018559236036955196;61:0.0026348483846559134;61:0.0026348483846559134;81:0.0012554231187182907;81:0.0012554231187182907;81:0.0014894691006713534;81:0.0014894691006713534,61:68.0;61:68.0;61:68.0;61:68.0;81:68.0;81:68.0;81:68.0;81:68.0,61:0.0025731599119626913;61:0.0025731599119626913;61:0.0022570164323950925;61:0.0022570164323950925;81:0.0012422247903443318;81:0.0012422247903443318;81:0.001394327857902583;81:0.001394327857902583,0.00341796875,Yes
77,205.75953589029183,299.6379140476693,0.0040283203125,0.00732421875,0.000732421875,2584.0,0.00017944027577572995,32.0,0.00017944027577572995,0,0.00017944027577572995,0.00017944027577572995,65:0.0010328100482697444;65:0.0010328100482697444;65:0.0012702289519608834;65:0.0012702289519608834;85:0.0016265139732153655;85:0.0016265139732153655;85:0.01338055980631378;85:0.01338055980631378,65:68.0;65:68.0;65:68.0;65:68.0;85:68.0;85:68.0;85:68.0;85:68.0,65:0.001178956783961349;65:0.001178956783961349;65:0.0013327574625956462;65:0.0013327574625956462;85:0.0015865096927256406;85:0.0015865096927256406;85:0.002160867985140008;85:0.002160867985140008,0.0040283203125,Yes
78,212.26894056809044,279.15028703390516,0.003173828125,0.00537109375,0.00146484375,2584.0,0.00012754115053550664,32.0,0.00012754115053550664,0,0.00012754115053550664,0.00012754115053550664,69:0.001414850225926384;69:0.001414850225926384;69:0.002037671850582373;69:0.002037671850582373;89:0.0010896588576015664;89:0.0010896588576015664;89:0.0014282207872109431;89:0.0014282207872109431,69:68.0;69:68.0;69:68.0;69:68.0;89:68.0;89:68.0;89:68.0;89:68.0,69:0.0009701844400379356;69:0.0009701844400379356;69:0.0012186907795095625;69:0.0012186907795095625;89:0.0012602867072945;89:0.0012602867072945;89:0.0012930693558352857;89:0.0012930693558352857,0.003173828125,Yes
79,199.0512966117833,276.43176281954396,0.0030517578125,0.004150390625,0.001953125,2584.0,0.00015241854963570075,32.0,0.00015241854963570075,0,0.00015241854963570075,0.00015241854963570075,73:0.0031270841457929355;73:0.0031270841457929355;73:0.0037864486694331456;73:0.0037864486694331456;93:0.0021082494629606763;93:0.0021082494629606763;93:0.005043316704361117;93:0.005043316704361117,73:68.0;73:68.0;73:68.0;73:68.0;93:68.0;93:68.0;93:68.0;93:68.0,73:0.0036572336392075577;73:0.0036572336392075577;73:0.002804253355772446;73:0.002804253355772446;93:0.002795586153064411;93:0.002795586153064411;93:0.0013883027213722199;93:0.0013883027213722199,0.0030517578125,Yes
80,254.98117802392701,330.4908177233711,0.05615234375,0.103271484375,0.009033203125,2584.0,0.00015682295861056336,32.0,0.00015682295861056336,0,0.00015682295861056336,0.00015682295861056336,81:0.0015409034694118806;81:0.0015409034694118806;81:0.001205957644131811;81:0.001205957644131811,81:68.0;81:68.0;81:68.0;81:68.0,81:0.0020723546339387333;81:0.0020723546339387333;81:0.004813272254581835;81:0.004813272254581835,0.05615234375,Yes
81,167.571247991489,226.92668833747086,0.0028076171875,0.005126953125,0.00048828125,2584.0,0.0002678693196326681,32.0,0.0002678693196326681,0,0.0002678693196326681,0.0002678693196326681,76:0.0012554231187182907;76:0.0012554231187182907;76:0.0014894691006713534;76:0.0014894691006713534;80:0.0015409034694118806;80:0.0015409034694118806;80:0.001205957644131811;80:0.001205957644131811;82:0.001939312996416781;82:0.001939312996416781;82:0.0016606019576392017;82:0.0016606019576392017,76:68.0;76:68.0;76:68.0;76:68.0;80:68.0;80:68.0;80:68.0;80:68.0;82:68.0;82:68.0;82:68.0;82:68.0,76:0.0012422247903443318;76:0.0012422247903443318;76:0.001394327857902583;76:0.001394327857902583;80:0.0020723546339387333;80:0.0020723546339387333;80:0.004813272254581835;80:0.004813272254581835;82:0.0017292776319333125;82:0.0017292776319333125;82:0.0022693464468621083;82:0.0022693464468621083,0.0028076171875,Yes
82,194.99000451704757,265.0567682908437,0.0203857421875,0.017578125,0.023193359375,2584.0,0.000451986071458335,32.0,0.000451986071458335,0,0.000451986071458335,0.000451986071458335,81:0.001939312996416781;81:0.001939312996416781;81:0.0016606019576392017;81:0.0016606019576392017;83:0.0016656063022705558;83:0.0016656063022705558;83:0.00220212384183191;83:0.00220212384183191,81:68.0;81:68.0;81:68.0;81:68.0;83:68.0;83:68.0;83:68.0;83:68.0,81:0.0017292776319333125;81:0.0017292776319333125;81:0.0022693464468621083;81:0.0022693464468621083;83:0.002725859588952384;83:0.002725859588952384;83:0.001556407190337783;83:0.001556407190337783,0.0203857421875,Yes
83,145.0653806620142,163.75929620343493,0.0032958984375,0.006103515625,0.00048828125,2584.0,0.0002944253944899361,32.0,0.0002944253944899361,0,0.0002944253944899361,0.0002944253944899361,82:0.0016656063022705558;82:0.0016656063022705558;82:0.00220212384183191;82:0.00220212384183191;84:0.002239228901969592;84:0.002239228901969592;84:0.0026412595334157907;84:0.0026412595334157907;96:0.002772371246792915;96:0.002772371246792915;96:0.002328575194167626;96:0.002328575194167626,82:68.0;82:68.0;82:68.0;82:68.0;84:68.0;84:68.0;84:68.0;84:68.0;96:68.0;96:68.0;96:68.0;96:68.0,82:0.002725859588952384;82:0.002725859588952384;82:0.001556407190337783;82:0.001556407190337783;84:0.0018369548264456637;84:0.0018369548264456637;84:0.0032943714193962026;84:0.0032943714193962026;96:0.0017630603576480885;96:0.0017630603576480885;96:0.0016118395443767142;96:0.0016118395443767142,0.0032958984375,Yes
84,62.699969844657495,94.16102040117359,0.0059814453125,0.011962890625,0,2584.0,0.00028573371434139575,32.0,0.00028573371434139575,0,0.00028573371434139575,0.00028573371434139575,83:0.002239228901969592;83:0.002239228901969592;83:0.0026412595334157907;83:0.0026412595334157907;85:0.004241304425224385;85:0.004241304425224385;85:0.005266047486516379;85:0.005266047486516379,83:68.0;83:68.0;83:68.0;83:68.0;85:68.0;85:68.0;85:68.0;85:68.0,83:0.0018369548264456637;83:0.0018369548264456637;83:0.0032943714193962026;83:0.0032943714193962026;85:0.0025745881299339968;85:0.0025745881299339968;85:0.003647251024075121;85:0.003647251024075121,0.0059814453125,Yes
85,240.60606515600503,242.359606500844,0.003662109375,0.00537109375,0.001953125,2584.0,0.00023305072397526206,32.0,0.00023305072397526206,0,0.00023305072397526206,0.00023305072397526206,77:0.0016265139732153655;77:0.0016265139732153655;77:0.01338055980631378;77:0.01338055980631378;84:0.004241304425224385;84:0.004241304425224385;84:0.005266047486516379;84:0.005266047486516379;86:0.009534254139698328;86:0.009534254139698328;86:0.013792015051451528;86:0.013792015051451528,77:68.0;77:68.0;77:68.0;77:68.0;84:68.0;84:68.0;84:68.0;84:68.0;86:68.0;86:68.0;86:68.0;86:68.0,77:0.0015865096927256406;77:0.0015865096927256406;77:0.002160867985140008;77:0.002160867985140008;84:0.0025745881299339968;84:0.0025745881299339968;84:0.003647251024075121;84:0.003647251024075121;86:0.0027196064658991936;86:0.0027196064658991936;86:0.0038706887740081186;86:0.0038706887740081186,0.003662109375,Yes
86,294.46725964921916,246.92901704894203,0.0228271484375,0.010498046875,0.03515625,2584.0,0.00015735116441517187,32.0,0.00015735116441517187,0,0.00015735116441517187,0.00015735116441517187,85:0.009534254139698328;85:0.009534254139698328;85:0.013792015051451528;85:0.013792015051451528;87:0.0074599227982534155;87:0.0074599227982534155;87:0.006511154370492711;87:0.006511154370492711,85:68.0;85:68.0;85:68.0;85:68.0;87:68.0;87:68.0;87:68.0;87:68.0,85:0.0027196064658991936;85:0.0027196064658991936;85:0.0038706887740081186;85:0.0038706887740081186;87:0.01151722655546833;87:0.01151722655546833;87:0.011684033467331961;87:0.011684033467331961,0.0228271484375,Yes
87,334.2521997803185,340.372798346,0.0369873046875,0.071044921875,0.0029296875,2584.0,0.0002283019585940155,32.0,0.0002283019585940155,0,0.0002283019585940155,0.0002283019585940155,86:0.0074599227982534155;86:0.0074599227982534155;86:0.006511154370492711;86:0.006511154370492711;88:0.0017899666624986432;88:0.0017899666624986432;88:0.0009910593689657077;88:0.0009910593689657077;97:0.0016562698938091258;97:0.0016562698938091258;97:0.004035566127511325;97:0.004035566127511325,86:68.0;86:68.0;86:68.0;86:68.0;88:68.0;88:68.0;88:68.0;88:68.0;97:68.0;97:68.0;97:68.0;97:68.0,86:0.01151722655546833;86:0.01151722655546833;86:0.011684033467331961;86:0.011684033467331961;88:0.003326266546447354;88:0.003326266546447354;88:0.0009198812798134337;88:0.0009198812798134337;97:0.0013990949138081021;97:0.0013990949138081021;97:0.0013044851015841519;97:0.0013044851015841519,0.0369873046875,Yes
88,238.49471369174682,449.63810179056804,0.0079345703125,0.012939453125,0.0029296875,2584.0,0.000760547995785417,32.0,0.000760547995785417,0,0.000760547995785417,0.000760547995785417,87:0.0017899666624986432;87:0.0017899666624986432;87:0.0009910593689657077;87:0.0009910593689657077;89:0.0013242309925203255;89:0.0013242309925203255;89:0.0015464990171495385;89:0.0015464990171495385,87:68.0;87:68.0;87:68.0;87:68.0;89:68.0;89:68.0;89:68.0;89:68.0,87:0.003326266546447354;87:0.003326266546447354;87:0.0009198812798134337;87:0.0009198812798134337;89:0.0028022348569849143;89:0.0028022348569849143;89:0.0009058823775672797;89:0.0009058823775672797,0.0079345703125,Yes
89,265.6347869479436,317.65759487536843,0.004638671875,0.006103515625,0.003173828125,2584.0,0.00010810015567596826,32.0,0.00010810015567596826,0,0.00010810015567596826,0.00010810015567596826,78:0.0010896588576015664;78:0.0010896588576015664;78:0.0014282207872109431;78:0.0014282207872109431;88:0.0013242309925203255;88:0.0013242309925203255;88:0.0015464990171495385;88:0.0015464990171495385;90:0.0008376028075772757;90:0.0008376028075772757;90:0.0013867747572250122;90:0.0013867747572250122,78:68.0;78:68.0;78:68.0;78:68.0;88:68.0;88:68.0;88:68.0;88:68.0;90:68.0;90:68.0;90:68.0;90:68.0,78:0.0012602867072945;78:0.0012602867072945;78:0.0012930693558352857;78:0.0012930693558352857;88:0.0028022348569849143;88:0.0028022348569849143;88:0.0009058823775672797;88:0.0009058823775672797;90:0.0013871659429046113;90:0.0013871659429046113;90:0.0008980762372523821;90:0.0008980762372523821,0.004638671875,Yes
90,190.59186593216722,222.25736426599906,0.003662109375,0.00537109375,0.001953125,2584.0,8.389706121980524e-05,32.0,8.389706121980524e-05,0,8.389706121980524e-05,8.389706121980524e-05,89:0.0008376028075772757;89:0.0008376028075772757;89:0.0013867747572250122;89:0.0013867747572250122;91:0.002233675092241899;91:0.002233675092241899;91:0.004336138995473776;91:0.004336138995473776,89:68.0;89:68.0;89:68.0;89:68.0;91:68.0;91:68.0;91:68.0;91:68.0,89:0.0013871659429046113;89:0.0013871659429046113;89:0.0008980762372523821;89:0.0008980762372523821;91:0.004886715713054074;91:0.004886715713054074;91:0.00416466160916712;91:0.00416466160916712,0.003662109375,Yes
91,267.3230851755096,427.71159849670727,0.012451171875,0.02099609375,0.00390625,2584.0,0.00018929658255956709,32.0,0.00018929658255956709,0,0.00018929658255956709,0.00018929658255956709,90:0.002233675092241899;90:0.002233675092241899;90:0.004336138995473776;90:0.004336138995473776;92:0.0011630217595410275;92:0.0011630217595410275;92:0.0016172319692416004;92:0.0016172319692416004;98:0.0013385215655693228;98:0.0013385215655693228;98:0.0016936026174669272;98:0.0016936026174669272,90:68.0;90:68.0;90:68.0;90:68.0;92:108.0;92:108.0;92:108.0;92:108.0;98:208.0;98:208.0;98:208.0;98:208.0,90:0.004886715713054074;90:0.004886715713054074;90:0.00416466160916712;90:0.00416466160916712;92:0.012423598670814856;92:0.012423598670814856;92:0.013001196491410516;92:0.013001196491410516;98:0.09869643003378364;98:0.09869643003378364;98:0.08412232847613826;98:0.08412232847613826,0.012451171875,Yes
92,197.18790032172026,197.2051985498146,0.012451171875,0.01220703125,0.0126953125,2584.0,0.00013446098964965436,32.0,0.00013446098964965436,0,0.00013446098964965436,0.00013446098964965436,91:0.0011630217595410275;91:0.0011630217595410275;91:0.0016172319692416004;91:0.0016172319692416004;93:0.010320144244565871;93:0.010320144244565871;93:0.0025627170992562065;93:0.0025627170992562065,91:108.0;91:108.0;91:108.0;91:108.0;93:68.0;93:68.0;93:68.0;93:68.0,91:0.012423598670814856;91:0.012423598670814856;91:0.013001196491410516;91:0.013001196491410516;93:0.010429891984215317;93:0.010429891984215317;93:0.0013575431873873167;93:0.0013575431873873167,0.012451171875,Yes
93,227.32538059442825,172.62688287602631,0.003662109375,0.004150390625,0.003173828125,2584.0,0.0007862294286472887,32.0,0.0007862294286472887,0,0.0007862294286472887,0.0007862294286472887,79:0.0021082494629606763;79:0.0021082494629606763;79:0.005043316704361117;79:0.005043316704361117;92:0.010320144244565871;92:0.010320144244565871;92:0.0025627170992562065;92:0.0025627170992562065;94:0.0016974568045026173;94:0.0016974568045026173;94:0.0049951221543301505;94:0.0049951221543301505,79:68.0;79:68.0;79:68.0;79:68.0;92:68.0;92:68.0;92:68.0;92:68.0;94:68.0;94:68.0;94:68.0;94:68.0,79:0.002795586153064411;79:0.002795586153064411;79:0.0013883027213722199;79:0.0013883027213722199;92:0.010429891984215317;92:0.010429891984215317;92:0.0013575431873873167;92:0.0013575431873873167;94:0.0021601726812100763;94:0.0021601726812100763;94:0.002634958818946209;94:0.002634958818946209,0.003662109375,Yes
94,246.43750796055969,250.7263005589731,0.00390625,0.004638671875,0.003173828125,2584.0,0.00017426403956509841,32.0,0.00017426403956509841,0,0.00017426403956509841,0.00017426403956509841,93:0.0016974568045026173;93:0.0016974568045026173;93:0.0049951221543301505;93:0.0049951221543301505;95:0.001936236211950243;95:0.001936236211950243;95:0.0021408022807902494;95:0.0021408022807902494,93:68.0;93:68.0;93:68.0;93:68.0;95:68.0;95:68.0;95:68.0;95:68.0,93:0.0021601726812100763;93:0.0021601726812100763;93:0.002634958818946209;93:0.002634958818946209;95:0.002577606027007906;95:0.002577606027007906;95:0.0026851167487600136;95:0.0026851167487600136,0.00390625,Yes
95,287.2658696743367,261.3147768627334,0.0045166015625,0.0205078125,0.003173828125,2584.0,0.0001388472048344091,32.0,0.0001388472048344091,0,0.0001388472048344091,0.0001388472048344091,94:0.001936236211950243;94:0.001936236211950243;94:0.0021408022807902494;94:0.0021408022807902494;99:0.001107440650877728;99:0.001107440650877728;99:0.0011271990526497688;99:0.0011271990526497688,94:68.0;94:68.0;94:68.0;94:68.0;99:68.0;99:68.0;99:68.0;99:68.0,94:0.002577606027007906;94:0.002577606027007906;94:0.0026851167487600136;94:0.0026851167487600136;99:0.0012313793668558004;99:0.0012313793668558004;99:0.0009943094851241618;99:0.0009943094851241618,0.0045166015625,Yes
96,260.4133159000678,432.5502769296784,0.0064697265625,0.011962890625,0.0009765625,2584.0,0.00022880277290902724,32.0,0.00022880277290902724,0,0.00022880277290902724,0.00022880277290902724,83:0.002772371246792915;83:0.002772371246792915;83:0.002328575194167626;83:0.002328575194167626;103:0.0022486423750564533;103:0.0022486423750564533;103:0.004368268630734112;103:0.004368268630734112,83:68.0;83:68.0;83:68.0;83:68.0;103:68.0;103:68.0;103:68.0;103:68.0,83:0.0017630603576480885;83:0.0017630603576480885;83:0.0016118395443767142;83:0.0016118395443767142;103:0.0039761630015268945;103:0.0039761630015268945;103:0.0012314907003766196;103:0.0012314907003766196,0.0064697265625,Yes
97,245.2017796542057,360.9566631232731,0.0029296875,0.005126953125,0.000732421875,2584.0,0.00030922213673671966,32.0,0.00030922213673671966,0,0.00030922213673671966,0.00030922213673671966,87:0.0016562698938091258;87:0.0016562698938091258;87:0.004035566127511325;87:0.004035566127511325;107:0.0021450898165517596;107:0.0021450898165517596;107:0.0027368166258390225;107:0.0027368166258390225,87:68.0;87:68.0;87:68.0;87:68.0;107:68.0;107:68.0;107:68.0;107:68.0,87:0.0013990949138081021;87:0.0013990949138081021;87:0.0013044851015841519;87:0.0013044851015841519;107:0.0026019736684540495;107:0.0026019736684540495;107:0.0016623489276740844;107:0.0016623489276740844,0.0029296875,Yes
98,270.7680505620118,475.3534447464582,0.003173828125,0.004150390625,0.002197265625,2584.0,0.00019888347566811851,32.0,0.00019888347566811851,0,0.00019888347566811851,0.00019888347566811851,91:0.0013385215655693228;91:0.0013385215655693228;91:0.0016936026174669272;91:0.0016936026174669272;111:0.0015872572857109912;111:0.0015872572857109912;111:0.0021644969530779934;111:0.0021644969530779934,91:208.0;91:208.0;91:208.0;91:208.0;111:68.0;111:68.0;111:68.0;111:68.0,91:0.09869643003378364;91:0.09869643003378364;91:0.08412232847613826;91:0.08412232847613826;111:0.0012977750153147782;111:0.0012977750153147782;111:0.001764880231012761;111:0.001764880231012761,0.003173828125,Yes
99,177.92994195583088,228.87820328814513,0.0048828125,0.00732421875,0.00244140625,2584.0,0.00030478367439940474,32.0,0.00030478367439940474,0,0.00030478367439940474,0.00030478367439940474,95:0.001107440650877728;95:0.001107440650877728;95:0.0011271990526497688;95:0.0011271990526497688;115:0.011249152704724569;115:0.011249152704724569;115:0.01524726686782607;115:0.01524726686782607,95:68.0;95:68.0;95:68.0;95:68.0;115:68.0;115:68.0;115:68.0;115:68.0,95:0.0012313793668558004;95:0.0012313793668558004;95:0.0009943094851241618;95:0.0009943094851241618;115:0.022073440283179036;115:0.022073440283179036;115:0.016389284833213003;115:0.016389284833213003,0.0048828125,Yes
100,214.28572347980716,286.39093419123867,0.0037841796875,0.00732421875,0.000244140625,2584.0,0.0001481690743583402,32.0,0.0001481690743583402,0,0.0001481690743583402,0.0001481690743583402,101:0.0009502200192538779;101:0.0009502200192538779;101:0.0008721460978478035;101:0.0008721460978478035,101:68.0;101:68.0;101:68.0;101:68.0,101:0.0007744735222558474;101:0.0007744735222558474;101:0.0009911579815805316;101:0.0009911579815805316,0.0037841796875,Yes
101,297.1597212116198,331.7477699749771,0.0028076171875,0.003662109375,0.001953125,2584.0,7.303092760467443e-05,32.0,7.303092760467443e-05,0,7.303092760467443e-05,7.303092760467443e-05,100:0.0009502200192538779;100:0.0009502200192538779;100:0.0008721460978478035;100:0.0008721460978478035;102:0.000957141975260839;102:0.000957141975260839;102:0.001894774270287336;102:0.001894774270287336;116:0.0012255398388369143;116:0.0012255398388369143;116:0.0008359100972408773;116:0.0008359100972408773,100:68.0;100:68.0;100:68.0;100:68.0;102:68.0;102:68.0;102:68.0;102:68.0;116:68.0;116:68.0;116:68.0;116:68.0,100:0.0007744735222558474;100:0.0007744735222558474;100:0.0009911579815805316;100:0.0009911579815805316;102:0.0013834617768390678;102:0.0013834617768390678;102:0.0008755411673262714;102:0.0008755411673262714;116:0.0016870761301219506;116:0.0016870761301219506;116:0.0014072282662762892;116:0.0014072282662762892,0.0028076171875,Yes
102,257.8092380557509,320.20088553599254,0.0035400390625,0.006103515625,0.0009765625,2584.0,0.00012508918534984351,32.0,0.00012508918534984351,0,0.00012508918534984351,0.00012508918534984351,101:0.000957141975260839;101:0.000957141975260839;101:0.001894774270287336;101:0.001894774270287336;103:0.0025962992006582364;103:0.0025962992006582364;103:0.0021266523600015075;103:0.0021266523600015075,101:68.0;101:68.0;101:68.0;101:68.0;103:68.0;103:68.0;103:68.0;103:68.0,101:0.0013834617768390678;101:0.0013834617768390678;101:0.0008755411673262714;101:0.0008755411673262714;103:0.0012731620735043636;103:0.0012731620735043636;103:0.001615503363688986;103:0.001615503363688986,0.0035400390625,Yes
103,377.7226252403522,538.2913089881791,0.2203369140625,0.120361328125,0.3203125,2584.0,0.000150019467180599,32.0,0.000150019467180599,0,0.000150019467180599,0.000150019467180599,96:0.0022486423750564533;96:0.0022486423750564533;96:0.004368268630734112;96:0.004368268630734112;102:0.0025962992006582364;102:0.0025962992006582364;102:0.0021266523600015075;102:0.0021266523600015075;104:0.0010802811001414114;104:0.0010802811001414114;104:0.000810389765985714;104:0.000810389765985714,96:68.0;96:68.0;96:68.0;96:68.0;102:68.0;102:68.0;102:68.0;102:68.0;104:68.0;104:68.0;104:68.0;104:68.0,96:0.0039761630015268945;96:0.0039761630015268945;96:0.0012314907003766196;96:0.0012314907003766196;102:0.0012731620735043636;102:0.0012731620735043636;102:0.001615503363688986;102:0.001615503363688986;104:0.0012470461530276755;104:0.0012470461530276755;104:0.0010014534831510602;104:0.0010014534831510602,0.2203369140625,Yes
104,242.801168933868,373.7748736490138,0.0054931640625,0.009521484375,0.00146484375,2584.0,0.0002146192069037591,32.0,0.0002146192069037591,0,0.0002146192069037591,0.0002146192069037591,103:0.0010802811001414114;103:0.0010802811001414114;103:0.000810389765985714;103:0.000810389765985714;105:0.0011112900709184526;105:0.0011112900709184526;105:0.0013987365589085976;105:0.0013987365589085976,103:68.0;103:68.0;103:68.0;103:68.0;105:68.0;105:68.0;105:68.0;105:68.0,103:0.0012470461530276755;103:0.0012470461530276755;103:0.0010014534831510602;103:0.0010014534831510602;105:0.000998124969175368;105:0.000998124969175368;105:0.0018683687261978055;105:0.0018683687261978055,0.0054931640625,Yes
105,276.51979128998,247.62309532029477,0.0042724609375,0.007080078125,0.00146484375,2584.0,0.00010295962753165372,32.0,0.00010295962753165372,0,0.00010295962753165372,0.00010295962753165372,104:0.0011112900709184526;104:0.0011112900709184526;104:0.0013987365589085976;104:0.0013987365589085976;106:0.0017725276234236698;106:0.0017725276234236698;106:0.009616086608503799;106:0.009616086608503799;117:0.0011597967517607;117:0.0011597967517607;117:0.001637207470253893;117:0.001637207470253893,104:68.0;104:68.0;104:68.0;104:68.0;106:92.0;106:92.0;106:92.0;106:92.0;117:68.0;117:68.0;117:68.0;117:68.0,104:0.000998124969175368;104:0.000998124969175368;104:0.0018683687261978055;104:0.0018683687261978055;106:0.0021201683312812303;106:0.0021201683312812303;106:0.004167591112939684;106:0.004167591112939684;117:0.0017092897877796775;117:0.0017092897877796775;117:0.00289575238999229;117:0.00289575238999229,0.0042724609375,Yes
106,165.4105399578472,180.32665351141833,0.0101318359375,0.010498046875,0.009765625,2584.0,0.00021419380361692143,32.0,0.00021419380361692143,0,0.00021419380361692143,0.00021419380361692143,105:0.0017725276234236698;105:0.0017725276234236698;105:0.009616086608503799;105:0.009616086608503799;107:0.0023062455137147775;107:0.0023062455137147775;107:0.0030976329268674885;107:0.0030976329268674885,105:92.0;105:92.0;105:92.0;105:92.0;107:68.0;107:68.0;107:68.0;107:68.0,105:0.0021201683312812303;105:0.0021201683312812303;105:0.004167591112939684;105:0.004167591112939684;107:0.0022114341580532215;107:0.0022114341580532215;107:0.0019933028505196293;107:0.0019933028505196293,0.0101318359375,Yes
107,214.3020733468773,217.12363932906646,0.0032958984375,0.005126953125,0.00146484375,2584.0,0.00023867116516859845,32.0,0.00023867116516859845,0,0.00023867116516859845,0.00023867116516859845,97:0.0021450898165517596;97:0.0021450898165517596;97:0.0027368166258390225;97:0.0027368166258390225;106:0.0023062455137147775;106:0.0023062455137147775;106:0.0030976329268674885;106:0.0030976329268674885;108:0.0010681913590444292;108:0.0010681913590444292;108:0.0010385108593939096;108:0.0010385108593939096,97:68.0;97:68.0;97:68.0;97:68.0;106:68.0;106:68.0;106:68.0;106:68.0;108:68.0;108:68.0;108:68.0;108:68.0,97:0.0026019736684540495;97:0.0026019736684540495;97:0.0016623489276740844;97:0.0016623489276740844;106:0.0022114341580532215;106:0.0022114341580532215;106:0.0019933028505196293;106:0.0019933028505196293;108:0.0013051503302440592;108:0.0013051503302440592;108:0.0009746087898815092;108:0.0009746087898815092,0.0032958984375,Yes
108,225.08208586752573,157.1564038978192,0.0047607421875,0.00341796875,0.006103515625,2584.0,0.00021215435402432512,32.0,0.00021215435402432512,0,0.00021215435402432512,0.00021215435402432512,107:0.0010681913590444292;107:0.0010681913590444292;107:0.0010385108593939096;107:0.0010385108593939096;109:0.001161473461823409;109:0.001161473461823409;109:0.0012824536029985012;109:0.0012824536029985012,107:68.0;107:68.0;107:68.0;107:68.0;109:68.0;109:68.0;109:68.0;109:68.0,107:0.0013051503302440592;107:0.0013051503302440592;107:0.0009746087898815092;107:0.0009746087898815092;109:0.0012002725703980366;109:0.0012002725703980366;109:0.0010089133356987467;109:0.0010089133356987467,0.0047607421875,Yes
109,167.08995529790448,193.84054930581928,0.0086669921875,0.014404296875,0.0029296875,2584.0,0.0002839592732175174,32.0,0.0002839592732175174,0,0.0002839592732175174,0.0002839592732175174,108:0.001161473461823409;108:0.001161473461823409;108:0.0012824536029985012;108:0.0012824536029985012;110:0.0022067847396669282;110:0.0022067847396669282;110:0.001368681280724704;110:0.001368681280724704;118:0.0011294578868433769;118:0.0011294578868433769;118:0.001152976463889649;118:0.001152976463889649,108:68.0;108:68.0;108:68.0;108:68.0;110:68.0;110:68.0;110:68.0;110:68.0;118:68.0;118:68.0;118:68.0;118:68.0,108:0.0012002725703980366;108:0.0012002725703980366;108:0.0010089133356987467;108:0.0010089133356987467;110:0.0014836621097094327;110:0.0014836621097094327;110:0.0015567717621812471;110:0.0015567717621812471;118:0.001280515978145269;118:0.001280515978145269;118:0.0009555880599160238;118:0.0009555880599160238,0.0086669921875,Yes
110,247.21892062718783,317.0539306941923,0.004150390625,0.007568359375,0.000732421875,2584.0,0.00023454085315765993,32.0,0.00023454085315765993,0,0.00023454085315765993,0.00023454085315765993,109:0.0022067847396669282;109:0.0022067847396669282;109:0.001368681280724704;109:0.001368681280724704;111:0.006553864424282768;111:0.006553864424282768;111:0.007251727904286354;111:0.007251727904286354,109:68.0;109:68.0;109:68.0;109:68.0;111:68.0;111:68.0;111:68.0;111:68.0,109:0.0014836621097094327;109:0.0014836621097094327;109:0.0015567717621812471;109:0.0015567717621812471;111:0.0016521524485479666;111:0.0016521524485479666;111:0.0015754685918397404;111:0.0015754685918397404,0.004150390625,Yes
111,300.06498488800503,367.04815821552154,0.0062255859375,0.009765625,0.002685546875,2584.0,7.387979064030556e-05,32.0,7.387979064030556e-05,0,7.387979064030556e-05,7.387979064030556e-05,98:0.0015872572857109912;98:0.0015872572857109912;98:0.0021644969530779934;98:0.0021644969530779934;110:0.006553864424282768;110:0.006553864424282768;110:0.007251727904286354;110:0.007251727904286354;112:0.0010807264729475463;112:0.0010807264729475463;112:0.001488173381211877;112:0.001488173381211877,98:68.0;98:68.0;98:68.0;98:68.0;110:68.0;110:68.0;110:68.0;110:68.0;112:68.0;112:68.0;112:68.0;112:68.0,98:0.0012977750153147782;98:0.0012977750153147782;98:0.001764880231012761;98:0.001764880231012761;110:0.0016521524485479666;110:0.0016521524485479666;110:0.0015754685918397404;110:0.0015754685918397404;112:0.0019712860928337295;112:0.0019712860928337295;112:0.0012304980018744693;112:0.0012304980018744693,0.0062255859375,Yes
112,214.16887965292244,416.3234754042821,0.0037841796875,0.00390625,0.00244140625,2584.0,0.00015037643279960087,32.0,0.00015037643279960087,0,0.00015037643279960087,0.00015037643279960087,111:0.0010807264729475463;111:0.0010807264729475463;111:0.001488173381211877;111:0.001488173381211877;113:0.0010154561721900934;113:0.0010154561721900934;113:0.0016197826654723302;113:0.0016197826654723302,111:68.0;111:68.0;111:68.0;111:68.0;113:68.0;113:68.0;113:68.0;113:68.0,111:0.0019712860928337295;111:0.0019712860928337295;111:0.0012304980018744693;111:0.0012304980018744693;113:0.0027120136137990525;113:0.0027120136137990525;113:0.0008745100559280905;113:0.0008745100559280905,0.0037841796875,Yes
113,250.30143108381645,334.8746634270688,0.00341796875,0.006103515625,0.000732421875,2584.0,0.00015438148196399184,32.0,0.00015438148196399184,0,0.00015438148196399184,0.00015438148196399184,112:0.0010154561721900934;112:0.0010154561721900934;112:0.0016197826654723302;112:0.0016197826654723302;114:0.001128535544495879;114:0.001128535544495879;114:0.002017384027154484;114:0.002017384027154484;119:0.0011320638798758276;119:0.0011320638798758276;119:0.0011325944389957154;119:0.0011325944389957154,112:68.0;112:68.0;112:68.0;112:68.0;114:68.0;114:68.0;114:68.0;114:68.0;119:68.0;119:68.0;119:68.0;119:68.0,112:0.0027120136137990525;112:0.0027120136137990525;112:0.0008745100559280905;112:0.0008745100559280905;114:0.0014909392564506352;114:0.0014909392564506352;114:0.001526728628460955;114:0.001526728628460955;119:0.0029509289687535967;119:0.0029509289687535967;119:0.0008586883013069757;119:0.0008586883013069757,0.00341796875,Yes
114,281.4328017611148,345.93212173740557,0.0037841796875,0.004638671875,0.0029296875,2584.0,0.0002002652663433836,32.0,0.0002002652663433836,0,0.0002002652663433836,0.0002002652663433836,113:0.001128535544495879;113:0.001128535544495879;113:0.002017384027154484;113:0.002017384027154484;115:0.03627052511351522;115:0.03627052511351522;115:0.0414239313365293;115:0.0414239313365293,113:68.0;113:68.0;113:68.0;113:68.0;115:68.0;115:68.0;115:68.0;115:68.0,113:0.0014909392564506352;113:0.0014909392564506352;113:0.001526728628460955;113:0.001526728628460955;115:0.03650840473590947;115:0.03650840473590947;115:0.0316684405864143;115:0.0316684405864143,0.0037841796875,Yes
115,193.96871112285655,339.4823391903943,0.0064697265625,0.0107421875,0.002197265625,2584.0,0.00025234409439096113,32.0,0.00025234409439096113,0,0.00025234409439096113,0.00025234409439096113,99:0.011249152704724569;99:0.011249152704724569;99:0.01524726686782607;99:0.01524726686782607;114:0.03627052511351522;114:0.03627052511351522;114:0.0414239313365293;114:0.0414239313365293,99:68.0;99:68.0;99:68.0;99:68.0;114:68.0;114:68.0;114:68.0;114:68.0,99:0.022073440283179036;99:0.022073440283179036;99:0.016389284833213003;99:0.016389284833213003;114:0.03650840473590947;114:0.03650840473590947;114:0.0316684405864143;114:0.0316684405864143,0.0064697265625,Yes
116,264.65376086386635,303.17854221588925,0.0032958984375,0.005615234375,0.0009765625,2584.0,0.0002985721624315691,32.0,0.0002985721624315691,0,0.0002985721624315691,0.0002985721624315691,101:0.0012255398388369143;101:0.0012255398388369143;101:0.0008359100972408773;101:0.0008359100972408773;121:0.0019333238651795814;121:0.0019333238651795814;121:0.0035210922181312665;121:0.0035210922181312665,101:68.0;101:68.0;101:68.0;101:68.0;121:68.0;121:68.0;121:68.0;121:68.0,101:0.0016870761301219506;101:0.0016870761301219506;101:0.0014072282662762892;101:0.0014072282662762892;121:0.0012447823145532444;121:0.0012447823145532444;121:0.0013118507534077006;121:0.0013118507534077006,0.0032958984375,Yes
117,219.06104945868847,275.03733697183037,0.0032958984375,0.004150390625,0.00244140625,2584.0,0.0002771955762120137,32.0,0.0002771955762120137,0,0.0002771955762120137,0.0002771955762120137,105:0.0011597967517607;105:0.0011597967517607;105:0.001637207470253893;105:0.001637207470253893;125:0.0010371492637801516;125:0.0010371492637801516;125:0.0008112619958259015;125:0.0008112619958259015,105:68.0;105:68.0;105:68.0;105:68.0;125:68.0;125:68.0;125:68.0;125:68.0,105:0.0017092897877796775;105:0.0017092897877796775;105:0.00289575238999229;105:0.00289575238999229;125:0.0013000524912824274;125:0.0013000524912824274;125:0.0008687958580360644;125:0.0008687958580360644,0.0032958984375,Yes
118,287.55442086373876,332.04374889543755,0.0797119140625,0.057861328125,0.1015625,2584.0,0.00016074811514934638,32.0,0.00016074811514934638,0,0.00016074811514934638,0.00016074811514934638,109:0.0011294578868433769;109:0.0011294578868433769;109:0.001152976463889649;109:0.001152976463889649;129:0.0030233776783376576;129:0.0030233776783376576;129:0.006329818609284221;129:0.006329818609284221,109:68.0;109:68.0;109:68.0;109:68.0;129:68.0;129:68.0;129:68.0;129:68.0,109:0.001280515978145269;109:0.001280515978145269;109:0.0009555880599160238;109:0.0009555880599160238;129:0.0012268142797295656;129:0.0012268142797295656;129:0.0033292940226097023;129:0.0033292940226097023,0.0797119140625,Yes
119,281.8407847881694,473.8085289957804,0.003662109375,0.003662109375,0.003662109375,2584.0,0.00019579946797153446,32.0,0.00019579946797153446,0,0.00019579946797153446,0.00019579946797153446,113:0.0011320638798758276;113:0.0011320638798758276;113:0.0011325944389957154;113:0.0011325944389957154;133:0.001563987097648517;133:0.001563987097648517;133:0.005050186877804508;133:0.005050186877804508,113:68.0;113:68.0;113:68.0;113:68.0;133:68.0;133:68.0;133:68.0;133:68.0,113:0.0029509289687535967;113:0.0029509289687535967;113:0.0008586883013069757;113:0.0008586883013069757;133:0.0010996682634536459;133:0.0010996682634536459;133:0.0016307743028894095;133:0.0016307743028894095,0.003662109375,Yes
120,222.39199666914763,353.720222287708,0.0048828125,0.0087890625,0.0009765625,2584.0,0.00041456948931992485,32.0,0.00041456948931992485,0,0.00041456948931992485,0.00041456948931992485,121:0.0029769761122004634;121:0.0029769761122004634;121:0.0009844124691654743;121:0.0009844124691654743,121:68.0;121:68.0;121:68.0;121:68.0,121:0.0016467115927416565;121:0.0016467115927416565;121:0.0010425323275916887;121:0.0010425323275916887,0.0048828125,Yes
121,286.32791460694136,277.383591620957,0.01220703125,0.01171875,0.0126953125,2584.0,0.00019105204104266158,32.0,0.00019105204104266158,0,0.00019105204104266158,0.00019105204104266158,116:0.0019333238651795814;116:0.0019333238651795814;116:0.0035210922181312665;116:0.0035210922181312665;120:0.0029769761122004634;120:0.0029769761122004634;120:0.0009844124691654743;120:0.0009844124691654743;122:0.0017482179865618286;122:0.0017482179865618286;122:0.0014872295251889545;122:0.0014872295251889545,116:68.0;116:68.0;116:68.0;116:68.0;120:68.0;120:68.0;120:68.0;120:68.0;122:68.0;122:68.0;122:68.0;122:68.0,116:0.0012447823145532444;116:0.0012447823145532444;116:0.0013118507534077006;116:0.0013118507534077006;120:0.0016467115927416565;120:0.0016467115927416565;120:0.0010425323275916887;120:0.0010425323275916887;122:0.001917566457671771;122:0.001917566457671771;122:0.0022818199689434993;122:0.0022818199689434993,0.01220703125,Yes
122,225.03057817549586,274.4653503649343,0.004638671875,0.00634765625,0.0029296875,2584.0,0.00010947069572709587,32.0,0.00010947069572709587,0,0.00010947069572709587,0.00010947069572709587,121:0.0017482179865618286;121:0.0017482179865618286;121:0.0014872295251889545;121:0.0014872295251889545;123:0.0009639098487279063;123:0.0009639098487279063;123:0.0009251674357635686;123:0.0009251674357635686,121:68.0;121:68.0;121:68.0;121:68.0;123:68.0;123:68.0;123:68.0;123:68.0,121:0.001917566457671771;121:0.001917566457671771;121:0.0022818199689434993;121:0.0022818199689434993;123:0.0016304070374028035;123:0.0016304070374028035;123:0.0013689866547580976;123:0.0013689866547580976,0.004638671875,Yes
123,275.79120597262806,405.15780642984475,0.0078125,0.013671875,0.001953125,2584.0,0.00037219302350367475,32.0,0.00037219302350367475,0,0.00037219302350367475,0.00037219302350367475,122:0.0009639098487279063;122:0.0009639098487279063;122:0.0009251674357635686;122:0.0009251674357635686;124:0.003023086439408018;124:0.003023086439408018;124:0.0028439961758094656;124:0.0028439961758094656;136:0.001231834244679042;136:0.001231834244679042;136:0.0031341964801220867;136:0.0031341964801220867,122:68.0;122:68.0;122:68.0;122:68.0;124:68.0;124:68.0;124:68.0;124:68.0;136:68.0;136:68.0;136:68.0;136:68.0,122:0.0016304070374028035;122:0.0016304070374028035;122:0.0013689866547580976;122:0.0013689866547580976;124:0.007142311292557407;124:0.007142311292557407;124:0.006512632170514315;124:0.006512632170514315;136:0.0009423223506681844;136:0.0009423223506681844;136:0.0010022530660581952;136:0.0010022530660581952,0.0078125,Yes
124,313.6171065669737,260.1672167191258,0.0042724609375,0.005615234375,0.0029296875,2584.0,0.00036004314179854653,32.0,0.00036004314179854653,0,0.00036004314179854653,0.00036004314179854653,123:0.003023086439408018;123:0.003023086439408018;123:0.0028439961758094656;123:0.0028439961758094656;125:0.000909976851403177;125:0.000909976851403177;125:0.0012753849556260688;125:0.0012753849556260688,123:68.0;123:68.0;123:68.0;123:68.0;125:68.0;125:68.0;125:68.0;125:68.0,123:0.007142311292557407;123:0.007142311292557407;123:0.006512632170514315;123:0.006512632170514315;125:0.0020348994315237956;125:0.0020348994315237956;125:0.004661550673883352;125:0.004661550673883352,0.0042724609375,Yes
125,249.13510239876254,226.95402820998223,0.0030517578125,0.005615234375,0.00048828125,2584.0,0.00025962993418031637,32.0,0.00025962993418031637,0,0.00025962993418031637,0.00025962993418031637,117:0.0010371492637801516;117:0.0010371492637801516;117:0.0008112619958259015;117:0.0008112619958259015;124:0.000909976851403177;124:0.000909976851403177;124:0.0012753849556260688;124:0.0012753849556260688;126:0.0015280839572782146;126:0.0015280839572782146;126:0.0016264228252271251;126:0.0016264228252271251,117:68.0;117:68.0;117:68.0;117:68.0;124:68.0;124:68.0;124:68.0;124:68.0;126:68.0;126:68.0;126:68.0;126:68.0,117:0.0013000524912824274;117:0.0013000524912824274;117:0.0008687958580360644;117:0.0008687958580360644;124:0.0020348994315237956;124:0.0020348994315237956;124:0.004661550673883352;124:0.004661550673883352;126:0.0013664906688031775;126:0.0013664906688031775;126:0.0013933203723638377;126:0.0013933203723638377,0.0030517578125,Yes
126,181.11921762249287,166.72980209312811,0.006103515625,0.006103515625,0.006103515625,2584.0,0.00018390550727109736,32.0,0.00018390550727109736,0,0.00018390550727109736,0.00018390550727109736,125:0.0015280839572782146;125:0.0015280839572782146;125:0.0016264228252271251;125:0.0016264228252271251;127:0.0013961174949286559;127:0.0013961174949286559;127:0.001674512974331771;127:0.001674512974331771,125:68.0;125:68.0;125:68.0;125:68.0;127:68.0;127:68.0;127:68.0;127:68.0,125:0.0013664906688031775;125:0.0013664906688031775;125:0.0013933203723638377;125:0.0013933203723638377;127:0.003926462639337297;127:0.003926462639337297;127:0.003830047896144162;127:0.003830047896144162,0.006103515625,Yes
127,231.0385709068278,242.89353210851917,0.0047607421875,0.008056640625,0.00146484375,2584.0,0.00014780085969747484,32.0,0.00014780085969747484,0,0.00014780085969747484,0.00014780085969747484,126:0.0013961174949286559;126:0.0013961174949286559;126:0.001674512974331771;126:0.001674512974331771;128:0.00775201284466942;128:0.00775201284466942;128:0.007055327864187971;128:0.007055327864187971;137:0.0009278359504966693;137:0.0009278359504966693;137:0.00102744255221221;137:0.00102744255221221,126:68.0;126:68.0;126:68.0;126:68.0;128:68.0;128:68.0;128:68.0;128:68.0;137:68.0;137:68.0;137:68.0;137:68.0,126:0.003926462639337297;126:0.003926462639337297;126:0.003830047896144162;126:0.003830047896144162;128:0.008401781141953751;128:0.008401781141953751;128:0.010487408268953002;128:0.010487408268953002;137:0.001098783882886617;137:0.001098783882886617;137:0.0008520829660767781;137:0.0008520829660767781,0.0047607421875,Yes
128,87.00923628609767,97.76987094017188,0.0325927734375,0.0244140625,0.040771484375,2584.0,0.00011115765156507088,32.0,0.00011115765156507088,0,0.00011115765156507088,0.00011115765156507088,127:0.00775201284466942;127:0.00775201284466942;127:0.007055327864187971;127:0.007055327864187971;129:0.0013381767184219018;129:0.0013381767184219018;129:0.0039018462639258122;129:0.0039018462639258122,127:68.0;127:68.0;127:68.0;127:68.0;129:68.0;129:68.0;129:68.0;129:68.0,127:0.008401781141953751;127:0.008401781141953751;127:0.010487408268953002;127:0.010487408268953002;129:0.001308826660353729;129:0.001308826660353729;129:0.0027536966850168765;129:0.0027536966850168765,0.0325927734375,Yes
129,287.11494574545617,222.36009424086203,0.0120849609375,0.005859375,0.00048828125,2584.0,0.000318570654574285,32.0,0.000318570654574285,0,0.000318570654574285,0.000318570654574285,118:0.0030233776783376576;118:0.0030233776783376576;118:0.006329818609284221;118:0.006329818609284221;128:0.0013381767184219018;128:0.0013381767184219018;128:0.0039018462639258122;128:0.0039018462639258122;130:0.0010415565522159387;130:0.0010415565522159387;130:0.002763552884097187;130:0.002763552884097187,118:68.0;118:68.0;118:68.0;118:68.0;128:68.0;128:68.0;128:68.0;128:68.0;130:68.0;130:68.0;130:68.0;130:68.0,118:0.0012268142797295656;118:0.0012268142797295656;118:0.0033292940226097023;118:0.0033292940226097023;128:0.001308826660353729;128:0.001308826660353729;128:0.0027536966850168765;128:0.0027536966850168765;130:0.0020983499368867065;130:0.0020983499368867065;130:0.002612124162965551;130:0.002612124162965551,0.0120849609375,Yes
130,301.833587279266,252.03118139170184,0.00341796875,0.00341796875,0.00341796875,2584.0,0.00012744443641063205,32.0,0.00012744443641063205,0,0.00012744443641063205,0.00012744443641063205,129:0.0010415565522159387;129:0.0010415565522159387;129:0.002763552884097187;129:0.002763552884097187;131:0.0018079542068154264;131:0.0018079542068154264;131:0.0022409558684212683;131:0.0022409558684212683,129:68.0;129:68.0;129:68.0;129:68.0;131:68.0;131:68.0;131:68.0;131:68.0,129:0.0020983499368867065;129:0.0020983499368867065;129:0.002612124162965551;129:0.002612124162965551;131:0.0013154970857123804;131:0.0013154970857123804;131:0.0018743630259761002;131:0.0018743630259761002,0.00341796875,Yes
131,275.46916036814144,302.9658668805195,0.009765625,0.010009765625,0.009521484375,2584.0,0.00020485556904722594,32.0,0.00020485556904722594,0,0.00020485556904722594,0.00020485556904722594,130:0.0018079542068154264;130:0.0018079542068154264;130:0.0022409558684212683;130:0.0022409558684212683;132:0.0009619374340443243;132:0.0009619374340443243;132:0.001165854438829661;132:0.001165854438829661;138:0.0015164572233650753;138:0.0015164572233650753;138:0.001588236893894479;138:0.001588236893894479,130:68.0;130:68.0;130:68.0;130:68.0;132:68.0;132:68.0;132:68.0;132:68.0;138:68.0;138:68.0;138:68.0;138:68.0,130:0.0013154970857123804;130:0.0013154970857123804;130:0.0018743630259761002;130:0.0018743630259761002;132:0.001354363886937826;132:0.001354363886937826;132:0.0017024756123564244;132:0.0017024756123564244;138:0.0014290694998444486;138:0.0014290694998444486;138:0.0020840845321314916;138:0.0020840845321314916,0.009765625,Yes
132,177.390208770521,211.30192069754548,0.0032958984375,0.00537109375,0.001220703125,2584.0,0.000198274521300821,32.0,0.000198274521300821,0,0.000198274521300821,0.000198274521300821,131:0.0009619374340443243;131:0.0009619374340443243;131:0.001165854438829661;131:0.001165854438829661;133:0.0022490885913103997;133:0.0022490885913103997;133:0.001245316618853548;133:0.001245316618853548,131:68.0;131:68.0;131:68.0;131:68.0;133:68.0;133:68.0;133:68.0;133:68.0,131:0.001354363886937826;131:0.001354363886937826;131:0.0017024756123564244;131:0.0017024756123564244;133:0.0009908114635236165;133:0.0009908114635236165;133:0.0011939337590951005;133:0.0011939337590951005,0.0032958984375,Yes
133,255.68870277881578,225.54376863772282,0.0093994140625,0.009033203125,0.009765625,2584.0,0.00013493222147405103,32.0,0.00013493222147405103,0,0.00013493222147405103,0.00013493222147405103,119:0.001563987097648517;119:0.001563987097648517;119:0.005050186877804508;119:0.005050186877804508;132:0.0022490885913103997;132:0.0022490885913103997;132:0.001245316618853548;132:0.001245316618853548;134:0.0011919911928295057;134:0.0011919911928295057;134:0.001582220030959508;134:0.001582220030959508,119:68.0;119:68.0;119:68.0;119:68.0;132:68.0;132:68.0;132:68.0;132:68.0;134:68.0;134:68.0;134:68.0;134:68.0,119:0.0010996682634536459;119:0.0010996682634536459;119:0.0016307743028894095;119:0.0016307743028894095;132:0.0009908114635236165;132:0.0009908114635236165;132:0.0011939337590951005;132:0.0011939337590951005;134:0.0012856279224033318;134:0.0012856279224033318;134:0.0014764564676163494;134:0.0014764564676163494,0.0093994140625,Yes
134,203.93204648666276,183.60147578361642,0.002685546875,0.003173828125,0.002197265625,2584.0,0.00013645025229241305,32.0,0.00013645025229241305,0,0.00013645025229241305,0.00013645025229241305,133:0.0011919911928295057;133:0.0011919911928295057;133:0.001582220030959508;133:0.001582220030959508;135:0.0012113679887633677;135:0.0012113679887633677;135:0.0011637517506027928;135:0.0011637517506027928,133:68.0;133:68.0;133:68.0;133:68.0;135:68.0;135:68.0;135:68.0;135:68.0,133:0.0012856279224033318;133:0.0012856279224033318;133:0.0014764564676163494;133:0.0014764564676163494;135:0.0012645835947761586;135:0.0012645835947761586;135:0.0015690264663282827;135:0.0015690264663282827,0.002685546875,Yes
135,306.1838215683243,296.5709174238673,0.0069580078125,0.009033203125,0.0048828125,2584.0,0.00043125095430444037,32.0,0.00043125095430444037,0,0.00043125095430444037,0.00043125095430444037,134:0.0012113679887633677;134:0.0012113679887633677;134:0.0011637517506027928;134:0.0011637517506027928;139:0.0011763787906195478;139:0.0011763787906195478;139:0.0013699551722865244;139:0.0013699551722865244,134:68.0;134:68.0;134:68.0;134:68.0;139:68.0;139:68.0;139:68.0;139:68.0,134:0.0012645835947761586;134:0.0012645835947761586;134:0.0015690264663282827;134:0.0015690264663282827;139:0.0013957151588037398;139:0.0013957151588037398;139:0.0011598396414716494;139:0.0011598396414716494,0.0069580078125,Yes
136,259.19649397439423,303.61814049110416,0.0028076171875,0.004150390625,0.00146484375,2584.0,8.583927642807539e-05,32.0,8.583927642807539e-05,0,8.583927642807539e-05,8.583927642807539e-05,123:0.001231834244679042;123:0.001231834244679042;123:0.0031341964801220867;123:0.0031341964801220867;143:0.0031525271400391353;143:0.0031525271400391353;143:0.0023292534434254664;143:0.0023292534434254664,123:68.0;123:68.0;123:68.0;123:68.0;143:68.0;143:68.0;143:68.0;143:68.0,123:0.0009423223506681844;123:0.0009423223506681844;123:0.0010022530660581952;123:0.0010022530660581952;143:0.002706908343085207;143:0.002706908343085207;143:0.0050657883962558214;143:0.0050657883962558214,0.0028076171875,Yes
137,195.4040718606866,284.96777741887496,0.0068359375,0.009033203125,0.004638671875,2584.0,0.00022864889859921037,32.0,0.00022864889859921037,0,0.00022864889859921037,0.00022864889859921037,127:0.0009278359504966693;127:0.0009278359504966693;127:0.00102744255221221;127:0.00102744255221221;147:0.008308529430446104;147:0.008308529430446104;147:0.007728754685295991;147:0.007728754685295991,127:68.0;127:68.0;127:68.0;127:68.0;147:68.0;147:68.0;147:68.0;147:68.0,127:0.001098783882886617;127:0.001098783882886617;127:0.0008520829660767781;127:0.0008520829660767781;147:0.004525443823889058;147:0.004525443823889058;147:0.004736534468466169;147:0.004736534468466169,0.0068359375,Yes
138,254.7058374128869,293.6139777311419,0.172607421875,0.328857421875,0.016357421875,2584.0,0.0002941437447827461,32.0,0.0002941437447827461,0,0.0002941437447827461,0.0002941437447827461,131:0.0015164572233650753;131:0.0015164572233650753;131:0.001588236893894479;131:0.001588236893894479;151:0.0012647523353661594;151:0.0012647523353661594;151:0.001154262478100021;151:0.001154262478100021,131:68.0;131:68.0;131:68.0;131:68.0;151:68.0;151:68.0;151:68.0;151:68.0,131:0.0014290694998444486;131:0.0014290694998444486;131:0.0020840845321314916;131:0.0020840845321314916;151:0.001690106136157693;151:0.001690106136157693;151:0.0009593336122886154;151:0.0009593336122886154,0.172607421875,Yes
139,323.89244014544914,358.39936532482665,0.0047607421875,0.004638671875,0.0048828125,2584.0,0.00016844248355632469,32.0,0.00016844248355632469,0,0.00016844248355632469,0.00016844248355632469,135:0.0011763787906195478;135:0.0011763787906195478;135:0.0013699551722865244;135:0.0013699551722865244;155:0.000988012702776958;155:0.000988012702776958;155:0.0012357090216995326;155:0.0012357090216995326,135:68.0;135:68.0;135:68.0;135:68.0;155:68.0;155:68.0;155:68.0;155:68.0,135:0.0013957151588037398;135:0.0013957151588037398;135:0.0011598396414716494;135:0.0011598396414716494;155:0.001237096079267419;155:0.001237096079267419;155:0.0008278030679555737;155:0.0008278030679555737,0.0047607421875,Yes
140,207.09902166164076,341.1446281482931,0.0072021484375,0.01025390625,0.004150390625,2584.0,0.00020010807589619355,32.0,0.00020010807589619355,0,0.00020010807589619355,0.00020010807589619355,141:0.0015543613965621483;141:0.0015543613965621483;141:0.0010123661916656423;141:0.0010123661916656423,141:68.0;141:68.0;141:68.0;141:68.0,141:0.0027255004274780725;141:0.0027255004274780725;141:0.0037589046222304134;141:0.0037589046222304134,0.0072021484375,Yes
141,285.3335879597085,365.69727286335615,0.0057373046875,0.010498046875,0.0009765625,2584.0,0.0001408767182021858,32.0,0.0001408767182021858,0,0.0001408767182021858,0.0001408767182021858,140:0.0015543613965621483;140:0.0015543613965621483;140:0.0010123661916656423;140:0.0010123661916656423;142:0.0011241482591336227;142:0.0011241482591336227;142:0.002095564246587106;142:0.002095564246587106,140:68.0;140:68.0;140:68.0;140:68.0;142:128.0;142:128.0;142:128.0;142:128.0,140:0.0027255004274780725;140:0.0027255004274780725;140:0.0037589046222304134;140:0.0037589046222304134;142:0.008002869186974959;142:0.008002869186974959;142:0.011336788235067174;142:0.011336788235067174,0.0057373046875,Yes
142,222.10715596350641,245.17891634301836,0.0059814453125,0.004150390625,0.0078125,2584.0,0.00015521344078672257,32.0,0.00015521344078672257,0,0.00015521344078672257,0.00015521344078672257,141:0.0011241482591336227;141:0.0011241482591336227;141:0.002095564246587106;141:0.002095564246587106;143:0.0036121933926853145;143:0.0036121933926853145;143:0.0026757820560915913;143:0.0026757820560915913,141:128.0;141:128.0;141:128.0;141:128.0;143:68.0;143:68.0;143:68.0;143:68.0,141:0.008002869186974959;141:0.008002869186974959;141:0.011336788235067174;141:0.011336788235067174;143:0.003599196723362147;143:0.003599196723362147;143:0.0057834264052178674;143:0.0057834264052178674,0.0059814453125,Yes
143,192.32456334492372,78.0216131178087,0.053466796875,0.093017578125,0.013916015625,2584.0,0.0016417781683712527,32.0,0.0016417781683712527,0,0.0016417781683712527,0.0016417781683712527,136:0.0031525271400391353;136:0.0031525271400391353;136:0.0023292534434254664;136:0.0023292534434254664;142:0.0036121933926853145;142:0.0036121933926853145;142:0.0026757820560915913;142:0.0026757820560915913;144:0.003695585967765619;144:0.003695585967765619;144:0.003073599748543876;144:0.003073599748543876,136:68.0;136:68.0;136:68.0;136:68.0;142:68.0;142:68.0;142:68.0;142:68.0;144:68.0;144:68.0;144:68.0;144:68.0,136:0.002706908343085207;136:0.002706908343085207;136:0.0050657883962558214;136:0.0050657883962558214;142:0.003599196723362147;142:0.003599196723362147;142:0.0057834264052178674;142:0.0057834264052178674;144:0.0037090812539239404;144:0.0037090812539239404;144:0.005362561320480019;144:0.005362561320480019,0.053466796875,Yes
144,237.87154595887586,260.48224052112676,0.00341796875,0.006103515625,0.000732421875,2584.0,0.00025307909005842406,32.0,0.00025307909005842406,0,0.00025307909005842406,0.00025307909005842406,143:0.003695585967765619;143:0.003695585967765619;143:0.003073599748543876;143:0.003073599748543876;145:0.0016287552849892084;145:0.0016287552849892084;145:0.0014791688918746326;145:0.0014791688918746326,143:68.0;143:68.0;143:68.0;143:68.0;145:68.0;145:68.0;145:68.0;145:68.0,143:0.0037090812539239404;143:0.0037090812539239404;143:0.005362561320480019;143:0.005362561320480019;145:0.001133885090007114;145:0.001133885090007114;145:0.0012547594198479284;145:0.0012547594198479284,0.00341796875,Yes
145,273.7532224010178,310.8421201904207,0.0084228515625,0.0126953125,0.004150390625,2584.0,0.00021124627817873138,32.0,0.00021124627817873138,0,0.00021124627817873138,0.00021124627817873138,144:0.0016287552849892084;144:0.0016287552849892084;144:0.0014791688918746326;144:0.0014791688918746326;146:1;146:1;146:1.0;146:1.0,144:68.0;144:68.0;144:68.0;144:68.0;146:68.0;146:68.0;146:68.0;146:68.0,144:0.001133885090007114;144:0.001133885090007114;144:0.0012547594198479284;144:0.0012547594198479284;146:1;146:1;146:1.0;146:1.0,0.0084228515625,Yes
146,221.90614630014684,253.32694092030445,0.0074462890625,0.025390625,0.00927734375,2584.0,0.00015359432410574653,32.0,0.00015359432410574653,0,0.00015359432410574653,0.00015359432410574653,145:1;145:1;145:1.0;145:1.0;147:0.0013534918990682487;147:0.0013534918990682487;147:0.0018237810993251558;147:0.0018237810993251558,145:68.0;145:68.0;145:68.0;145:68.0;147:68.0;147:68.0;147:68.0;147:68.0,145:1;145:1;145:1.0;145:1.0;147:0.001724930533362451;147:0.001724930533362451;147:0.0009453436829982564;147:0.0009453436829982564,0.0074462890625,Yes
147,304.8115295817338,204.12974885654384,0.0030517578125,0.005126953125,0.0009765625,2584.0,0.00030059346425169816,32.0,0.00030059346425169816,0,0.00030059346425169816,0.00030059346425169816,137:0.008308529430446104;137:0.008308529430446104;137:0.007728754685295991;137:0.007728754685295991;146:0.0013534918990682487;146:0.0013534918990682487;146:0.0018237810993251558;146:0.0018237810993251558;148:0.0012557483882123799;148:0.0012557483882123799;148:0.0030971968004119554;148:0.0030971968004119554,137:68.0;137:68.0;137:68.0;137:68.0;146:68.0;146:68.0;146:68.0;146:68.0;148:68.0;148:68.0;148:68.0;148:68.0,137:0.004525443823889058;137:0.004525443823889058;137:0.004736534468466169;137:0.004736534468466169;146:0.001724930533362451;146:0.001724930533362451;146:0.0009453436829982564;146:0.0009453436829982564;148:0.0010396476531163157;148:0.0010396476531163157;148:0.0033186798325660627;148:0.0033186798325660627,0.0030517578125,Yes
148,298.374651860895,254.74053747317012,0.00439453125,0.006103515625,0.002685546875,2584.0,7.311551845083621e-05,32.0,7.311551845083621e-05,0,7.311551845083621e-05,7.311551845083621e-05,147:0.0012557483882123799;147:0.0012557483882123799;147:0.0030971968004119554;147:0.0030971968004119554;149:0.0009301502907114734;149:0.0009301502907114734;149:0.00123652702996066;149:0.00123652702996066,147:68.0;147:68.0;147:68.0;147:68.0;149:68.0;149:68.0;149:68.0;149:68.0,147:0.0010396476531163157;147:0.0010396476531163157;147:0.0033186798325660627;147:0.0033186798325660627;149:0.0007022121569383866;149:0.0007022121569383866;149:0.0015363880514665806;149:0.0015363880514665806,0.00439453125,Yes
149,241.1301257701777,306.3891984508387,0.0054931640625,0.008544921875,0.00244140625,2584.0,0.00010009928678841156,32.0,0.00010009928678841156,0,0.00010009928678841156,0.00010009928678841156,148:0.0009301502907114734;148:0.0009301502907114734;148:0.00123652702996066;148:0.00123652702996066;150:0.0007608028009832568;150:0.0007608028009832568;150:0.0008207186105392006;150:0.0008207186105392006,148:68.0;148:68.0;148:68.0;148:68.0;150:68.0;150:68.0;150:68.0;150:68.0,148:0.0007022121569383866;148:0.0007022121569383866;148:0.0015363880514665806;148:0.0015363880514665806;150:0.0008044957987509427;150:0.0008044957987509427;150:0.0008632033204045708;150:0.0008632033204045708,0.0054931640625,Yes
150,272.3708022377301,292.95719101291826,0.0048828125,0.0078125,0.001953125,2584.0,0.0003644932019692502,32.0,0.0003644932019692502,0,0.0003644932019692502,0.0003644932019692502,149:0.0007608028009832568;149:0.0007608028009832568;149:0.0008207186105392006;149:0.0008207186105392006;151:0.0013733988872873526;151:0.0013733988872873526;151:0.0017142904884064336;151:0.0017142904884064336,149:68.0;149:68.0;149:68.0;149:68.0;151:68.0;151:68.0;151:68.0;151:68.0,149:0.0008044957987509427;149:0.0008044957987509427;149:0.0008632033204045708;149:0.0008632033204045708;151:0.0015765827036676172;151:0.0015765827036676172;151:0.0014423828809869699;151:0.0014423828809869699,0.0048828125,Yes
151,315.1661916978442,382.5316291446578,0.003662109375,0.002685546875,0.004638671875,2584.0,0.0001568038636760889,32.0,0.0001568038636760889,0,0.0001568038636760889,0.0001568038636760889,138:0.0012647523353661594;138:0.0012647523353661594;138:0.001154262478100021;138:0.001154262478100021;150:0.0013733988872873526;150:0.0013733988872873526;150:0.0017142904884064336;150:0.0017142904884064336;152:0.000950004275907107;152:0.000950004275907107;152:0.0017097799498380362;152:0.0017097799498380362,138:68.0;138:68.0;138:68.0;138:68.0;150:68.0;150:68.0;150:68.0;150:68.0;152:68.0;152:68.0;152:68.0;152:68.0,138:0.001690106136157693;138:0.001690106136157693;138:0.0009593336122886154;138:0.0009593336122886154;150:0.0015765827036676172;150:0.0015765827036676172;150:0.0014423828809869699;150:0.0014423828809869699;152:0.0008455380421020786;152:0.0008455380421020786;152:0.0010052391107528702;152:0.0010052391107528702,0.003662109375,Yes
152,308.6715842365775,343.047022645489,0.010498046875,0.008544921875,0.012451171875,2584.0,0.0001542523499532329,32.0,0.0001542523499532329,0,0.0001542523499532329,0.0001542523499532329,151:0.000950004275907107;151:0.000950004275907107;151:0.0017097799498380362;151:0.0017097799498380362;153:1;153:1;153:1.0;153:1.0,151:68.0;151:68.0;151:68.0;151:68.0;153:68.0;153:68.0;153:68.0;153:68.0,151:0.0008455380421020786;151:0.0008455380421020786;151:0.0010052391107528702;151:0.0010052391107528702;153:1;153:1;153:1.0;153:1.0,0.010498046875,Yes
153,360.29892244092434,388.9445122698735,0.1278076171875,0.231689453125,0.02392578125,2584.0,0.00013358540378809433,32.0,0.00013358540378809433,0,0.00013358540378809433,0.00013358540378809433,152:1;152:1;152:1.0;152:1.0;154:1;154:1;154:1.0;154:1.0,152:68.0;152:68.0;152:68.0;152:68.0;154:68.0;154:68.0;154:68.0;154:68.0,152:1;152:1;152:1.0;152:1.0;154:1;154:1;154:1.0;154:1.0,0.1278076171875,Yes
154,216.9574072211337,334.1399714962517,0.0098876953125,0.008544921875,0.01123046875,2584.0,0.00015315302542973818,32.0,0.00015315302542973818,0,0.00015315302542973818,0.00015315302542973818,153:1;153:1;153:1.0;153:1.0;155:0.00200922813537463;155:0.00200922813537463;155:0.0016727574125154354;155:0.0016727574125154354,153:68.0;153:68.0;153:68.0;153:68.0;155:68.0;155:68.0;155:68.0;155:68.0,153:1;153:1;153:1.0;153:1.0;155:0.0016832917260241054;155:0.0016832917260241054;155:0.0014330710687475157;155:0.0014330710687475157,0.0098876953125,Yes
155,264.402989119447,332.6007580509691,0.0054931640625,0.00830078125,0.002685546875,2584.0,0.00024351020796192275,32.0,0.00024351020796192275,0,0.00024351020796192275,0.00024351020796192275,139:0.000988012702776958;139:0.000988012702776958;139:0.0012357090216995326;139:0.0012357090216995326;154:0.00200922813537463;154:0.00200922813537463;154:0.0016727574125154354;154:0.0016727574125154354,139:68.0;139:68.0;139:68.0;139:68.0;154:68.0;154:68.0;154:68.0;154:68.0,139:0.001237096079267419;139:0.001237096079267419;139:0.0008278030679555737;139:0.0008278030679555737;154:0.0016832917260241054;154:0.0016832917260241054;154:0.0014330710687475157;154:0.0014330710687475157,0.0054931640625,Yes
