Qubit,T1 (us),T2 (us),Readout assignment error,Prob meas0 prep1,Prob meas1 prep0,Readout length (ns),ID error,Single-qubit gate length (ns),RX error,Z-axis rotation (rz) error,√x (sx) error,Pauli-X error,CZ error,Gate length (ns),RZZ error,MEASURE error,Operational
0,288.07412727104355,451.4293862504539,0.00537109375,0.00927734375,0.00146484375,2180.0,0.0001654943325514319,32.0,0.0001654943325514319,0,0.0001654943325514319,0.0001654943325514319,1:0.0011255888854611873;1:0.0011255888854611873;1:0.0011255888854611873;1:0.0011255888854611873,1:68.0;1:68.0;1:68.0;1:68.0,1:0.003896715482198332;1:0.003896715482198332;1:0.003896715482198332;1:0.003896715482198332,0.00537109375,Yes
1,209.9062720976646,322.67382279923794,0.008056640625,0.0126953125,0.00341796875,2180.0,0.0001313048506038872,32.0,0.0001313048506038872,0,0.0001313048506038872,0.0001313048506038872,0:0.0011255888854611873;0:0.0011255888854611873;0:0.0011255888854611873;0:0.0011255888854611873;2:0.0021687882508052425;2:0.0021687882508052425;2:0.0021687882508052425;2:0.0021687882508052425,0:68.0;0:68.0;0:68.0;0:68.0;2:108.0;2:108.0;2:108.0;2:108.0,0:0.003896715482198332;0:0.003896715482198332;0:0.003896715482198332;0:0.003896715482198332;2:0.14751819889137888;2:0.14751819889137888;2:0.14751819889137888;2:0.14751819889137888,0.008056640625,Yes
2,205.34261819211994,279.7835375802397,0.012451171875,0.015625,0.00927734375,2180.0,0.00014168160537988433,32.0,0.00014168160537988433,0,0.00014168160537988433,0.00014168160537988433,1:0.0021687882508052425;1:0.0021687882508052425;1:0.0021687882508052425;1:0.0021687882508052425;3:0.002344280857603742;3:0.002344280857603742;3:0.002344280857603742;3:0.002344280857603742,1:108.0;1:108.0;1:108.0;1:108.0;3:108.0;3:108.0;3:108.0;3:108.0,1:0.14751819889137888;1:0.14751819889137888;1:0.14751819889137888;1:0.14751819889137888;3:0.002642318998183124;3:0.002642318998183124;3:0.002642318998183124;3:0.002642318998183124,0.012451171875,Yes
3,287.43705912902504,401.7466254394205,0.003662109375,0.005859375,0.00146484375,2180.0,0.0003098312296847854,32.0,0.0003098312296847854,0,0.0003098312296847854,0.0003098312296847854,2:0.002344280857603742;2:0.002344280857603742;2:0.002344280857603742;2:0.002344280857603742;4:0.008876215034204105;4:0.008876215034204105;4:0.008876215034204105;4:0.008876215034204105;16:0.006412650742087855;16:0.006412650742087855;16:0.006412650742087855;16:0.006412650742087855,2:108.0;2:108.0;2:108.0;2:108.0;4:68.0;4:68.0;4:68.0;4:68.0;16:68.0;16:68.0;16:68.0;16:68.0,2:0.002642318998183124;2:0.002642318998183124;2:0.002642318998183124;2:0.002642318998183124;4:0.0030153915110433527;4:0.0030153915110433527;4:0.0030153915110433527;4:0.0030153915110433527;16:0.0011930733348780587;16:0.0011930733348780587;16:0.0011930733348780587;16:0.0011930733348780587,0.003662109375,Yes
4,269.0312949938833,519.4653255069827,0.003662109375,0.0048828125,0.00244140625,2180.0,0.0001137774674650683,32.0,0.0001137774674650683,0,0.0001137774674650683,0.0001137774674650683,3:0.008876215034204105;3:0.008876215034204105;3:0.008876215034204105;3:0.008876215034204105;5:0.002206782157391951;5:0.002206782157391951;5:0.002206782157391951;5:0.002206782157391951,3:68.0;3:68.0;3:68.0;3:68.0;5:68.0;5:68.0;5:68.0;5:68.0,3:0.0030153915110433527;3:0.0030153915110433527;3:0.0030153915110433527;3:0.0030153915110433527;5:0.004411705696407364;5:0.004411705696407364;5:0.004411705696407364;5:0.004411705696407364,0.003662109375,Yes
5,163.76147242979116,222.6271337814726,0.003173828125,0.005859375,0.00048828125,2180.0,0.00012812257009460997,32.0,0.00012812257009460997,0,0.00012812257009460997,0.00012812257009460997,4:0.002206782157391951;4:0.002206782157391951;4:0.002206782157391951;4:0.002206782157391951;6:0.0007854120185106228;6:0.0007854120185106228;6:0.0007854120185106228;6:0.0007854120185106228,4:68.0;4:68.0;4:68.0;4:68.0;6:68.0;6:68.0;6:68.0;6:68.0,4:0.004411705696407364;4:0.004411705696407364;4:0.004411705696407364;4:0.004411705696407364;6:0.0007657006835596059;6:0.0007657006835596059;6:0.0007657006835596059;6:0.0007657006835596059,0.003173828125,Yes
6,273.31926283632174,351.21754008223627,0.010009765625,0.01416015625,0.005859375,2180.0,0.00014517677661665302,32.0,0.00014517677661665302,0,0.00014517677661665302,0.00014517677661665302,5:0.0007854120185106228;5:0.0007854120185106228;5:0.0007854120185106228;5:0.0007854120185106228;7:0.0008186684127160226;7:0.0008186684127160226;7:0.0008186684127160226;7:0.0008186684127160226,5:68.0;5:68.0;5:68.0;5:68.0;7:68.0;7:68.0;7:68.0;7:68.0,5:0.0007657006835596059;5:0.0007657006835596059;5:0.0007657006835596059;5:0.0007657006835596059;7:0.0008390044226791737;7:0.0008390044226791737;7:0.0008390044226791737;7:0.0008390044226791737,0.010009765625,Yes
7,322.43905992687354,383.34557643789935,0.01416015625,0.025390625,0.0029296875,2180.0,0.0002003554020170063,32.0,0.0002003554020170063,0,0.0002003554020170063,0.0002003554020170063,6:0.0008186684127160226;6:0.0008186684127160226;6:0.0008186684127160226;6:0.0008186684127160226;8:0.0017749408886218454;8:0.0017749408886218454;8:0.0017749408886218454;8:0.0017749408886218454;17:0.002434287199920837;17:0.002434287199920837;17:0.002434287199920837;17:0.002434287199920837,6:68.0;6:68.0;6:68.0;6:68.0;8:208.0;8:208.0;8:208.0;8:208.0;17:68.0;17:68.0;17:68.0;17:68.0,6:0.0008390044226791737;6:0.0008390044226791737;6:0.0008390044226791737;6:0.0008390044226791737;8:0.007327347956162689;8:0.007327347956162689;8:0.007327347956162689;8:0.007327347956162689;17:0.0010469476428912328;17:0.0010469476428912328;17:0.0010469476428912328;17:0.0010469476428912328,0.01416015625,Yes
8,303.06143030375387,333.66478898220765,0.005859375,0.00830078125,0.00341796875,2180.0,0.00010220266456553789,32.0,0.00010220266456553789,0,0.00010220266456553789,0.00010220266456553789,7:0.0017749408886218454;7:0.0017749408886218454;7:0.0017749408886218454;7:0.0017749408886218454;9:0.0010570808591583158;9:0.0010570808591583158;9:0.0010570808591583158;9:0.0010570808591583158,7:208.0;7:208.0;7:208.0;7:208.0;9:68.0;9:68.0;9:68.0;9:68.0,7:0.007327347956162689;7:0.007327347956162689;7:0.007327347956162689;7:0.007327347956162689;9:0.0012018332679629706;9:0.0012018332679629706;9:0.0012018332679629706;9:0.0012018332679629706,0.005859375,Yes
9,274.8852139419428,370.73945678727154,0.00341796875,0.0048828125,0.001953125,2180.0,0.00010426958053632611,32.0,0.00010426958053632611,0,0.00010426958053632611,0.00010426958053632611,8:0.0010570808591583158;8:0.0010570808591583158;8:0.0010570808591583158;8:0.0010570808591583158;10:0.0012166599251781096;10:0.0012166599251781096;10:0.0012166599251781096;10:0.0012166599251781096,8:68.0;8:68.0;8:68.0;8:68.0;10:68.0;10:68.0;10:68.0;10:68.0,8:0.0012018332679629706;8:0.0012018332679629706;8:0.0012018332679629706;8:0.0012018332679629706;10:0.003570337167096649;10:0.003570337167096649;10:0.003570337167096649;10:0.003570337167096649,0.00341796875,Yes
10,326.1237220850806,516.8347863006313,0.00537109375,0.00634765625,0.00439453125,2180.0,0.00016480617992580316,32.0,0.00016480617992580316,0,0.00016480617992580316,0.00016480617992580316,9:0.0012166599251781096;9:0.0012166599251781096;9:0.0012166599251781096;9:0.0012166599251781096;11:0.0013953273124559518;11:0.0013953273124559518;11:0.0013953273124559518;11:0.0013953273124559518,9:68.0;9:68.0;9:68.0;9:68.0;11:68.0;11:68.0;11:68.0;11:68.0,9:0.003570337167096649;9:0.003570337167096649;9:0.003570337167096649;9:0.003570337167096649;11:0.0018311446590877634;11:0.0018311446590877634;11:0.0018311446590877634;11:0.0018311446590877634,0.00537109375,Yes
11,273.81924462382597,345.45906047709565,0.00439453125,0.0078125,0.0009765625,2180.0,0.00021327135435533063,32.0,0.00021327135435533063,0,0.00021327135435533063,0.00021327135435533063,10:0.0013953273124559518;10:0.0013953273124559518;10:0.0013953273124559518;10:0.0013953273124559518;12:0.0011185298168697733;12:0.0011185298168697733;12:0.0011185298168697733;12:0.0011185298168697733;18:0.027909484685610914;18:0.027909484685610914;18:0.027909484685610914;18:0.027909484685610914,10:68.0;10:68.0;10:68.0;10:68.0;12:68.0;12:68.0;12:68.0;12:68.0;18:68.0;18:68.0;18:68.0;18:68.0,10:0.0018311446590877634;10:0.0018311446590877634;10:0.0018311446590877634;10:0.0018311446590877634;12:0.0010712861015704234;12:0.0010712861015704234;12:0.0010712861015704234;12:0.0010712861015704234;18:0.014202771131228087;18:0.014202771131228087;18:0.014202771131228087;18:0.014202771131228087,0.00439453125,Yes
12,234.77493599459115,304.8001594652196,0.00146484375,0.00244140625,0.00048828125,2180.0,0.0001476879207514291,32.0,0.0001476879207514291,0,0.0001476879207514291,0.0001476879207514291,11:0.0011185298168697733;11:0.0011185298168697733;11:0.0011185298168697733;11:0.0011185298168697733;13:0.0008450608778060031;13:0.0008450608778060031;13:0.0008450608778060031;13:0.0008450608778060031,11:68.0;11:68.0;11:68.0;11:68.0;13:68.0;13:68.0;13:68.0;13:68.0,11:0.0010712861015704234;11:0.0010712861015704234;11:0.0010712861015704234;11:0.0010712861015704234;13:0.0011866567364440528;13:0.0011866567364440528;13:0.0011866567364440528;13:0.0011866567364440528,0.00146484375,Yes
13,380.19766334107527,469.66326792490963,0.001953125,0.00390625,0,2180.0,0.0005767301169716709,32.0,0.0005767301169716709,0,0.0005767301169716709,0.0005767301169716709,12:0.0008450608778060031;12:0.0008450608778060031;12:0.0008450608778060031;12:0.0008450608778060031;14:0.0011458945925791886;14:0.0011458945925791886;14:0.0011458945925791886;14:0.0011458945925791886,12:68.0;12:68.0;12:68.0;12:68.0;14:68.0;14:68.0;14:68.0;14:68.0,12:0.0011866567364440528;12:0.0011866567364440528;12:0.0011866567364440528;12:0.0011866567364440528;14:0.0010997166778095868;14:0.0010997166778095868;14:0.0010997166778095868;14:0.0010997166778095868,0.001953125,Yes
14,245.6939408448577,295.0330425835555,0.003173828125,0.00537109375,0.0009765625,2180.0,0.00025094287425967196,32.0,0.00025094287425967196,0,0.00025094287425967196,0.00025094287425967196,13:0.0011458945925791886;13:0.0011458945925791886;13:0.0011458945925791886;13:0.0011458945925791886;15:0.0013493078784561074;15:0.0013493078784561074;15:0.0013493078784561074;15:0.0013493078784561074,13:68.0;13:68.0;13:68.0;13:68.0;15:68.0;15:68.0;15:68.0;15:68.0,13:0.0010997166778095868;13:0.0010997166778095868;13:0.0010997166778095868;13:0.0010997166778095868;15:0.0008296563636543963;15:0.0008296563636543963;15:0.0008296563636543963;15:0.0008296563636543963,0.003173828125,Yes
15,161.64964095702746,221.1911865117623,0.005859375,0.01123046875,0.00048828125,2180.0,9.186142795040613e-05,32.0,9.186142795040613e-05,0,9.186142795040613e-05,9.186142795040613e-05,14:0.0013493078784561074;14:0.0013493078784561074;14:0.0013493078784561074;14:0.0013493078784561074;19:0.0021185136099909907;19:0.0021185136099909907;19:0.0021185136099909907;19:0.0021185136099909907,14:68.0;14:68.0;14:68.0;14:68.0;19:68.0;19:68.0;19:68.0;19:68.0,14:0.0008296563636543963;14:0.0008296563636543963;14:0.0008296563636543963;14:0.0008296563636543963;19:0.0009624363361399602;19:0.0009624363361399602;19:0.0009624363361399602;19:0.0009624363361399602,0.005859375,Yes
16,259.948499964939,347.6431884789754,0.006591796875,0.01025390625,0.0029296875,2180.0,0.00020951488108444084,32.0,0.00020951488108444084,0,0.00020951488108444084,0.00020951488108444084,3:0.006412650742087855;3:0.006412650742087855;3:0.006412650742087855;3:0.006412650742087855;23:0.002976583488684015;23:0.002976583488684015;23:0.002976583488684015;23:0.002976583488684015,3:68.0;3:68.0;3:68.0;3:68.0;23:68.0;23:68.0;23:68.0;23:68.0,3:0.0011930733348780587;3:0.0011930733348780587;3:0.0011930733348780587;3:0.0011930733348780587;23:0.0023565123598434656;23:0.0023565123598434656;23:0.0023565123598434656;23:0.0023565123598434656,0.006591796875,Yes
17,138.11321306845463,187.3644524298796,0.00634765625,0.01123046875,0.00146484375,2180.0,0.00020730830340502757,32.0,0.00020730830340502757,0,0.00020730830340502757,0.00020730830340502757,7:0.002434287199920837;7:0.002434287199920837;7:0.002434287199920837;7:0.002434287199920837;27:0.0009751969460805032;27:0.0009751969460805032;27:0.0009751969460805032;27:0.0009751969460805032,7:68.0;7:68.0;7:68.0;7:68.0;27:68.0;27:68.0;27:68.0;27:68.0,7:0.0010469476428912328;7:0.0010469476428912328;7:0.0010469476428912328;7:0.0010469476428912328;27:0.0013230016628439367;27:0.0013230016628439367;27:0.0013230016628439367;27:0.0013230016628439367,0.00634765625,Yes
18,99.78829544254674,177.70925579501758,0.005859375,0.00927734375,0.00244140625,2180.0,0.00018493160794501195,32.0,0.00018493160794501195,0,0.00018493160794501195,0.00018493160794501195,11:0.027909484685610914;11:0.027909484685610914;11:0.027909484685610914;11:0.027909484685610914;31:0.005758620927559022;31:0.005758620927559022;31:0.005758620927559022;31:0.005758620927559022,11:68.0;11:68.0;11:68.0;11:68.0;31:68.0;31:68.0;31:68.0;31:68.0,11:0.014202771131228087;11:0.014202771131228087;11:0.014202771131228087;11:0.014202771131228087;31:0.0027888011182784778;31:0.0027888011182784778;31:0.0027888011182784778;31:0.0027888011182784778,0.005859375,Yes
19,259.53469928942906,425.78532605889717,0.0029296875,0.00341796875,0.00244140625,2180.0,0.00011419277206679077,32.0,0.00011419277206679077,0,0.00011419277206679077,0.00011419277206679077,15:0.0021185136099909907;15:0.0021185136099909907;15:0.0021185136099909907;15:0.0021185136099909907;35:0.0017071294544648563;35:0.0017071294544648563;35:0.0017071294544648563;35:0.0017071294544648563,15:68.0;15:68.0;15:68.0;15:68.0;35:68.0;35:68.0;35:68.0;35:68.0,15:0.0009624363361399602;15:0.0009624363361399602;15:0.0009624363361399602;15:0.0009624363361399602;35:0.0009527082501879225;35:0.0009527082501879225;35:0.0009527082501879225;35:0.0009527082501879225,0.0029296875,Yes
20,135.24854245191435,237.89168884742045,0.00341796875,0.00634765625,0.00048828125,2180.0,0.00019587113137869253,32.0,0.00019587113137869253,0,0.00019587113137869253,0.00019587113137869253,21:0.0013760560666665478;21:0.0013760560666665478;21:0.0013760560666665478;21:0.0013760560666665478,21:68.0;21:68.0;21:68.0;21:68.0,21:0.001545520176674281;21:0.001545520176674281;21:0.001545520176674281;21:0.001545520176674281,0.00341796875,Yes
21,177.62028431614175,224.4991658531701,0.004638671875,0.00732421875,0.001953125,2180.0,0.00019531492645910478,32.0,0.00019531492645910478,0,0.00019531492645910478,0.00019531492645910478,20:0.0013760560666665478;20:0.0013760560666665478;20:0.0013760560666665478;20:0.0013760560666665478;22:0.001307620919549446;22:0.001307620919549446;22:0.001307620919549446;22:0.001307620919549446;36:0.0009786975977569556;36:0.0009786975977569556;36:0.0009786975977569556;36:0.0009786975977569556,20:68.0;20:68.0;20:68.0;20:68.0;22:96.0;22:96.0;22:96.0;22:96.0;36:68.0;36:68.0;36:68.0;36:68.0,20:0.001545520176674281;20:0.001545520176674281;20:0.001545520176674281;20:0.001545520176674281;22:0.001313085886851223;22:0.001313085886851223;22:0.001313085886851223;22:0.001313085886851223;36:0.0007251043250526834;36:0.0007251043250526834;36:0.0007251043250526834;36:0.0007251043250526834,0.004638671875,Yes
22,225.62562833793177,93.09535288638047,0.0048828125,0.0087890625,0.0009765625,2180.0,0.00019004706981625734,32.0,0.00019004706981625734,0,0.00019004706981625734,0.00019004706981625734,21:0.001307620919549446;21:0.001307620919549446;21:0.001307620919549446;21:0.001307620919549446;23:0.00644758921990074;23:0.00644758921990074;23:0.00644758921990074;23:0.00644758921990074,21:96.0;21:96.0;21:96.0;21:96.0;23:68.0;23:68.0;23:68.0;23:68.0,21:0.001313085886851223;21:0.001313085886851223;21:0.001313085886851223;21:0.001313085886851223;23:0.004765937910339052;23:0.004765937910339052;23:0.004765937910339052;23:0.004765937910339052,0.0048828125,Yes
23,175.61417489157492,194.32847977844287,0.004150390625,0.00634765625,0.001953125,2180.0,0.00038311973029510023,32.0,0.00038311973029510023,0,0.00038311973029510023,0.00038311973029510023,16:0.002976583488684015;16:0.002976583488684015;16:0.002976583488684015;16:0.002976583488684015;22:0.00644758921990074;22:0.00644758921990074;22:0.00644758921990074;22:0.00644758921990074;24:0.00594817438137224;24:0.00594817438137224;24:0.00594817438137224;24:0.00594817438137224,16:68.0;16:68.0;16:68.0;16:68.0;22:68.0;22:68.0;22:68.0;22:68.0;24:68.0;24:68.0;24:68.0;24:68.0,16:0.0023565123598434656;16:0.0023565123598434656;16:0.0023565123598434656;16:0.0023565123598434656;22:0.004765937910339052;22:0.004765937910339052;22:0.004765937910339052;22:0.004765937910339052;24:0.0021113927664828946;24:0.0021113927664828946;24:0.0021113927664828946;24:0.0021113927664828946,0.004150390625,Yes
24,189.20911637811642,286.56276644754297,0.003173828125,0.005859375,0.00048828125,2180.0,0.00014500935669311301,32.0,0.00014500935669311301,0,0.00014500935669311301,0.00014500935669311301,23:0.00594817438137224;23:0.00594817438137224;23:0.00594817438137224;23:0.00594817438137224;25:0.0017812250738894198;25:0.0017812250738894198;25:0.0017812250738894198;25:0.0017812250738894198,23:68.0;23:68.0;23:68.0;23:68.0;25:68.0;25:68.0;25:68.0;25:68.0,23:0.0021113927664828946;23:0.0021113927664828946;23:0.0021113927664828946;23:0.0021113927664828946;25:0.0008391480582559396;25:0.0008391480582559396;25:0.0008391480582559396;25:0.0008391480582559396,0.003173828125,Yes
25,291.5298819626549,398.3830947954468,0.001953125,0.0029296875,0.0009765625,2180.0,8.615144951115009e-05,32.0,8.615144951115009e-05,0,8.615144951115009e-05,8.615144951115009e-05,24:0.0017812250738894198;24:0.0017812250738894198;24:0.0017812250738894198;24:0.0017812250738894198;26:0.0015911779653772495;26:0.0015911779653772495;26:0.0015911779653772495;26:0.0015911779653772495;37:0.004531568025126359;37:0.004531568025126359;37:0.004531568025126359;37:0.004531568025126359,24:68.0;24:68.0;24:68.0;24:68.0;26:68.0;26:68.0;26:68.0;26:68.0;37:68.0;37:68.0;37:68.0;37:68.0,24:0.0008391480582559396;24:0.0008391480582559396;24:0.0008391480582559396;24:0.0008391480582559396;26:0.0016440625326184788;26:0.0016440625326184788;26:0.0016440625326184788;26:0.0016440625326184788;37:0.00247917040666798;37:0.00247917040666798;37:0.00247917040666798;37:0.00247917040666798,0.001953125,Yes
26,208.38055465889585,302.32617040679736,0.0078125,0.013671875,0.001953125,2180.0,0.0003266453362033145,32.0,0.0003266453362033145,0,0.0003266453362033145,0.0003266453362033145,25:0.0015911779653772495;25:0.0015911779653772495;25:0.0015911779653772495;25:0.0015911779653772495;27:0.004461238327981815;27:0.004461238327981815;27:0.004461238327981815;27:0.004461238327981815,25:68.0;25:68.0;25:68.0;25:68.0;27:68.0;27:68.0;27:68.0;27:68.0,25:0.0016440625326184788;25:0.0016440625326184788;25:0.0016440625326184788;25:0.0016440625326184788;27:0.0014228800014659537;27:0.0014228800014659537;27:0.0014228800014659537;27:0.0014228800014659537,0.0078125,Yes
27,321.08557767184067,405.9020824192223,0.005859375,0.0068359375,0.0048828125,2180.0,0.00015416950145424595,32.0,0.00015416950145424595,0,0.00015416950145424595,0.00015416950145424595,17:0.0009751969460805032;17:0.0009751969460805032;17:0.0009751969460805032;17:0.0009751969460805032;26:0.004461238327981815;26:0.004461238327981815;26:0.004461238327981815;26:0.004461238327981815;28:0.001334770864249879;28:0.001334770864249879;28:0.001334770864249879;28:0.001334770864249879,17:68.0;17:68.0;17:68.0;17:68.0;26:68.0;26:68.0;26:68.0;26:68.0;28:68.0;28:68.0;28:68.0;28:68.0,17:0.0013230016628439367;17:0.0013230016628439367;17:0.0013230016628439367;17:0.0013230016628439367;26:0.0014228800014659537;26:0.0014228800014659537;26:0.0014228800014659537;26:0.0014228800014659537;28:0.0016159761336208556;28:0.0016159761336208556;28:0.0016159761336208556;28:0.0016159761336208556,0.005859375,Yes
28,253.81877452367604,331.6179637342248,0.019287109375,0.021484375,0.01708984375,2180.0,0.0001300693324731237,32.0,0.0001300693324731237,0,0.0001300693324731237,0.0001300693324731237,27:0.001334770864249879;27:0.001334770864249879;27:0.001334770864249879;27:0.001334770864249879;29:0.004537782193119871;29:0.004537782193119871;29:0.004537782193119871;29:0.004537782193119871,27:68.0;27:68.0;27:68.0;27:68.0;29:68.0;29:68.0;29:68.0;29:68.0,27:0.0016159761336208556;27:0.0016159761336208556;27:0.0016159761336208556;27:0.0016159761336208556;29:0.0034729013865367753;29:0.0034729013865367753;29:0.0034729013865367753;29:0.0034729013865367753,0.019287109375,Yes
29,223.9447923047747,195.13447423967997,0.00439453125,0.00634765625,0.00244140625,2180.0,0.00027894915821795595,32.0,0.00027894915821795595,0,0.00027894915821795595,0.00027894915821795595,28:0.004537782193119871;28:0.004537782193119871;28:0.004537782193119871;28:0.004537782193119871;30:0.004364065630454966;30:0.004364065630454966;30:0.004364065630454966;30:0.004364065630454966;38:0.0016785773046491537;38:0.0016785773046491537;38:0.0016785773046491537;38:0.0016785773046491537,28:68.0;28:68.0;28:68.0;28:68.0;30:68.0;30:68.0;30:68.0;30:68.0;38:68.0;38:68.0;38:68.0;38:68.0,28:0.0034729013865367753;28:0.0034729013865367753;28:0.0034729013865367753;28:0.0034729013865367753;30:0.0013581907866909992;30:0.0013581907866909992;30:0.0013581907866909992;30:0.0013581907866909992;38:0.0011788658857926904;38:0.0011788658857926904;38:0.0011788658857926904;38:0.0011788658857926904,0.00439453125,Yes
30,192.8368865831481,229.97732313882125,0.00830078125,0.01220703125,0.00439453125,2180.0,0.00026645009768207884,32.0,0.00026645009768207884,0,0.00026645009768207884,0.00026645009768207884,29:0.004364065630454966;29:0.004364065630454966;29:0.004364065630454966;29:0.004364065630454966;31:0.0032321952549084487;31:0.0032321952549084487;31:0.0032321952549084487;31:0.0032321952549084487,29:68.0;29:68.0;29:68.0;29:68.0;31:68.0;31:68.0;31:68.0;31:68.0,29:0.0013581907866909992;29:0.0013581907866909992;29:0.0013581907866909992;29:0.0013581907866909992;31:0.0016512085287636313;31:0.0016512085287636313;31:0.0016512085287636313;31:0.0016512085287636313,0.00830078125,Yes
31,136.31054022890393,153.7978010454322,0.007568359375,0.0107421875,0.00439453125,2180.0,0.0002011294221137798,32.0,0.0002011294221137798,0,0.0002011294221137798,0.0002011294221137798,18:0.005758620927559022;18:0.005758620927559022;18:0.005758620927559022;18:0.005758620927559022;30:0.0032321952549084487;30:0.0032321952549084487;30:0.0032321952549084487;30:0.0032321952549084487;32:0.002474180887536953;32:0.002474180887536953;32:0.002474180887536953;32:0.002474180887536953,18:68.0;18:68.0;18:68.0;18:68.0;30:68.0;30:68.0;30:68.0;30:68.0;32:80.0;32:80.0;32:80.0;32:80.0,18:0.0027888011182784778;18:0.0027888011182784778;18:0.0027888011182784778;18:0.0027888011182784778;30:0.0016512085287636313;30:0.0016512085287636313;30:0.0016512085287636313;30:0.0016512085287636313;32:0.002886827099865402;32:0.002886827099865402;32:0.002886827099865402;32:0.002886827099865402,0.007568359375,Yes
32,139.89528825037715,247.1536928242344,0.005615234375,0.0068359375,0.00439453125,2180.0,0.00026357073340846403,32.0,0.00026357073340846403,0,0.00026357073340846403,0.00026357073340846403,31:0.002474180887536953;31:0.002474180887536953;31:0.002474180887536953;31:0.002474180887536953;33:0.019116829964047122;33:0.019116829964047122;33:0.019116829964047122;33:0.019116829964047122,31:80.0;31:80.0;31:80.0;31:80.0;33:68.0;33:68.0;33:68.0;33:68.0,31:0.002886827099865402;31:0.002886827099865402;31:0.002886827099865402;31:0.002886827099865402;33:0.0021229586796885636;33:0.0021229586796885636;33:0.0021229586796885636;33:0.0021229586796885636,0.005615234375,Yes
33,280.53449122994334,302.95736024781553,0.003173828125,0.0048828125,0.00146484375,2180.0,0.00017357581084490107,32.0,0.00017357581084490107,0,0.00017357581084490107,0.00017357581084490107,32:0.019116829964047122;32:0.019116829964047122;32:0.019116829964047122;32:0.019116829964047122;34:0.0009680609081982317;34:0.0009680609081982317;34:0.0009680609081982317;34:0.0009680609081982317;39:0.0027123186321924286;39:0.0027123186321924286;39:0.0027123186321924286;39:0.0027123186321924286,32:68.0;32:68.0;32:68.0;32:68.0;34:68.0;34:68.0;34:68.0;34:68.0;39:68.0;39:68.0;39:68.0;39:68.0,32:0.0021229586796885636;32:0.0021229586796885636;32:0.0021229586796885636;32:0.0021229586796885636;34:0.001040309720462429;34:0.001040309720462429;34:0.001040309720462429;34:0.001040309720462429;39:0.0009887607718208347;39:0.0009887607718208347;39:0.0009887607718208347;39:0.0009887607718208347,0.003173828125,Yes
34,227.2854579442781,242.08687498299898,0.002197265625,0.0029296875,0.00146484375,2180.0,0.00013232960683572873,32.0,0.00013232960683572873,0,0.00013232960683572873,0.00013232960683572873,33:0.0009680609081982317;33:0.0009680609081982317;33:0.0009680609081982317;33:0.0009680609081982317;35:0.0010249345029054724;35:0.0010249345029054724;35:0.0010249345029054724;35:0.0010249345029054724,33:68.0;33:68.0;33:68.0;33:68.0;35:68.0;35:68.0;35:68.0;35:68.0,33:0.001040309720462429;33:0.001040309720462429;33:0.001040309720462429;33:0.001040309720462429;35:0.004056153906873805;35:0.004056153906873805;35:0.004056153906873805;35:0.004056153906873805,0.002197265625,Yes
35,274.1464434596719,418.72846424129784,0.003662109375,0.005859375,0.00146484375,2180.0,0.00023801780612320563,32.0,0.00023801780612320563,0,0.00023801780612320563,0.00023801780612320563,19:0.0017071294544648563;19:0.0017071294544648563;19:0.0017071294544648563;19:0.0017071294544648563;34:0.0010249345029054724;34:0.0010249345029054724;34:0.0010249345029054724;34:0.0010249345029054724,19:68.0;19:68.0;19:68.0;19:68.0;34:68.0;34:68.0;34:68.0;34:68.0,19:0.0009527082501879225;19:0.0009527082501879225;19:0.0009527082501879225;19:0.0009527082501879225;34:0.004056153906873805;34:0.004056153906873805;34:0.004056153906873805;34:0.004056153906873805,0.003662109375,Yes
36,222.34337608361454,341.33108471295407,0.001953125,0.00341796875,0.00048828125,2180.0,0.00014886651230451906,32.0,0.00014886651230451906,0,0.00014886651230451906,0.00014886651230451906,21:0.0009786975977569556;21:0.0009786975977569556;21:0.0009786975977569556;21:0.0009786975977569556;41:0.0010483848183030775;41:0.0010483848183030775;41:0.0010483848183030775;41:0.0010483848183030775,21:68.0;21:68.0;21:68.0;21:68.0;41:68.0;41:68.0;41:68.0;41:68.0,21:0.0007251043250526834;21:0.0007251043250526834;21:0.0007251043250526834;21:0.0007251043250526834;41:0.0007777929303443287;41:0.0007777929303443287;41:0.0007777929303443287;41:0.0007777929303443287,0.001953125,Yes
37,223.5175469192647,265.8784288967957,0.00146484375,0.0029296875,0,2180.0,0.00022240808952361942,32.0,0.00022240808952361942,0,0.00022240808952361942,0.00022240808952361942,25:0.004531568025126359;25:0.004531568025126359;25:0.004531568025126359;25:0.004531568025126359;45:0.004669859235620799;45:0.004669859235620799;45:0.004669859235620799;45:0.004669859235620799,25:68.0;25:68.0;25:68.0;25:68.0;45:68.0;45:68.0;45:68.0;45:68.0,25:0.00247917040666798;25:0.00247917040666798;25:0.00247917040666798;25:0.00247917040666798;45:0.0028225774969015682;45:0.0028225774969015682;45:0.0028225774969015682;45:0.0028225774969015682,0.00146484375,Yes
38,194.15406002028985,370.8584530998913,0.004638671875,0.00927734375,0,2180.0,0.00017994449207405557,32.0,0.00017994449207405557,0,0.00017994449207405557,0.00017994449207405557,29:0.0016785773046491537;29:0.0016785773046491537;29:0.0016785773046491537;29:0.0016785773046491537;49:0.0023379160523076814;49:0.0023379160523076814;49:0.0023379160523076814;49:0.0023379160523076814,29:68.0;29:68.0;29:68.0;29:68.0;49:68.0;49:68.0;49:68.0;49:68.0,29:0.0011788658857926904;29:0.0011788658857926904;29:0.0011788658857926904;29:0.0011788658857926904;49:0.0015511906151219057;49:0.0015511906151219057;49:0.0015511906151219057;49:0.0015511906151219057,0.004638671875,Yes
39,150.23780661450084,203.9084515608133,0.004150390625,0.0078125,0.00048828125,2180.0,0.00022126635454713107,32.0,0.00022126635454713107,0,0.00022126635454713107,0.00022126635454713107,33:0.0027123186321924286;33:0.0027123186321924286;33:0.0027123186321924286;33:0.0027123186321924286;53:0.0009760581562104631;53:0.0009760581562104631;53:0.0009760581562104631;53:0.0009760581562104631,33:68.0;33:68.0;33:68.0;33:68.0;53:68.0;53:68.0;53:68.0;53:68.0,33:0.0009887607718208347;33:0.0009887607718208347;33:0.0009887607718208347;33:0.0009887607718208347;53:0.0009516716995496;53:0.0009516716995496;53:0.0009516716995496;53:0.0009516716995496,0.004150390625,Yes
40,250.8728350308617,360.1067304134089,0.001708984375,0.0029296875,0.00048828125,2180.0,0.00013646934466905663,32.0,0.00013646934466905663,0,0.00013646934466905663,0.00013646934466905663,41:0.005308465874755641;41:0.005308465874755641;41:0.005308465874755641;41:0.005308465874755641,41:68.0;41:68.0;41:68.0;41:68.0,41:0.0007126144063399897;41:0.0007126144063399897;41:0.0007126144063399897;41:0.0007126144063399897,0.001708984375,Yes
41,196.59512150325608,236.19079703189504,0.005126953125,0.00634765625,0.00390625,2180.0,0.00054014918505329,32.0,0.00054014918505329,0,0.00054014918505329,0.00054014918505329,36:0.0010483848183030775;36:0.0010483848183030775;36:0.0010483848183030775;36:0.0010483848183030775;40:0.005308465874755641;40:0.005308465874755641;40:0.005308465874755641;40:0.005308465874755641;42:0.0015982917329068758;42:0.0015982917329068758;42:0.0015982917329068758;42:0.0015982917329068758,36:68.0;36:68.0;36:68.0;36:68.0;40:68.0;40:68.0;40:68.0;40:68.0;42:68.0;42:68.0;42:68.0;42:68.0,36:0.0007777929303443287;36:0.0007777929303443287;36:0.0007777929303443287;36:0.0007777929303443287;40:0.0007126144063399897;40:0.0007126144063399897;40:0.0007126144063399897;40:0.0007126144063399897;42:0.15568384851357528;42:0.15568384851357528;42:0.15568384851357528;42:0.15568384851357528,0.005126953125,Yes
42,265.5522828776876,335.2306162224195,0.018798828125,0.01025390625,0.02734375,2180.0,0.00029063393822070425,32.0,0.00029063393822070425,0,0.00029063393822070425,0.00029063393822070425,41:0.0015982917329068758;41:0.0015982917329068758;41:0.0015982917329068758;41:0.0015982917329068758;43:0.0019265415966166488;43:0.0019265415966166488;43:0.0019265415966166488;43:0.0019265415966166488,41:68.0;41:68.0;41:68.0;41:68.0;43:68.0;43:68.0;43:68.0;43:68.0,41:0.15568384851357528;41:0.15568384851357528;41:0.15568384851357528;41:0.15568384851357528;43:1;43:1;43:1.0;43:1.0,0.018798828125,Yes
43,162.01214058224954,46.42855035348623,0.092529296875,0.12548828125,0.0595703125,2180.0,0.00010986390230361251,32.0,0.00010986390230361251,0,0.00010986390230361251,0.00010986390230361251,42:0.0019265415966166488;42:0.0019265415966166488;42:0.0019265415966166488;42:0.0019265415966166488;44:0.0009472005081821167;44:0.0009472005081821167;44:0.0009472005081821167;44:0.0009472005081821167;56:0.0012748422790710423;56:0.0012748422790710423;56:0.0012748422790710423;56:0.0012748422790710423,42:68.0;42:68.0;42:68.0;42:68.0;44:68.0;44:68.0;44:68.0;44:68.0;56:68.0;56:68.0;56:68.0;56:68.0,42:1;42:1;42:1.0;42:1.0;44:0.0014867626324668037;44:0.0014867626324668037;44:0.0014867626324668037;44:0.0014867626324668037;56:0.0014791411172485336;56:0.0014791411172485336;56:0.0014791411172485336;56:0.0014791411172485336,0.092529296875,Yes
44,232.83136856522515,266.2958204459002,0.010498046875,0.01953125,0.00146484375,2180.0,0.0004135076046721758,32.0,0.0004135076046721758,0,0.0004135076046721758,0.0004135076046721758,43:0.0009472005081821167;43:0.0009472005081821167;43:0.0009472005081821167;43:0.0009472005081821167;45:0.004330850639109124;45:0.004330850639109124;45:0.004330850639109124;45:0.004330850639109124,43:68.0;43:68.0;43:68.0;43:68.0;45:68.0;45:68.0;45:68.0;45:68.0,43:0.0014867626324668037;43:0.0014867626324668037;43:0.0014867626324668037;43:0.0014867626324668037;45:0.0011544689848397294;45:0.0011544689848397294;45:0.0011544689848397294;45:0.0011544689848397294,0.010498046875,Yes
45,294.307456043354,291.14504102591457,0.0029296875,0.00537109375,0.00048828125,2180.0,0.0007462638256481187,32.0,0.0007462638256481187,0,0.0007462638256481187,0.0007462638256481187,37:0.004669859235620799;37:0.004669859235620799;37:0.004669859235620799;37:0.004669859235620799;44:0.004330850639109124;44:0.004330850639109124;44:0.004330850639109124;44:0.004330850639109124;46:0.0069310233639306995;46:0.0069310233639306995;46:0.0069310233639306995;46:0.0069310233639306995,37:68.0;37:68.0;37:68.0;37:68.0;44:68.0;44:68.0;44:68.0;44:68.0;46:68.0;46:68.0;46:68.0;46:68.0,37:0.0028225774969015682;37:0.0028225774969015682;37:0.0028225774969015682;37:0.0028225774969015682;44:0.0011544689848397294;44:0.0011544689848397294;44:0.0011544689848397294;44:0.0011544689848397294;46:0.00273668367888108;46:0.00273668367888108;46:0.00273668367888108;46:0.00273668367888108,0.0029296875,Yes
46,44.20145398795113,81.51902312986603,0.02685546875,0.044921875,0.0087890625,2180.0,0.001679852116215432,32.0,0.001679852116215432,0,0.001679852116215432,0.001679852116215432,45:0.0069310233639306995;45:0.0069310233639306995;45:0.0069310233639306995;45:0.0069310233639306995;47:0.005309823062005475;47:0.005309823062005475;47:0.005309823062005475;47:0.005309823062005475,45:68.0;45:68.0;45:68.0;45:68.0;47:68.0;47:68.0;47:68.0;47:68.0,45:0.00273668367888108;45:0.00273668367888108;45:0.00273668367888108;45:0.00273668367888108;47:0.017007393375103347;47:0.017007393375103347;47:0.017007393375103347;47:0.017007393375103347,0.02685546875,Yes
47,245.8182610492583,349.53516503527874,0.00537109375,0.00732421875,0.00341796875,2180.0,0.00015480621485567306,32.0,0.00015480621485567306,0,0.00015480621485567306,0.00015480621485567306,46:0.005309823062005475;46:0.005309823062005475;46:0.005309823062005475;46:0.005309823062005475;48:0.01809670790856463;48:0.01809670790856463;48:0.01809670790856463;48:0.01809670790856463;57:0.002027664780008015;57:0.002027664780008015;57:0.002027664780008015;57:0.002027664780008015,46:68.0;46:68.0;46:68.0;46:68.0;48:68.0;48:68.0;48:68.0;48:68.0;57:68.0;57:68.0;57:68.0;57:68.0,46:0.017007393375103347;46:0.017007393375103347;46:0.017007393375103347;46:0.017007393375103347;48:0.01621964449830643;48:0.01621964449830643;48:0.01621964449830643;48:0.01621964449830643;57:0.0010202399542018625;57:0.0010202399542018625;57:0.0010202399542018625;57:0.0010202399542018625,0.00537109375,Yes
48,222.2569551373782,325.0144636661149,0.003173828125,0.00537109375,0.0009765625,2180.0,0.00022596197514805202,32.0,0.00022596197514805202,0,0.00022596197514805202,0.00022596197514805202,47:0.01809670790856463;47:0.01809670790856463;47:0.01809670790856463;47:0.01809670790856463;49:0.000745340744394668;49:0.000745340744394668;49:0.000745340744394668;49:0.000745340744394668,47:68.0;47:68.0;47:68.0;47:68.0;49:68.0;49:68.0;49:68.0;49:68.0,47:0.01621964449830643;47:0.01621964449830643;47:0.01621964449830643;47:0.01621964449830643;49:0.000701480763135115;49:0.000701480763135115;49:0.000701480763135115;49:0.000701480763135115,0.003173828125,Yes
49,340.91117491674294,605.0168539820112,0.001953125,0.0029296875,0.0009765625,2180.0,0.00012265945172477017,32.0,0.00012265945172477017,0,0.00012265945172477017,0.00012265945172477017,38:0.0023379160523076814;38:0.0023379160523076814;38:0.0023379160523076814;38:0.0023379160523076814;48:0.000745340744394668;48:0.000745340744394668;48:0.000745340744394668;48:0.000745340744394668;50:0.029397414780260894;50:0.029397414780260894;50:0.029397414780260894;50:0.029397414780260894,38:68.0;38:68.0;38:68.0;38:68.0;48:68.0;48:68.0;48:68.0;48:68.0;50:68.0;50:68.0;50:68.0;50:68.0,38:0.0015511906151219057;38:0.0015511906151219057;38:0.0015511906151219057;38:0.0015511906151219057;48:0.000701480763135115;48:0.000701480763135115;48:0.000701480763135115;48:0.000701480763135115;50:0.013514407475260587;50:0.013514407475260587;50:0.013514407475260587;50:0.013514407475260587,0.001953125,Yes
50,155.11251027350738,167.81186374484793,0.00390625,0.0068359375,0.0009765625,2180.0,0.00020095674367183483,32.0,0.00020095674367183483,0,0.00020095674367183483,0.00020095674367183483,49:0.029397414780260894;49:0.029397414780260894;49:0.029397414780260894;49:0.029397414780260894;51:0.002098373127732117;51:0.002098373127732117;51:0.002098373127732117;51:0.002098373127732117,49:68.0;49:68.0;49:68.0;49:68.0;51:68.0;51:68.0;51:68.0;51:68.0,49:0.013514407475260587;49:0.013514407475260587;49:0.013514407475260587;49:0.013514407475260587;51:0.0018348373543686514;51:0.0018348373543686514;51:0.0018348373543686514;51:0.0018348373543686514,0.00390625,Yes
51,291.0944736842217,561.700167894877,0.004150390625,0.0068359375,0.00146484375,2180.0,0.00019941402145370342,32.0,0.00019941402145370342,0,0.00019941402145370342,0.00019941402145370342,50:0.002098373127732117;50:0.002098373127732117;50:0.002098373127732117;50:0.002098373127732117;52:0.0019682460619391273;52:0.0019682460619391273;52:0.0019682460619391273;52:0.0019682460619391273;58:0.0009142603111123582;58:0.0009142603111123582;58:0.0009142603111123582;58:0.0009142603111123582,50:68.0;50:68.0;50:68.0;50:68.0;52:68.0;52:68.0;52:68.0;52:68.0;58:68.0;58:68.0;58:68.0;58:68.0,50:0.0018348373543686514;50:0.0018348373543686514;50:0.0018348373543686514;50:0.0018348373543686514;52:0.0021213202602442804;52:0.0021213202602442804;52:0.0021213202602442804;52:0.0021213202602442804;58:0.0030625211324655233;58:0.0030625211324655233;58:0.0030625211324655233;58:0.0030625211324655233,0.004150390625,Yes
52,299.1429083943994,434.0505524760095,0.0107421875,0.01953125,0.001953125,2180.0,0.00025100794145231615,32.0,0.00025100794145231615,0,0.00025100794145231615,0.00025100794145231615,51:0.0019682460619391273;51:0.0019682460619391273;51:0.0019682460619391273;51:0.0019682460619391273;53:0.003044772324523576;53:0.003044772324523576;53:0.003044772324523576;53:0.003044772324523576,51:68.0;51:68.0;51:68.0;51:68.0;53:68.0;53:68.0;53:68.0;53:68.0,51:0.0021213202602442804;51:0.0021213202602442804;51:0.0021213202602442804;51:0.0021213202602442804;53:0.0026838826835181018;53:0.0026838826835181018;53:0.0026838826835181018;53:0.0026838826835181018,0.0107421875,Yes
53,337.5105077460986,364.7226533082006,0.0029296875,0.0048828125,0.0009765625,2180.0,0.0001840673563074511,32.0,0.0001840673563074511,0,0.0001840673563074511,0.0001840673563074511,39:0.0009760581562104631;39:0.0009760581562104631;39:0.0009760581562104631;39:0.0009760581562104631;52:0.003044772324523576;52:0.003044772324523576;52:0.003044772324523576;52:0.003044772324523576;54:0.0007971812000942546;54:0.0007971812000942546;54:0.0007971812000942546;54:0.0007971812000942546,39:68.0;39:68.0;39:68.0;39:68.0;52:68.0;52:68.0;52:68.0;52:68.0;54:68.0;54:68.0;54:68.0;54:68.0,39:0.0009516716995496;39:0.0009516716995496;39:0.0009516716995496;39:0.0009516716995496;52:0.0026838826835181018;52:0.0026838826835181018;52:0.0026838826835181018;52:0.0026838826835181018;54:0.0009224936159465125;54:0.0009224936159465125;54:0.0009224936159465125;54:0.0009224936159465125,0.0029296875,Yes
54,158.94377502550824,224.2113580727872,0.002685546875,0.00390625,0.00146484375,2180.0,0.0003411199857538489,32.0,0.0003411199857538489,0,0.0003411199857538489,0.0003411199857538489,53:0.0007971812000942546;53:0.0007971812000942546;53:0.0007971812000942546;53:0.0007971812000942546;55:0.003752549788968884;55:0.003752549788968884;55:0.003752549788968884;55:0.003752549788968884,53:68.0;53:68.0;53:68.0;53:68.0;55:68.0;55:68.0;55:68.0;55:68.0,53:0.0009224936159465125;53:0.0009224936159465125;53:0.0009224936159465125;53:0.0009224936159465125;55:0.001310442909717574;55:0.001310442909717574;55:0.001310442909717574;55:0.001310442909717574,0.002685546875,Yes
55,146.86976085746815,191.30372995838545,0.008544921875,0.01220703125,0.0048828125,2180.0,0.0002904857806565162,32.0,0.0002904857806565162,0,0.0002904857806565162,0.0002904857806565162,54:0.003752549788968884;54:0.003752549788968884;54:0.003752549788968884;54:0.003752549788968884;59:0.006581733480813118;59:0.006581733480813118;59:0.006581733480813118;59:0.006581733480813118,54:68.0;54:68.0;54:68.0;54:68.0;59:68.0;59:68.0;59:68.0;59:68.0,54:0.001310442909717574;54:0.001310442909717574;54:0.001310442909717574;54:0.001310442909717574;59:0.0032842092440021897;59:0.0032842092440021897;59:0.0032842092440021897;59:0.0032842092440021897,0.008544921875,Yes
56,198.44492454604296,283.8114342527567,0.004638671875,0.005859375,0.00341796875,2180.0,0.00013582290396832314,32.0,0.00013582290396832314,0,0.00013582290396832314,0.00013582290396832314,43:0.0012748422790710423;43:0.0012748422790710423;43:0.0012748422790710423;43:0.0012748422790710423;63:0.001682618765383559;63:0.001682618765383559;63:0.001682618765383559;63:0.001682618765383559,43:68.0;43:68.0;43:68.0;43:68.0;63:68.0;63:68.0;63:68.0;63:68.0,43:0.0014791411172485336;43:0.0014791411172485336;43:0.0014791411172485336;43:0.0014791411172485336;63:0.0017022371632577082;63:0.0017022371632577082;63:0.0017022371632577082;63:0.0017022371632577082,0.004638671875,Yes
57,215.3960060140869,288.00161611991433,0.00390625,0.0048828125,0.0029296875,2180.0,0.0005203063485660597,32.0,0.0005203063485660597,0,0.0005203063485660597,0.0005203063485660597,47:0.002027664780008015;47:0.002027664780008015;47:0.002027664780008015;47:0.002027664780008015;67:0.0014487378202305556;67:0.0014487378202305556;67:0.0014487378202305556;67:0.0014487378202305556,47:68.0;47:68.0;47:68.0;47:68.0;67:68.0;67:68.0;67:68.0;67:68.0,47:0.0010202399542018625;47:0.0010202399542018625;47:0.0010202399542018625;47:0.0010202399542018625;67:0.0013406037677310967;67:0.0013406037677310967;67:0.0013406037677310967;67:0.0013406037677310967,0.00390625,Yes
58,245.2324018775907,293.3245496418277,0.001953125,0.00341796875,0.00048828125,2180.0,0.0002465571804739951,32.0,0.0002465571804739951,0,0.0002465571804739951,0.0002465571804739951,51:0.0009142603111123582;51:0.0009142603111123582;51:0.0009142603111123582;51:0.0009142603111123582;71:0.0010511969035289226;71:0.0010511969035289226;71:0.0010511969035289226;71:0.0010511969035289226,51:68.0;51:68.0;51:68.0;51:68.0;71:68.0;71:68.0;71:68.0;71:68.0,51:0.0030625211324655233;51:0.0030625211324655233;51:0.0030625211324655233;51:0.0030625211324655233;71:0.0010846292777477173;71:0.0010846292777477173;71:0.0010846292777477173;71:0.0010846292777477173,0.001953125,Yes
59,128.55189471873962,153.09971727263522,0.009521484375,0.013671875,0.00537109375,2180.0,0.00033158512822931466,32.0,0.00033158512822931466,0,0.00033158512822931466,0.00033158512822931466,55:0.006581733480813118;55:0.006581733480813118;55:0.006581733480813118;55:0.006581733480813118;75:0.0012288066908091866;75:0.0012288066908091866;75:0.0012288066908091866;75:0.0012288066908091866,55:68.0;55:68.0;55:68.0;55:68.0;75:68.0;75:68.0;75:68.0;75:68.0,55:0.0032842092440021897;55:0.0032842092440021897;55:0.0032842092440021897;55:0.0032842092440021897;75:0.0010614322618500704;75:0.0010614322618500704;75:0.0010614322618500704;75:0.0010614322618500704,0.009521484375,Yes
60,189.5002683094274,242.56648844137524,0.005126953125,0.00927734375,0.0009765625,2180.0,0.0001879171650526641,32.0,0.0001879171650526641,0,0.0001879171650526641,0.0001879171650526641,61:0.0012709813015631677;61:0.0012709813015631677;61:0.0012709813015631677;61:0.0012709813015631677,61:68.0;61:68.0;61:68.0;61:68.0,61:0.0012793248071271135;61:0.0012793248071271135;61:0.0012793248071271135;61:0.0012793248071271135,0.005126953125,Yes
61,109.30161168907877,149.25188326969985,0.0048828125,0.0087890625,0.0009765625,2180.0,0.00013160160683851397,32.0,0.00013160160683851397,0,0.00013160160683851397,0.00013160160683851397,60:0.0012709813015631677;60:0.0012709813015631677;60:0.0012709813015631677;60:0.0012709813015631677;62:0.1094364456507318;62:0.1094364456507318;62:0.1094364456507318;62:0.1094364456507318;76:0.0022306433308745266;76:0.0022306433308745266;76:0.0022306433308745266;76:0.0022306433308745266,60:68.0;60:68.0;60:68.0;60:68.0;62:68.0;62:68.0;62:68.0;62:68.0;76:68.0;76:68.0;76:68.0;76:68.0,60:0.0012793248071271135;60:0.0012793248071271135;60:0.0012793248071271135;60:0.0012793248071271135;62:0.0367558314302682;62:0.0367558314302682;62:0.0367558314302682;62:0.0367558314302682;76:0.0020141774033148596;76:0.0020141774033148596;76:0.0020141774033148596;76:0.0020141774033148596,0.0048828125,Yes
62,56.01377825720382,162.11009813883828,0.055908203125,0.06689453125,0.044921875,2180.0,0.03007161855527973,32.0,0.03007161855527973,0,0.03007161855527973,0.03007161855527973,61:0.1094364456507318;61:0.1094364456507318;61:0.1094364456507318;61:0.1094364456507318;63:0.12951055587512414;63:0.12951055587512414;63:0.12951055587512414;63:0.12951055587512414,61:68.0;61:68.0;61:68.0;61:68.0;63:68.0;63:68.0;63:68.0;63:68.0,61:0.0367558314302682;61:0.0367558314302682;61:0.0367558314302682;61:0.0367558314302682;63:0.06433653714597065;63:0.06433653714597065;63:0.06433653714597065;63:0.06433653714597065,0.055908203125,Yes
63,273.17123230582905,351.9535790097118,0.0185546875,0.03369140625,0.00341796875,2180.0,0.00036495271993467116,32.0,0.00036495271993467116,0,0.00036495271993467116,0.00036495271993467116,56:0.001682618765383559;56:0.001682618765383559;56:0.001682618765383559;56:0.001682618765383559;62:0.12951055587512414;62:0.12951055587512414;62:0.12951055587512414;62:0.12951055587512414;64:0.0016586949976605259;64:0.0016586949976605259;64:0.0016586949976605259;64:0.0016586949976605259,56:68.0;56:68.0;56:68.0;56:68.0;62:68.0;62:68.0;62:68.0;62:68.0;64:80.0;64:80.0;64:80.0;64:80.0,56:0.0017022371632577082;56:0.0017022371632577082;56:0.0017022371632577082;56:0.0017022371632577082;62:0.06433653714597065;62:0.06433653714597065;62:0.06433653714597065;62:0.06433653714597065;64:0.002045535970798734;64:0.002045535970798734;64:0.002045535970798734;64:0.002045535970798734,0.0185546875,Yes
64,72.5523361380749,98.45232978555703,0.010986328125,0.01806640625,0.00390625,2180.0,0.00028247361214735314,32.0,0.00028247361214735314,0,0.00028247361214735314,0.00028247361214735314,63:0.0016586949976605259;63:0.0016586949976605259;63:0.0016586949976605259;63:0.0016586949976605259;65:0.0018556046194751485;65:0.0018556046194751485;65:0.0018556046194751485;65:0.0018556046194751485,63:80.0;63:80.0;63:80.0;63:80.0;65:68.0;65:68.0;65:68.0;65:68.0,63:0.002045535970798734;63:0.002045535970798734;63:0.002045535970798734;63:0.002045535970798734;65:0.0012456184002206938;65:0.0012456184002206938;65:0.0012456184002206938;65:0.0012456184002206938,0.010986328125,Yes
65,255.86923088393738,265.1425337382626,0.003173828125,0.00439453125,0.001953125,2180.0,0.00018326681792302048,32.0,0.00018326681792302048,0,0.00018326681792302048,0.00018326681792302048,64:0.0018556046194751485;64:0.0018556046194751485;64:0.0018556046194751485;64:0.0018556046194751485;66:0.0009408275171348957;66:0.0009408275171348957;66:0.0009408275171348957;66:0.0009408275171348957;77:0.0011414488297580572;77:0.0011414488297580572;77:0.0011414488297580572;77:0.0011414488297580572,64:68.0;64:68.0;64:68.0;64:68.0;66:100.0;66:100.0;66:100.0;66:100.0;77:68.0;77:68.0;77:68.0;77:68.0,64:0.0012456184002206938;64:0.0012456184002206938;64:0.0012456184002206938;64:0.0012456184002206938;66:0.0013846008920437303;66:0.0013846008920437303;66:0.0013846008920437303;66:0.0013846008920437303;77:0.0013287900041019096;77:0.0013287900041019096;77:0.0013287900041019096;77:0.0013287900041019096,0.003173828125,Yes
66,132.03349492879389,161.97342953202838,0.006103515625,0.005859375,0.00634765625,2180.0,0.0001061256390503815,32.0,0.0001061256390503815,0,0.0001061256390503815,0.0001061256390503815,65:0.0009408275171348957;65:0.0009408275171348957;65:0.0009408275171348957;65:0.0009408275171348957;67:0.0010888077334987034;67:0.0010888077334987034;67:0.0010888077334987034;67:0.0010888077334987034,65:100.0;65:100.0;65:100.0;65:100.0;67:68.0;67:68.0;67:68.0;67:68.0,65:0.0013846008920437303;65:0.0013846008920437303;65:0.0013846008920437303;65:0.0013846008920437303;67:0.0013746274677348125;67:0.0013746274677348125;67:0.0013746274677348125;67:0.0013746274677348125,0.006103515625,Yes
67,251.93234814161255,255.16582497723692,0.007080078125,0.01025390625,0.00390625,2180.0,0.00018444301182789886,32.0,0.00018444301182789886,0,0.00018444301182789886,0.00018444301182789886,57:0.0014487378202305556;57:0.0014487378202305556;57:0.0014487378202305556;57:0.0014487378202305556;66:0.0010888077334987034;66:0.0010888077334987034;66:0.0010888077334987034;66:0.0010888077334987034;68:0.001583946713209855;68:0.001583946713209855;68:0.001583946713209855;68:0.001583946713209855,57:68.0;57:68.0;57:68.0;57:68.0;66:68.0;66:68.0;66:68.0;66:68.0;68:68.0;68:68.0;68:68.0;68:68.0,57:0.0013406037677310967;57:0.0013406037677310967;57:0.0013406037677310967;57:0.0013406037677310967;66:0.0013746274677348125;66:0.0013746274677348125;66:0.0013746274677348125;66:0.0013746274677348125;68:0.0028604415414490714;68:0.0028604415414490714;68:0.0028604415414490714;68:0.0028604415414490714,0.007080078125,Yes
68,256.35435268473384,240.30228951613765,0.003662109375,0.005859375,0.00146484375,2180.0,0.0002304961269345952,32.0,0.0002304961269345952,0,0.0002304961269345952,0.0002304961269345952,67:0.001583946713209855;67:0.001583946713209855;67:0.001583946713209855;67:0.001583946713209855;69:0.00275664849564497;69:0.00275664849564497;69:0.00275664849564497;69:0.00275664849564497,67:68.0;67:68.0;67:68.0;67:68.0;69:68.0;69:68.0;69:68.0;69:68.0,67:0.0028604415414490714;67:0.0028604415414490714;67:0.0028604415414490714;67:0.0028604415414490714;69:0.0008306482687590322;69:0.0008306482687590322;69:0.0008306482687590322;69:0.0008306482687590322,0.003662109375,Yes
69,208.61429016153406,242.13745749517557,0.0048828125,0.009765625,0,2180.0,0.00017917288573307338,32.0,0.00017917288573307338,0,0.00017917288573307338,0.00017917288573307338,68:0.00275664849564497;68:0.00275664849564497;68:0.00275664849564497;68:0.00275664849564497;70:0.002383865777446842;70:0.002383865777446842;70:0.002383865777446842;70:0.002383865777446842;78:0.0012492296589927954;78:0.0012492296589927954;78:0.0012492296589927954;78:0.0012492296589927954,68:68.0;68:68.0;68:68.0;68:68.0;70:68.0;70:68.0;70:68.0;70:68.0;78:68.0;78:68.0;78:68.0;78:68.0,68:0.0008306482687590322;68:0.0008306482687590322;68:0.0008306482687590322;68:0.0008306482687590322;70:0.0015657154525562933;70:0.0015657154525562933;70:0.0015657154525562933;70:0.0015657154525562933;78:0.0009385786679869945;78:0.0009385786679869945;78:0.0009385786679869945;78:0.0009385786679869945,0.0048828125,Yes
70,205.38429111152564,25.12239483063767,0.004150390625,0.0068359375,0.00146484375,2180.0,0.0005290322247229186,32.0,0.0005290322247229186,0,0.0005290322247229186,0.0005290322247229186,69:0.002383865777446842;69:0.002383865777446842;69:0.002383865777446842;69:0.002383865777446842;71:0.0019419391283685972;71:0.0019419391283685972;71:0.0019419391283685972;71:0.0019419391283685972,69:68.0;69:68.0;69:68.0;69:68.0;71:68.0;71:68.0;71:68.0;71:68.0,69:0.0015657154525562933;69:0.0015657154525562933;69:0.0015657154525562933;69:0.0015657154525562933;71:0.0036676378425212763;71:0.0036676378425212763;71:0.0036676378425212763;71:0.0036676378425212763,0.004150390625,Yes
71,208.26437441303088,327.5111220940168,0.005859375,0.0087890625,0.0029296875,2180.0,0.00010407592343978591,32.0,0.00010407592343978591,0,0.00010407592343978591,0.00010407592343978591,58:0.0010511969035289226;58:0.0010511969035289226;58:0.0010511969035289226;58:0.0010511969035289226;70:0.0019419391283685972;70:0.0019419391283685972;70:0.0019419391283685972;70:0.0019419391283685972;72:0.0009940999882767088;72:0.0009940999882767088;72:0.0009940999882767088;72:0.0009940999882767088,58:68.0;58:68.0;58:68.0;58:68.0;70:68.0;70:68.0;70:68.0;70:68.0;72:68.0;72:68.0;72:68.0;72:68.0,58:0.0010846292777477173;58:0.0010846292777477173;58:0.0010846292777477173;58:0.0010846292777477173;70:0.0036676378425212763;70:0.0036676378425212763;70:0.0036676378425212763;70:0.0036676378425212763;72:0.0012485812850416;72:0.0012485812850416;72:0.0012485812850416;72:0.0012485812850416,0.005859375,Yes
72,163.71950592987292,244.45872167640974,0.00537109375,0.009765625,0.0009765625,2180.0,0.00012362088988714925,32.0,0.00012362088988714925,0,0.00012362088988714925,0.00012362088988714925,71:0.0009940999882767088;71:0.0009940999882767088;71:0.0009940999882767088;71:0.0009940999882767088;73:0.001128097657567162;73:0.001128097657567162;73:0.001128097657567162;73:0.001128097657567162,71:68.0;71:68.0;71:68.0;71:68.0;73:68.0;73:68.0;73:68.0;73:68.0,71:0.0012485812850416;71:0.0012485812850416;71:0.0012485812850416;71:0.0012485812850416;73:0.0009621305818984516;73:0.0009621305818984516;73:0.0009621305818984516;73:0.0009621305818984516,0.00537109375,Yes
73,242.43382391733223,347.4245048914911,0.004150390625,0.005859375,0.00244140625,2180.0,0.00016643869974190307,32.0,0.00016643869974190307,0,0.00016643869974190307,0.00016643869974190307,72:0.001128097657567162;72:0.001128097657567162;72:0.001128097657567162;72:0.001128097657567162;74:0.00134512581232904;74:0.00134512581232904;74:0.00134512581232904;74:0.00134512581232904;79:0.004217998881686863;79:0.004217998881686863;79:0.004217998881686863;79:0.004217998881686863,72:68.0;72:68.0;72:68.0;72:68.0;74:68.0;74:68.0;74:68.0;74:68.0;79:68.0;79:68.0;79:68.0;79:68.0,72:0.0009621305818984516;72:0.0009621305818984516;72:0.0009621305818984516;72:0.0009621305818984516;74:0.0010015864458728096;74:0.0010015864458728096;74:0.0010015864458728096;74:0.0010015864458728096;79:0.0025910437206447257;79:0.0025910437206447257;79:0.0025910437206447257;79:0.0025910437206447257,0.004150390625,Yes
74,143.91615532058282,77.28897515282775,0.027099609375,0.052734375,0.00146484375,2180.0,0.000196963975576236,32.0,0.000196963975576236,0,0.000196963975576236,0.000196963975576236,73:0.00134512581232904;73:0.00134512581232904;73:0.00134512581232904;73:0.00134512581232904;75:0.005556380117523185;75:0.005556380117523185;75:0.005556380117523185;75:0.005556380117523185,73:68.0;73:68.0;73:68.0;73:68.0;75:68.0;75:68.0;75:68.0;75:68.0,73:0.0010015864458728096;73:0.0010015864458728096;73:0.0010015864458728096;73:0.0010015864458728096;75:0.0029277314712020663;75:0.0029277314712020663;75:0.0029277314712020663;75:0.0029277314712020663,0.027099609375,Yes
75,243.2155077733222,341.1246356715667,0.00537109375,0.00927734375,0.00146484375,2180.0,0.0001683190997011283,32.0,0.0001683190997011283,0,0.0001683190997011283,0.0001683190997011283,59:0.0012288066908091866;59:0.0012288066908091866;59:0.0012288066908091866;59:0.0012288066908091866;74:0.005556380117523185;74:0.005556380117523185;74:0.005556380117523185;74:0.005556380117523185,59:68.0;59:68.0;59:68.0;59:68.0;74:68.0;74:68.0;74:68.0;74:68.0,59:0.0010614322618500704;59:0.0010614322618500704;59:0.0010614322618500704;59:0.0010614322618500704;74:0.0029277314712020663;74:0.0029277314712020663;74:0.0029277314712020663;74:0.0029277314712020663,0.00537109375,Yes
76,177.3397516740746,291.0231316498206,0.005126953125,0.00830078125,0.001953125,2180.0,0.000252091007583293,32.0,0.000252091007583293,0,0.000252091007583293,0.000252091007583293,61:0.0022306433308745266;61:0.0022306433308745266;61:0.0022306433308745266;61:0.0022306433308745266;81:0.001350663995640905;81:0.001350663995640905;81:0.001350663995640905;81:0.001350663995640905,61:68.0;61:68.0;61:68.0;61:68.0;81:68.0;81:68.0;81:68.0;81:68.0,61:0.0020141774033148596;61:0.0020141774033148596;61:0.0020141774033148596;61:0.0020141774033148596;81:0.0013162212508073534;81:0.0013162212508073534;81:0.0013162212508073534;81:0.0013162212508073534,0.005126953125,Yes
77,195.9310494356142,272.16571494529427,0.002685546875,0.0048828125,0.00048828125,2180.0,0.0002681591626588142,32.0,0.0002681591626588142,0,0.0002681591626588142,0.0002681591626588142,65:0.0011414488297580572;65:0.0011414488297580572;65:0.0011414488297580572;65:0.0011414488297580572;85:0.01214985603745361;85:0.01214985603745361;85:0.01214985603745361;85:0.01214985603745361,65:68.0;65:68.0;65:68.0;65:68.0;85:68.0;85:68.0;85:68.0;85:68.0,65:0.0013287900041019096;65:0.0013287900041019096;65:0.0013287900041019096;65:0.0013287900041019096;85:0.0017716420571190494;85:0.0017716420571190494;85:0.0017716420571190494;85:0.0017716420571190494,0.002685546875,Yes
78,195.08702826683995,332.16735838523954,0.002685546875,0.0029296875,0.00244140625,2180.0,0.0002174918799768607,32.0,0.0002174918799768607,0,0.0002174918799768607,0.0002174918799768607,69:0.0012492296589927954;69:0.0012492296589927954;69:0.0012492296589927954;69:0.0012492296589927954;89:0.001395077018688906;89:0.001395077018688906;89:0.001395077018688906;89:0.001395077018688906,69:68.0;69:68.0;69:68.0;69:68.0;89:68.0;89:68.0;89:68.0;89:68.0,69:0.0009385786679869945;69:0.0009385786679869945;69:0.0009385786679869945;69:0.0009385786679869945;89:0.001218439431385665;89:0.001218439431385665;89:0.001218439431385665;89:0.001218439431385665,0.002685546875,Yes
79,227.83714355360982,329.80231223820465,0.002685546875,0.0048828125,0.00048828125,2180.0,0.0001469700967563252,32.0,0.0001469700967563252,0,0.0001469700967563252,0.0001469700967563252,73:0.004217998881686863;73:0.004217998881686863;73:0.004217998881686863;73:0.004217998881686863;93:0.006044688274162241;93:0.006044688274162241;93:0.006044688274162241;93:0.006044688274162241,73:68.0;73:68.0;73:68.0;73:68.0;93:68.0;93:68.0;93:68.0;93:68.0,73:0.0025910437206447257;73:0.0025910437206447257;73:0.0025910437206447257;73:0.0025910437206447257;93:0.001875001458062131;93:0.001875001458062131;93:0.001875001458062131;93:0.001875001458062131,0.002685546875,Yes
80,238.2447280021753,335.79221835997055,0.004638671875,0.005859375,0.00341796875,2180.0,0.000165512053218505,32.0,0.000165512053218505,0,0.000165512053218505,0.000165512053218505,81:0.0016513348609751566;81:0.0016513348609751566;81:0.0016513348609751566;81:0.0016513348609751566,81:68.0;81:68.0;81:68.0;81:68.0,81:0.00403901292329345;81:0.00403901292329345;81:0.00403901292329345;81:0.00403901292329345,0.004638671875,Yes
81,268.7771168753334,319.65276536037305,0.002685546875,0.00390625,0.00146484375,2180.0,0.00022949004288290418,32.0,0.00022949004288290418,0,0.00022949004288290418,0.00022949004288290418,76:0.001350663995640905;76:0.001350663995640905;76:0.001350663995640905;76:0.001350663995640905;80:0.0016513348609751566;80:0.0016513348609751566;80:0.0016513348609751566;80:0.0016513348609751566;82:0.0016257032735724486;82:0.0016257032735724486;82:0.0016257032735724486;82:0.0016257032735724486,76:68.0;76:68.0;76:68.0;76:68.0;80:68.0;80:68.0;80:68.0;80:68.0;82:68.0;82:68.0;82:68.0;82:68.0,76:0.0013162212508073534;76:0.0013162212508073534;76:0.0013162212508073534;76:0.0013162212508073534;80:0.00403901292329345;80:0.00403901292329345;80:0.00403901292329345;80:0.00403901292329345;82:0.0072609731695821855;82:0.0072609731695821855;82:0.0072609731695821855;82:0.0072609731695821855,0.002685546875,Yes
82,239.57327016359503,35.34267312799933,0.075439453125,0.123046875,0.02783203125,2180.0,0.0008837942136319531,32.0,0.0008837942136319531,0,0.0008837942136319531,0.0008837942136319531,81:0.0016257032735724486;81:0.0016257032735724486;81:0.0016257032735724486;81:0.0016257032735724486;83:0.002039255689257169;83:0.002039255689257169;83:0.002039255689257169;83:0.002039255689257169,81:68.0;81:68.0;81:68.0;81:68.0;83:68.0;83:68.0;83:68.0;83:68.0,81:0.0072609731695821855;81:0.0072609731695821855;81:0.0072609731695821855;81:0.0072609731695821855;83:0.00777083891473071;83:0.00777083891473071;83:0.00777083891473071;83:0.00777083891473071,0.075439453125,Yes
83,262.43806749127435,345.9442986803255,0.00341796875,0.005859375,0.0009765625,2180.0,0.0006192559076423131,32.0,0.0006192559076423131,0,0.0006192559076423131,0.0006192559076423131,82:0.002039255689257169;82:0.002039255689257169;82:0.002039255689257169;82:0.002039255689257169;84:0.0022345477398978686;84:0.0022345477398978686;84:0.0022345477398978686;84:0.0022345477398978686;96:0.0027495073213614774;96:0.0027495073213614774;96:0.0027495073213614774;96:0.0027495073213614774,82:68.0;82:68.0;82:68.0;82:68.0;84:68.0;84:68.0;84:68.0;84:68.0;96:68.0;96:68.0;96:68.0;96:68.0,82:0.00777083891473071;82:0.00777083891473071;82:0.00777083891473071;82:0.00777083891473071;84:0.0025813599095213247;84:0.0025813599095213247;84:0.0025813599095213247;84:0.0025813599095213247;96:0.004438562513178368;96:0.004438562513178368;96:0.004438562513178368;96:0.004438562513178368,0.00341796875,Yes
84,65.00469642177929,102.09835778744733,0.00537109375,0.009765625,0.0009765625,2180.0,0.0003376715128522884,32.0,0.0003376715128522884,0,0.0003376715128522884,0.0003376715128522884,83:0.0022345477398978686;83:0.0022345477398978686;83:0.0022345477398978686;83:0.0022345477398978686;85:0.004262902115954731;85:0.004262902115954731;85:0.004262902115954731;85:0.004262902115954731,83:68.0;83:68.0;83:68.0;83:68.0;85:68.0;85:68.0;85:68.0;85:68.0,83:0.0025813599095213247;83:0.0025813599095213247;83:0.0025813599095213247;83:0.0025813599095213247;85:0.00272690886055707;85:0.00272690886055707;85:0.00272690886055707;85:0.00272690886055707,0.00537109375,Yes
85,190.66958356786915,217.5156632237976,0.004638671875,0.0068359375,0.00244140625,2180.0,0.0001388104404268489,32.0,0.0001388104404268489,0,0.0001388104404268489,0.0001388104404268489,77:0.01214985603745361;77:0.01214985603745361;77:0.01214985603745361;77:0.01214985603745361;84:0.004262902115954731;84:0.004262902115954731;84:0.004262902115954731;84:0.004262902115954731;86:0.011199379576117996;86:0.011199379576117996;86:0.011199379576117996;86:0.011199379576117996,77:68.0;77:68.0;77:68.0;77:68.0;84:68.0;84:68.0;84:68.0;84:68.0;86:68.0;86:68.0;86:68.0;86:68.0,77:0.0017716420571190494;77:0.0017716420571190494;77:0.0017716420571190494;77:0.0017716420571190494;84:0.00272690886055707;84:0.00272690886055707;84:0.00272690886055707;84:0.00272690886055707;86:0.0032571363263297626;86:0.0032571363263297626;86:0.0032571363263297626;86:0.0032571363263297626,0.004638671875,Yes
86,291.5617246028644,276.6672197656294,0.023193359375,0.01171875,0.03466796875,2180.0,0.00018062903456131062,32.0,0.00018062903456131062,0,0.00018062903456131062,0.00018062903456131062,85:0.011199379576117996;85:0.011199379576117996;85:0.011199379576117996;85:0.011199379576117996;87:0.004457618716293105;87:0.004457618716293105;87:0.004457618716293105;87:0.004457618716293105,85:68.0;85:68.0;85:68.0;85:68.0;87:68.0;87:68.0;87:68.0;87:68.0,85:0.0032571363263297626;85:0.0032571363263297626;85:0.0032571363263297626;85:0.0032571363263297626;87:0.018822206907331357;87:0.018822206907331357;87:0.018822206907331357;87:0.018822206907331357,0.023193359375,Yes
87,302.86276863605974,368.98145800110757,0.037353515625,0.0576171875,0.01708984375,2180.0,0.00030654696760320203,32.0,0.00030654696760320203,0,0.00030654696760320203,0.00030654696760320203,86:0.004457618716293105;86:0.004457618716293105;86:0.004457618716293105;86:0.004457618716293105;88:0.001372913645790036;88:0.001372913645790036;88:0.001372913645790036;88:0.001372913645790036;97:0.0025363076231754433;97:0.0025363076231754433;97:0.0025363076231754433;97:0.0025363076231754433,86:68.0;86:68.0;86:68.0;86:68.0;88:68.0;88:68.0;88:68.0;88:68.0;97:68.0;97:68.0;97:68.0;97:68.0,86:0.018822206907331357;86:0.018822206907331357;86:0.018822206907331357;86:0.018822206907331357;88:0.001009807543717045;88:0.001009807543717045;88:0.001009807543717045;88:0.001009807543717045;97:0.0020167858766997337;97:0.0020167858766997337;97:0.0020167858766997337;97:0.0020167858766997337,0.037353515625,Yes
88,280.3982959801385,493.17703663374795,0.004150390625,0.00634765625,0.001953125,2180.0,0.00033734085163677704,32.0,0.00033734085163677704,0,0.00033734085163677704,0.00033734085163677704,87:0.001372913645790036;87:0.001372913645790036;87:0.001372913645790036;87:0.001372913645790036;89:0.0018113093139325576;89:0.0018113093139325576;89:0.0018113093139325576;89:0.0018113093139325576,87:68.0;87:68.0;87:68.0;87:68.0;89:68.0;89:68.0;89:68.0;89:68.0,87:0.001009807543717045;87:0.001009807543717045;87:0.001009807543717045;87:0.001009807543717045;89:0.001070162891493559;89:0.001070162891493559;89:0.001070162891493559;89:0.001070162891493559,0.004150390625,Yes
89,152.07654799872213,157.98579458469553,0.003662109375,0.0068359375,0.00048828125,2180.0,0.00023199978572232418,32.0,0.00023199978572232418,0,0.00023199978572232418,0.00023199978572232418,78:0.001395077018688906;78:0.001395077018688906;78:0.001395077018688906;78:0.001395077018688906;88:0.0018113093139325576;88:0.0018113093139325576;88:0.0018113093139325576;88:0.0018113093139325576;90:0.00146769512275291;90:0.00146769512275291;90:0.00146769512275291;90:0.00146769512275291,78:68.0;78:68.0;78:68.0;78:68.0;88:68.0;88:68.0;88:68.0;88:68.0;90:68.0;90:68.0;90:68.0;90:68.0,78:0.001218439431385665;78:0.001218439431385665;78:0.001218439431385665;78:0.001218439431385665;88:0.001070162891493559;88:0.001070162891493559;88:0.001070162891493559;88:0.001070162891493559;90:0.0012364909054231321;90:0.0012364909054231321;90:0.0012364909054231321;90:0.0012364909054231321,0.003662109375,Yes
90,273.58543410867145,376.2555562725262,0.005859375,0.01025390625,0.00146484375,2180.0,0.00021370617023242267,32.0,0.00021370617023242267,0,0.00021370617023242267,0.00021370617023242267,89:0.00146769512275291;89:0.00146769512275291;89:0.00146769512275291;89:0.00146769512275291;91:0.0036035704613014696;91:0.0036035704613014696;91:0.0036035704613014696;91:0.0036035704613014696,89:68.0;89:68.0;89:68.0;89:68.0;91:68.0;91:68.0;91:68.0;91:68.0,89:0.0012364909054231321;89:0.0012364909054231321;89:0.0012364909054231321;89:0.0012364909054231321;91:0.00365856043739346;91:0.00365856043739346;91:0.00365856043739346;91:0.00365856043739346,0.005859375,Yes
91,243.62949869071846,320.5864439368261,0.011962890625,0.01953125,0.00439453125,2180.0,0.000133560889361736,32.0,0.000133560889361736,0,0.000133560889361736,0.000133560889361736,90:0.0036035704613014696;90:0.0036035704613014696;90:0.0036035704613014696;90:0.0036035704613014696;92:0.001894353848088115;92:0.001894353848088115;92:0.001894353848088115;92:0.001894353848088115;98:0.0028055557731392344;98:0.0028055557731392344;98:0.0028055557731392344;98:0.0028055557731392344,90:68.0;90:68.0;90:68.0;90:68.0;92:108.0;92:108.0;92:108.0;92:108.0;98:208.0;98:208.0;98:208.0;98:208.0,90:0.00365856043739346;90:0.00365856043739346;90:0.00365856043739346;90:0.00365856043739346;92:0.012385191373287169;92:0.012385191373287169;92:0.012385191373287169;92:0.012385191373287169;98:0.09096297146340371;98:0.09096297146340371;98:0.09096297146340371;98:0.09096297146340371,0.011962890625,Yes
92,258.30065552475463,339.57707107752736,0.01611328125,0.0166015625,0.015625,2180.0,0.00029715960131079886,32.0,0.00029715960131079886,0,0.00029715960131079886,0.00029715960131079886,91:0.001894353848088115;91:0.001894353848088115;91:0.001894353848088115;91:0.001894353848088115;93:0.001460925893255055;93:0.001460925893255055;93:0.001460925893255055;93:0.001460925893255055,91:108.0;91:108.0;91:108.0;91:108.0;93:68.0;93:68.0;93:68.0;93:68.0,91:0.012385191373287169;91:0.012385191373287169;91:0.012385191373287169;91:0.012385191373287169;93:0.013945876299725962;93:0.013945876299725962;93:0.013945876299725962;93:0.013945876299725962,0.01611328125,Yes
93,266.1230374781739,319.51386545968046,0.09521484375,0.12548828125,0.06494140625,2180.0,0.00039733307843821473,32.0,0.00039733307843821473,0,0.00039733307843821473,0.00039733307843821473,79:0.006044688274162241;79:0.006044688274162241;79:0.006044688274162241;79:0.006044688274162241;92:0.001460925893255055;92:0.001460925893255055;92:0.001460925893255055;92:0.001460925893255055;94:0.004699959541034471;94:0.004699959541034471;94:0.004699959541034471;94:0.004699959541034471,79:68.0;79:68.0;79:68.0;79:68.0;92:68.0;92:68.0;92:68.0;92:68.0;94:68.0;94:68.0;94:68.0;94:68.0,79:0.001875001458062131;79:0.001875001458062131;79:0.001875001458062131;79:0.001875001458062131;92:0.013945876299725962;92:0.013945876299725962;92:0.013945876299725962;92:0.013945876299725962;94:0.0021072226666690175;94:0.0021072226666690175;94:0.0021072226666690175;94:0.0021072226666690175,0.09521484375,Yes
94,227.9262575678553,267.08458614297706,0.0048828125,0.00634765625,0.00341796875,2180.0,0.0001450616658739706,32.0,0.0001450616658739706,0,0.0001450616658739706,0.0001450616658739706,93:0.004699959541034471;93:0.004699959541034471;93:0.004699959541034471;93:0.004699959541034471;95:0.0017432218865630345;95:0.0017432218865630345;95:0.0017432218865630345;95:0.0017432218865630345,93:68.0;93:68.0;93:68.0;93:68.0;95:68.0;95:68.0;95:68.0;95:68.0,93:0.0021072226666690175;93:0.0021072226666690175;93:0.0021072226666690175;93:0.0021072226666690175;95:0.001786891010206626;95:0.001786891010206626;95:0.001786891010206626;95:0.001786891010206626,0.0048828125,Yes
95,307.6917066518898,308.31893906346374,0.002685546875,0.00439453125,0.0009765625,2180.0,0.0003375076252228794,32.0,0.0003375076252228794,0,0.0003375076252228794,0.0003375076252228794,94:0.0017432218865630345;94:0.0017432218865630345;94:0.0017432218865630345;94:0.0017432218865630345;99:0.001222134194776403;99:0.001222134194776403;99:0.001222134194776403;99:0.001222134194776403,94:68.0;94:68.0;94:68.0;94:68.0;99:68.0;99:68.0;99:68.0;99:68.0,94:0.001786891010206626;94:0.001786891010206626;94:0.001786891010206626;94:0.001786891010206626;99:0.0012000677705413798;99:0.0012000677705413798;99:0.0012000677705413798;99:0.0012000677705413798,0.002685546875,Yes
96,180.24122736445958,202.13496972855089,0.00390625,0.0068359375,0.0009765625,2180.0,0.0002532350312093465,32.0,0.0002532350312093465,0,0.0002532350312093465,0.0002532350312093465,83:0.0027495073213614774;83:0.0027495073213614774;83:0.0027495073213614774;83:0.0027495073213614774;103:0.005612660366516614;103:0.005612660366516614;103:0.005612660366516614;103:0.005612660366516614,83:68.0;83:68.0;83:68.0;83:68.0;103:68.0;103:68.0;103:68.0;103:68.0,83:0.004438562513178368;83:0.004438562513178368;83:0.004438562513178368;83:0.004438562513178368;103:0.002737556141262254;103:0.002737556141262254;103:0.002737556141262254;103:0.002737556141262254,0.00390625,Yes
97,168.27760496466868,256.95562329505054,0.003173828125,0.00537109375,0.0009765625,2180.0,0.00027953941065198386,32.0,0.00027953941065198386,0,0.00027953941065198386,0.00027953941065198386,87:0.0025363076231754433;87:0.0025363076231754433;87:0.0025363076231754433;87:0.0025363076231754433;107:0.002932169286595565;107:0.002932169286595565;107:0.002932169286595565;107:0.002932169286595565,87:68.0;87:68.0;87:68.0;87:68.0;107:68.0;107:68.0;107:68.0;107:68.0,87:0.0020167858766997337;87:0.0020167858766997337;87:0.0020167858766997337;87:0.0020167858766997337;107:0.002000187251190083;107:0.002000187251190083;107:0.002000187251190083;107:0.002000187251190083,0.003173828125,Yes
98,250.05764582488834,293.60887643678797,0.006103515625,0.00927734375,0.0029296875,2180.0,0.0002643897372002852,32.0,0.0002643897372002852,0,0.0002643897372002852,0.0002643897372002852,91:0.0028055557731392344;91:0.0028055557731392344;91:0.0028055557731392344;91:0.0028055557731392344;111:0.0021183493977445234;111:0.0021183493977445234;111:0.0021183493977445234;111:0.0021183493977445234,91:208.0;91:208.0;91:208.0;91:208.0;111:68.0;111:68.0;111:68.0;111:68.0,91:0.09096297146340371;91:0.09096297146340371;91:0.09096297146340371;91:0.09096297146340371;111:0.0013783278853433945;111:0.0013783278853433945;111:0.0013783278853433945;111:0.0013783278853433945,0.006103515625,Yes
99,221.4874274201133,331.60254540795364,0.00341796875,0.00537109375,0.00146484375,2180.0,0.0002896959915554472,32.0,0.0002896959915554472,0,0.0002896959915554472,0.0002896959915554472,95:0.001222134194776403;95:0.001222134194776403;95:0.001222134194776403;95:0.001222134194776403;115:0.015717163225050373;115:0.015717163225050373;115:0.015717163225050373;115:0.015717163225050373,95:68.0;95:68.0;95:68.0;95:68.0;115:68.0;115:68.0;115:68.0;115:68.0,95:0.0012000677705413798;95:0.0012000677705413798;95:0.0012000677705413798;95:0.0012000677705413798;115:0.019121627499278704;115:0.019121627499278704;115:0.019121627499278704;115:0.019121627499278704,0.00341796875,Yes
100,238.49616089992006,373.2417379776233,0.0048828125,0.0078125,0.001953125,2180.0,0.00018671576016662507,32.0,0.00018671576016662507,0,0.00018671576016662507,0.00018671576016662507,101:0.0009951634137257415;101:0.0009951634137257415;101:0.0009951634137257415;101:0.0009951634137257415,101:68.0;101:68.0;101:68.0;101:68.0,101:0.0008509221178528981;101:0.0008509221178528981;101:0.0008509221178528981;101:0.0008509221178528981,0.0048828125,Yes
101,209.81054630027316,289.01780057821844,0.0068359375,0.00927734375,0.00439453125,2180.0,0.00013838158811200753,32.0,0.00013838158811200753,0,0.00013838158811200753,0.00013838158811200753,100:0.0009951634137257415;100:0.0009951634137257415;100:0.0009951634137257415;100:0.0009951634137257415;102:0.001717482241463536;102:0.001717482241463536;102:0.001717482241463536;102:0.001717482241463536;116:0.0008737956288479287;116:0.0008737956288479287;116:0.0008737956288479287;116:0.0008737956288479287,100:68.0;100:68.0;100:68.0;100:68.0;102:68.0;102:68.0;102:68.0;102:68.0;116:68.0;116:68.0;116:68.0;116:68.0,100:0.0008509221178528981;100:0.0008509221178528981;100:0.0008509221178528981;100:0.0008509221178528981;102:0.000865854094254076;102:0.000865854094254076;102:0.000865854094254076;102:0.000865854094254076;116:0.0015374192448678325;116:0.0015374192448678325;116:0.0015374192448678325;116:0.0015374192448678325,0.0068359375,Yes
102,280.2557846273573,326.33206214633543,0.0029296875,0.00537109375,0.00048828125,2180.0,0.00040495107503818294,32.0,0.00040495107503818294,0,0.00040495107503818294,0.00040495107503818294,101:0.001717482241463536;101:0.001717482241463536;101:0.001717482241463536;101:0.001717482241463536;103:0.0018326447508060228;103:0.0018326447508060228;103:0.0018326447508060228;103:0.0018326447508060228,101:68.0;101:68.0;101:68.0;101:68.0;103:68.0;103:68.0;103:68.0;103:68.0,101:0.000865854094254076;101:0.000865854094254076;101:0.000865854094254076;101:0.000865854094254076;103:0.0017644443225782458;103:0.0017644443225782458;103:0.0017644443225782458;103:0.0017644443225782458,0.0029296875,Yes
103,287.0116210266282,357.70655420248374,0.00634765625,0.01220703125,0.00048828125,2180.0,0.00020098138134956237,32.0,0.00020098138134956237,0,0.00020098138134956237,0.00020098138134956237,96:0.005612660366516614;96:0.005612660366516614;96:0.005612660366516614;96:0.005612660366516614;102:0.0018326447508060228;102:0.0018326447508060228;102:0.0018326447508060228;102:0.0018326447508060228;104:0.001037852933866018;104:0.001037852933866018;104:0.001037852933866018;104:0.001037852933866018,96:68.0;96:68.0;96:68.0;96:68.0;102:68.0;102:68.0;102:68.0;102:68.0;104:68.0;104:68.0;104:68.0;104:68.0,96:0.002737556141262254;96:0.002737556141262254;96:0.002737556141262254;96:0.002737556141262254;102:0.0017644443225782458;102:0.0017644443225782458;102:0.0017644443225782458;102:0.0017644443225782458;104:0.0009566228092657281;104:0.0009566228092657281;104:0.0009566228092657281;104:0.0009566228092657281,0.00634765625,Yes
104,146.14794661271128,150.85236688636755,0.003173828125,0.005859375,0.00048828125,2180.0,0.00014699785572950335,32.0,0.00014699785572950335,0,0.00014699785572950335,0.00014699785572950335,103:0.001037852933866018;103:0.001037852933866018;103:0.001037852933866018;103:0.001037852933866018;105:0.0010258330587576137;105:0.0010258330587576137;105:0.0010258330587576137;105:0.0010258330587576137,103:68.0;103:68.0;103:68.0;103:68.0;105:68.0;105:68.0;105:68.0;105:68.0,103:0.0009566228092657281;103:0.0009566228092657281;103:0.0009566228092657281;103:0.0009566228092657281;105:0.000903960931333242;105:0.000903960931333242;105:0.000903960931333242;105:0.000903960931333242,0.003173828125,Yes
105,228.28880091092927,218.38040748169507,0.004150390625,0.0078125,0.00048828125,2180.0,0.002456888067658013,32.0,0.002456888067658013,0,0.002456888067658013,0.002456888067658013,104:0.0010258330587576137;104:0.0010258330587576137;104:0.0010258330587576137;104:0.0010258330587576137;106:0.009374973584922924;106:0.009374973584922924;106:0.009374973584922924;106:0.009374973584922924;117:0.0017430074520938532;117:0.0017430074520938532;117:0.0017430074520938532;117:0.0017430074520938532,104:68.0;104:68.0;104:68.0;104:68.0;106:92.0;106:92.0;106:92.0;106:92.0;117:68.0;117:68.0;117:68.0;117:68.0,104:0.000903960931333242;104:0.000903960931333242;104:0.000903960931333242;104:0.000903960931333242;106:0.0035391743330927816;106:0.0035391743330927816;106:0.0035391743330927816;106:0.0035391743330927816;117:0.0015227513099451695;117:0.0015227513099451695;117:0.0015227513099451695;117:0.0015227513099451695,0.004150390625,Yes
106,190.439440219861,218.72485829847193,0.014404296875,0.015625,0.01318359375,2180.0,0.00019993000290044943,32.0,0.00019993000290044943,0,0.00019993000290044943,0.00019993000290044943,105:0.009374973584922924;105:0.009374973584922924;105:0.009374973584922924;105:0.009374973584922924;107:0.0030118610293083936;107:0.0030118610293083936;107:0.0030118610293083936;107:0.0030118610293083936,105:92.0;105:92.0;105:92.0;105:92.0;107:68.0;107:68.0;107:68.0;107:68.0,105:0.0035391743330927816;105:0.0035391743330927816;105:0.0035391743330927816;105:0.0035391743330927816;107:0.0020363491823593427;107:0.0020363491823593427;107:0.0020363491823593427;107:0.0020363491823593427,0.014404296875,Yes
107,220.6594713182597,270.74179809160347,0.004638671875,0.0087890625,0.00048828125,2180.0,0.0003107727425297368,32.0,0.0003107727425297368,0,0.0003107727425297368,0.0003107727425297368,97:0.002932169286595565;97:0.002932169286595565;97:0.002932169286595565;97:0.002932169286595565;106:0.0030118610293083936;106:0.0030118610293083936;106:0.0030118610293083936;106:0.0030118610293083936;108:0.0012796830284856064;108:0.0012796830284856064;108:0.0012796830284856064;108:0.0012796830284856064,97:68.0;97:68.0;97:68.0;97:68.0;106:68.0;106:68.0;106:68.0;106:68.0;108:68.0;108:68.0;108:68.0;108:68.0,97:0.002000187251190083;97:0.002000187251190083;97:0.002000187251190083;97:0.002000187251190083;106:0.0020363491823593427;106:0.0020363491823593427;106:0.0020363491823593427;106:0.0020363491823593427;108:0.0012510976562887244;108:0.0012510976562887244;108:0.0012510976562887244;108:0.0012510976562887244,0.004638671875,Yes
108,248.7878390277029,141.64197583869733,0.00830078125,0.0126953125,0.00390625,2180.0,0.00019961962891951082,32.0,0.00019961962891951082,0,0.00019961962891951082,0.00019961962891951082,107:0.0012796830284856064;107:0.0012796830284856064;107:0.0012796830284856064;107:0.0012796830284856064;109:0.0015192662123376666;109:0.0015192662123376666;109:0.0015192662123376666;109:0.0015192662123376666,107:68.0;107:68.0;107:68.0;107:68.0;109:68.0;109:68.0;109:68.0;109:68.0,107:0.0012510976562887244;107:0.0012510976562887244;107:0.0012510976562887244;107:0.0012510976562887244;109:0.0014556901033724867;109:0.0014556901033724867;109:0.0014556901033724867;109:0.0014556901033724867,0.00830078125,Yes
109,259.5531098803565,287.144348528661,0.00439453125,0.0068359375,0.001953125,2180.0,0.00023112877047208396,32.0,0.00023112877047208396,0,0.00023112877047208396,0.00023112877047208396,108:0.0015192662123376666;108:0.0015192662123376666;108:0.0015192662123376666;108:0.0015192662123376666;110:0.001469053719553387;110:0.001469053719553387;110:0.001469053719553387;110:0.001469053719553387;118:0.0013570008705448;118:0.0013570008705448;118:0.0013570008705448;118:0.0013570008705448,108:68.0;108:68.0;108:68.0;108:68.0;110:68.0;110:68.0;110:68.0;110:68.0;118:68.0;118:68.0;118:68.0;118:68.0,108:0.0014556901033724867;108:0.0014556901033724867;108:0.0014556901033724867;108:0.0014556901033724867;110:0.0017466264745915339;110:0.0017466264745915339;110:0.0017466264745915339;110:0.0017466264745915339;118:0.0010849263054483194;118:0.0010849263054483194;118:0.0010849263054483194;118:0.0010849263054483194,0.00439453125,Yes
110,233.85892058314298,266.95601513496916,0.00244140625,0.00439453125,0.00048828125,2180.0,0.00029917050954486184,32.0,0.00029917050954486184,0,0.00029917050954486184,0.00029917050954486184,109:0.001469053719553387;109:0.001469053719553387;109:0.001469053719553387;109:0.001469053719553387;111:0.00641294952584584;111:0.00641294952584584;111:0.00641294952584584;111:0.00641294952584584,109:68.0;109:68.0;109:68.0;109:68.0;111:68.0;111:68.0;111:68.0;111:68.0,109:0.0017466264745915339;109:0.0017466264745915339;109:0.0017466264745915339;109:0.0017466264745915339;111:0.0019034337189386408;111:0.0019034337189386408;111:0.0019034337189386408;111:0.0019034337189386408,0.00244140625,Yes
111,276.866902745856,353.64342081802687,0.006591796875,0.00927734375,0.00390625,2180.0,0.00010216854104099525,32.0,0.00010216854104099525,0,0.00010216854104099525,0.00010216854104099525,98:0.0021183493977445234;98:0.0021183493977445234;98:0.0021183493977445234;98:0.0021183493977445234;110:0.00641294952584584;110:0.00641294952584584;110:0.00641294952584584;110:0.00641294952584584;112:0.0013359633311103847;112:0.0013359633311103847;112:0.0013359633311103847;112:0.0013359633311103847,98:68.0;98:68.0;98:68.0;98:68.0;110:68.0;110:68.0;110:68.0;110:68.0;112:68.0;112:68.0;112:68.0;112:68.0,98:0.0013783278853433945;98:0.0013783278853433945;98:0.0013783278853433945;98:0.0013783278853433945;110:0.0019034337189386408;110:0.0019034337189386408;110:0.0019034337189386408;110:0.0019034337189386408;112:0.0016446133882191127;112:0.0016446133882191127;112:0.0016446133882191127;112:0.0016446133882191127,0.006591796875,Yes
112,209.6783974024711,267.74146592206165,0.007080078125,0.01318359375,0.0009765625,2180.0,0.00013641919379856957,32.0,0.00013641919379856957,0,0.00013641919379856957,0.00013641919379856957,111:0.0013359633311103847;111:0.0013359633311103847;111:0.0013359633311103847;111:0.0013359633311103847;113:0.002454201602628464;113:0.002454201602628464;113:0.002454201602628464;113:0.002454201602628464,111:68.0;111:68.0;111:68.0;111:68.0;113:68.0;113:68.0;113:68.0;113:68.0,111:0.0016446133882191127;111:0.0016446133882191127;111:0.0016446133882191127;111:0.0016446133882191127;113:0.0011179831001765228;113:0.0011179831001765228;113:0.0011179831001765228;113:0.0011179831001765228,0.007080078125,Yes
113,252.3274170829875,191.0310241473577,0.003662109375,0.00634765625,0.0009765625,2180.0,0.00010442592026035198,32.0,0.00010442592026035198,0,0.00010442592026035198,0.00010442592026035198,112:0.002454201602628464;112:0.002454201602628464;112:0.002454201602628464;112:0.002454201602628464;114:0.0031424332732091775;114:0.0031424332732091775;114:0.0031424332732091775;114:0.0031424332732091775;119:0.002004322266561692;119:0.002004322266561692;119:0.002004322266561692;119:0.002004322266561692,112:68.0;112:68.0;112:68.0;112:68.0;114:68.0;114:68.0;114:68.0;114:68.0;119:68.0;119:68.0;119:68.0;119:68.0,112:0.0011179831001765228;112:0.0011179831001765228;112:0.0011179831001765228;112:0.0011179831001765228;114:0.0014721456765087737;114:0.0014721456765087737;114:0.0014721456765087737;114:0.0014721456765087737;119:0.000898277993596347;119:0.000898277993596347;119:0.000898277993596347;119:0.000898277993596347,0.003662109375,Yes
114,244.3112924224666,280.5584260617261,0.0068359375,0.009765625,0.00390625,2180.0,0.000259973140726357,32.0,0.000259973140726357,0,0.000259973140726357,0.000259973140726357,113:0.0031424332732091775;113:0.0031424332732091775;113:0.0031424332732091775;113:0.0031424332732091775;115:0.07668454138506559;115:0.07668454138506559;115:0.07668454138506559;115:0.07668454138506559,113:68.0;113:68.0;113:68.0;113:68.0;115:68.0;115:68.0;115:68.0;115:68.0,113:0.0014721456765087737;113:0.0014721456765087737;113:0.0014721456765087737;113:0.0014721456765087737;115:0.032587823167830404;115:0.032587823167830404;115:0.032587823167830404;115:0.032587823167830404,0.0068359375,Yes
115,147.859422360903,210.26099748954624,0.005859375,0.0107421875,0.0009765625,2180.0,0.00010757426083136766,32.0,0.00010757426083136766,0,0.00010757426083136766,0.00010757426083136766,99:0.015717163225050373;99:0.015717163225050373;99:0.015717163225050373;99:0.015717163225050373;114:0.07668454138506559;114:0.07668454138506559;114:0.07668454138506559;114:0.07668454138506559,99:68.0;99:68.0;99:68.0;99:68.0;114:68.0;114:68.0;114:68.0;114:68.0,99:0.019121627499278704;99:0.019121627499278704;99:0.019121627499278704;99:0.019121627499278704;114:0.032587823167830404;114:0.032587823167830404;114:0.032587823167830404;114:0.032587823167830404,0.005859375,Yes
116,202.44722970086434,268.55223622093587,0.00341796875,0.0068359375,0,2180.0,0.0006785013326942471,32.0,0.0006785013326942471,0,0.0006785013326942471,0.0006785013326942471,101:0.0008737956288479287;101:0.0008737956288479287;101:0.0008737956288479287;101:0.0008737956288479287;121:0.005967451123179285;121:0.005967451123179285;121:0.005967451123179285;121:0.005967451123179285,101:68.0;101:68.0;101:68.0;101:68.0;121:68.0;121:68.0;121:68.0;121:68.0,101:0.0015374192448678325;101:0.0015374192448678325;101:0.0015374192448678325;101:0.0015374192448678325;121:0.001216936858269152;121:0.001216936858269152;121:0.001216936858269152;121:0.001216936858269152,0.00341796875,Yes
117,141.0075067357058,186.52715247303027,0.00537109375,0.009765625,0.0009765625,2180.0,0.00038771601682832907,32.0,0.00038771601682832907,0,0.00038771601682832907,0.00038771601682832907,105:0.0017430074520938532;105:0.0017430074520938532;105:0.0017430074520938532;105:0.0017430074520938532;125:0.0009609687568590264;125:0.0009609687568590264;125:0.0009609687568590264;125:0.0009609687568590264,105:68.0;105:68.0;105:68.0;105:68.0;125:68.0;125:68.0;125:68.0;125:68.0,105:0.0015227513099451695;105:0.0015227513099451695;105:0.0015227513099451695;105:0.0015227513099451695;125:0.0008553285284740308;125:0.0008553285284740308;125:0.0008553285284740308;125:0.0008553285284740308,0.00537109375,Yes
118,240.56442107862244,428.1957592583287,0.039794921875,0.044921875,0.03466796875,2180.0,0.00019873792874308623,32.0,0.00019873792874308623,0,0.00019873792874308623,0.00019873792874308623,109:0.0013570008705448;109:0.0013570008705448;109:0.0013570008705448;109:0.0013570008705448;129:0.0034957195106070926;129:0.0034957195106070926;129:0.0034957195106070926;129:0.0034957195106070926,109:68.0;109:68.0;109:68.0;109:68.0;129:68.0;129:68.0;129:68.0;129:68.0,109:0.0010849263054483194;109:0.0010849263054483194;109:0.0010849263054483194;109:0.0010849263054483194;129:0.0030883856028674495;129:0.0030883856028674495;129:0.0030883856028674495;129:0.0030883856028674495,0.039794921875,Yes
119,197.11113503924415,323.36196092026074,0.001953125,0.00341796875,0.00048828125,2180.0,0.0002631434649868466,32.0,0.0002631434649868466,0,0.0002631434649868466,0.0002631434649868466,113:0.002004322266561692;113:0.002004322266561692;113:0.002004322266561692;113:0.002004322266561692;133:0.005913126047881051;133:0.005913126047881051;133:0.005913126047881051;133:0.005913126047881051,113:68.0;113:68.0;113:68.0;113:68.0;133:68.0;133:68.0;133:68.0;133:68.0,113:0.000898277993596347;113:0.000898277993596347;113:0.000898277993596347;113:0.000898277993596347;133:0.0013558786438787884;133:0.0013558786438787884;133:0.0013558786438787884;133:0.0013558786438787884,0.001953125,Yes
120,316.3884941445166,440.84550292844875,0.00341796875,0.00439453125,0.00244140625,2180.0,0.0002697768175041524,32.0,0.0002697768175041524,0,0.0002697768175041524,0.0002697768175041524,121:0.001423269774438518;121:0.001423269774438518;121:0.001423269774438518;121:0.001423269774438518,121:68.0;121:68.0;121:68.0;121:68.0,121:0.0008487674675729528;121:0.0008487674675729528;121:0.0008487674675729528;121:0.0008487674675729528,0.00341796875,Yes
121,244.25728470426722,283.0397964713513,0.005615234375,0.009765625,0.00146484375,2180.0,0.00026169975321877907,32.0,0.00026169975321877907,0,0.00026169975321877907,0.00026169975321877907,116:0.005967451123179285;116:0.005967451123179285;116:0.005967451123179285;116:0.005967451123179285;120:0.001423269774438518;120:0.001423269774438518;120:0.001423269774438518;120:0.001423269774438518;122:0.0015955100577317582;122:0.0015955100577317582;122:0.0015955100577317582;122:0.0015955100577317582,116:68.0;116:68.0;116:68.0;116:68.0;120:68.0;120:68.0;120:68.0;120:68.0;122:68.0;122:68.0;122:68.0;122:68.0,116:0.001216936858269152;116:0.001216936858269152;116:0.001216936858269152;116:0.001216936858269152;120:0.0008487674675729528;120:0.0008487674675729528;120:0.0008487674675729528;120:0.0008487674675729528;122:0.0025399945983413663;122:0.0025399945983413663;122:0.0025399945983413663;122:0.0025399945983413663,0.005615234375,Yes
122,323.194997146133,378.0072339034473,0.00390625,0.00244140625,0.00537109375,2180.0,0.00016456820381918327,32.0,0.00016456820381918327,0,0.00016456820381918327,0.00016456820381918327,121:0.0015955100577317582;121:0.0015955100577317582;121:0.0015955100577317582;121:0.0015955100577317582;123:0.00085025609100714;123:0.00085025609100714;123:0.00085025609100714;123:0.00085025609100714,121:68.0;121:68.0;121:68.0;121:68.0;123:68.0;123:68.0;123:68.0;123:68.0,121:0.0025399945983413663;121:0.0025399945983413663;121:0.0025399945983413663;121:0.0025399945983413663;123:0.0014760821586130568;123:0.0014760821586130568;123:0.0014760821586130568;123:0.0014760821586130568,0.00390625,Yes
123,249.66749076440075,323.6826659405393,0.003662109375,0.0068359375,0.00048828125,2180.0,0.00024075346910069293,32.0,0.00024075346910069293,0,0.00024075346910069293,0.00024075346910069293,122:0.00085025609100714;122:0.00085025609100714;122:0.00085025609100714;122:0.00085025609100714;124:0.0031744270270159247;124:0.0031744270270159247;124:0.0031744270270159247;124:0.0031744270270159247;136:0.002632269695006434;136:0.002632269695006434;136:0.002632269695006434;136:0.002632269695006434,122:68.0;122:68.0;122:68.0;122:68.0;124:68.0;124:68.0;124:68.0;124:68.0;136:68.0;136:68.0;136:68.0;136:68.0,122:0.0014760821586130568;122:0.0014760821586130568;122:0.0014760821586130568;122:0.0014760821586130568;124:0.006088579221520146;124:0.006088579221520146;124:0.006088579221520146;124:0.006088579221520146;136:0.0007588336743123703;136:0.0007588336743123703;136:0.0007588336743123703;136:0.0007588336743123703,0.003662109375,Yes
124,305.1903155005936,228.20569987738946,0.0029296875,0.00537109375,0.00048828125,2180.0,0.0004398584881549302,32.0,0.0004398584881549302,0,0.0004398584881549302,0.0004398584881549302,123:0.0031744270270159247;123:0.0031744270270159247;123:0.0031744270270159247;123:0.0031744270270159247;125:0.0011124795365921591;125:0.0011124795365921591;125:0.0011124795365921591;125:0.0011124795365921591,123:68.0;123:68.0;123:68.0;123:68.0;125:68.0;125:68.0;125:68.0;125:68.0,123:0.006088579221520146;123:0.006088579221520146;123:0.006088579221520146;123:0.006088579221520146;125:0.004164260090581823;125:0.004164260090581823;125:0.004164260090581823;125:0.004164260090581823,0.0029296875,Yes
125,244.8316429232785,249.80155767236218,0.0078125,0.0126953125,0.0029296875,2180.0,0.00019192884917826325,32.0,0.00019192884917826325,0,0.00019192884917826325,0.00019192884917826325,117:0.0009609687568590264;117:0.0009609687568590264;117:0.0009609687568590264;117:0.0009609687568590264;124:0.0011124795365921591;124:0.0011124795365921591;124:0.0011124795365921591;124:0.0011124795365921591;126:0.0019849350307172275;126:0.0019849350307172275;126:0.0019849350307172275;126:0.0019849350307172275,117:68.0;117:68.0;117:68.0;117:68.0;124:68.0;124:68.0;124:68.0;124:68.0;126:68.0;126:68.0;126:68.0;126:68.0,117:0.0008553285284740308;117:0.0008553285284740308;117:0.0008553285284740308;117:0.0008553285284740308;124:0.004164260090581823;124:0.004164260090581823;124:0.004164260090581823;124:0.004164260090581823;126:0.0015323793847265288;126:0.0015323793847265288;126:0.0015323793847265288;126:0.0015323793847265288,0.0078125,Yes
126,217.98828112957528,237.14036129852477,0.003173828125,0.0048828125,0.00146484375,2180.0,0.00016067590216127411,32.0,0.00016067590216127411,0,0.00016067590216127411,0.00016067590216127411,125:0.0019849350307172275;125:0.0019849350307172275;125:0.0019849350307172275;125:0.0019849350307172275;127:0.001575520798449942;127:0.001575520798449942;127:0.001575520798449942;127:0.001575520798449942,125:68.0;125:68.0;125:68.0;125:68.0;127:68.0;127:68.0;127:68.0;127:68.0,125:0.0015323793847265288;125:0.0015323793847265288;125:0.0015323793847265288;125:0.0015323793847265288;127:0.005039587920647487;127:0.005039587920647487;127:0.005039587920647487;127:0.005039587920647487,0.003173828125,Yes
127,280.30650827276634,273.7950413935363,0.00927734375,0.01416015625,0.00439453125,2180.0,0.00015496111890350703,32.0,0.00015496111890350703,0,0.00015496111890350703,0.00015496111890350703,126:0.001575520798449942;126:0.001575520798449942;126:0.001575520798449942;126:0.001575520798449942;128:0.006555128106388808;128:0.006555128106388808;128:0.006555128106388808;128:0.006555128106388808;137:0.0009952262136978807;137:0.0009952262136978807;137:0.0009952262136978807;137:0.0009952262136978807,126:68.0;126:68.0;126:68.0;126:68.0;128:68.0;128:68.0;128:68.0;128:68.0;137:68.0;137:68.0;137:68.0;137:68.0,126:0.005039587920647487;126:0.005039587920647487;126:0.005039587920647487;126:0.005039587920647487;128:0.013808056995241624;128:0.013808056995241624;128:0.013808056995241624;128:0.013808056995241624;137:0.001132767880707708;137:0.001132767880707708;137:0.001132767880707708;137:0.001132767880707708,0.00927734375,Yes
128,225.53724561698345,274.4991913218672,0.005126953125,0.0078125,0.00244140625,2180.0,0.00020871989829436826,32.0,0.00020871989829436826,0,0.00020871989829436826,0.00020871989829436826,127:0.006555128106388808;127:0.006555128106388808;127:0.006555128106388808;127:0.006555128106388808;129:0.0021181333669423597;129:0.0021181333669423597;129:0.0021181333669423597;129:0.0021181333669423597,127:68.0;127:68.0;127:68.0;127:68.0;129:68.0;129:68.0;129:68.0;129:68.0,127:0.013808056995241624;127:0.013808056995241624;127:0.013808056995241624;127:0.013808056995241624;129:0.004765258503822006;129:0.004765258503822006;129:0.004765258503822006;129:0.004765258503822006,0.005126953125,Yes
129,327.7673851683882,371.47271739436184,0.0029296875,0.00537109375,0.00048828125,2180.0,0.0003715224788748616,32.0,0.0003715224788748616,0,0.0003715224788748616,0.0003715224788748616,118:0.0034957195106070926;118:0.0034957195106070926;118:0.0034957195106070926;118:0.0034957195106070926;128:0.0021181333669423597;128:0.0021181333669423597;128:0.0021181333669423597;128:0.0021181333669423597;130:0.001472020985066519;130:0.001472020985066519;130:0.001472020985066519;130:0.001472020985066519,118:68.0;118:68.0;118:68.0;118:68.0;128:68.0;128:68.0;128:68.0;128:68.0;130:68.0;130:68.0;130:68.0;130:68.0,118:0.0030883856028674495;118:0.0030883856028674495;118:0.0030883856028674495;118:0.0030883856028674495;128:0.004765258503822006;128:0.004765258503822006;128:0.004765258503822006;128:0.004765258503822006;130:0.002658156778168441;130:0.002658156778168441;130:0.002658156778168441;130:0.002658156778168441,0.0029296875,Yes
130,323.0733375859313,317.5807832391429,0.00244140625,0.00390625,0.0009765625,2180.0,0.0002542302615864956,32.0,0.0002542302615864956,0,0.0002542302615864956,0.0002542302615864956,129:0.001472020985066519;129:0.001472020985066519;129:0.001472020985066519;129:0.001472020985066519;131:0.0020834497850632516;131:0.0020834497850632516;131:0.0020834497850632516;131:0.0020834497850632516,129:68.0;129:68.0;129:68.0;129:68.0;131:68.0;131:68.0;131:68.0;131:68.0,129:0.002658156778168441;129:0.002658156778168441;129:0.002658156778168441;129:0.002658156778168441;131:0.0021947212722704945;131:0.0021947212722704945;131:0.0021947212722704945;131:0.0021947212722704945,0.00244140625,Yes
131,298.53172327764213,338.3708303670599,0.00927734375,0.01416015625,0.00439453125,2180.0,0.00029963918841305874,32.0,0.00029963918841305874,0,0.00029963918841305874,0.00029963918841305874,130:0.0020834497850632516;130:0.0020834497850632516;130:0.0020834497850632516;130:0.0020834497850632516;132:0.0013325206999049433;132:0.0013325206999049433;132:0.0013325206999049433;132:0.0013325206999049433;138:0.0016343177259727781;138:0.0016343177259727781;138:0.0016343177259727781;138:0.0016343177259727781,130:68.0;130:68.0;130:68.0;130:68.0;132:68.0;132:68.0;132:68.0;132:68.0;138:68.0;138:68.0;138:68.0;138:68.0,130:0.0021947212722704945;130:0.0021947212722704945;130:0.0021947212722704945;130:0.0021947212722704945;132:0.0015847405328780206;132:0.0015847405328780206;132:0.0015847405328780206;132:0.0015847405328780206;138:0.0018652066913447674;138:0.0018652066913447674;138:0.0018652066913447674;138:0.0018652066913447674,0.00927734375,Yes
132,265.6011941918055,408.97434336040504,0.002197265625,0.0029296875,0.00146484375,2180.0,0.00013252043120314436,32.0,0.00013252043120314436,0,0.00013252043120314436,0.00013252043120314436,131:0.0013325206999049433;131:0.0013325206999049433;131:0.0013325206999049433;131:0.0013325206999049433;133:0.0011849991444941865;133:0.0011849991444941865;133:0.0011849991444941865;133:0.0011849991444941865,131:68.0;131:68.0;131:68.0;131:68.0;133:68.0;133:68.0;133:68.0;133:68.0,131:0.0015847405328780206;131:0.0015847405328780206;131:0.0015847405328780206;131:0.0015847405328780206;133:0.0011170807249840375;133:0.0011170807249840375;133:0.0011170807249840375;133:0.0011170807249840375,0.002197265625,Yes
133,347.72022674541586,265.40451053340473,0.009521484375,0.00927734375,0.009765625,2180.0,0.00022057988232551193,32.0,0.00022057988232551193,0,0.00022057988232551193,0.00022057988232551193,119:0.005913126047881051;119:0.005913126047881051;119:0.005913126047881051;119:0.005913126047881051;132:0.0011849991444941865;132:0.0011849991444941865;132:0.0011849991444941865;132:0.0011849991444941865;134:0.0018857534684673105;134:0.0018857534684673105;134:0.0018857534684673105;134:0.0018857534684673105,119:68.0;119:68.0;119:68.0;119:68.0;132:68.0;132:68.0;132:68.0;132:68.0;134:68.0;134:68.0;134:68.0;134:68.0,119:0.0013558786438787884;119:0.0013558786438787884;119:0.0013558786438787884;119:0.0013558786438787884;132:0.0011170807249840375;132:0.0011170807249840375;132:0.0011170807249840375;132:0.0011170807249840375;134:0.001950601711328881;134:0.001950601711328881;134:0.001950601711328881;134:0.001950601711328881,0.009521484375,Yes
134,262.37145081058196,255.90164859166845,0.001953125,0.00390625,0,2180.0,0.00026406703322469523,32.0,0.00026406703322469523,0,0.00026406703322469523,0.00026406703322469523,133:0.0018857534684673105;133:0.0018857534684673105;133:0.0018857534684673105;133:0.0018857534684673105;135:0.0011756316988380255;135:0.0011756316988380255;135:0.0011756316988380255;135:0.0011756316988380255,133:68.0;133:68.0;133:68.0;133:68.0;135:68.0;135:68.0;135:68.0;135:68.0,133:0.001950601711328881;133:0.001950601711328881;133:0.001950601711328881;133:0.001950601711328881;135:0.0018548242478915455;135:0.0018548242478915455;135:0.0018548242478915455;135:0.0018548242478915455,0.001953125,Yes
135,328.9484969288285,289.95791161748616,0.006103515625,0.00830078125,0.00390625,2180.0,0.0003282891601416387,32.0,0.0003282891601416387,0,0.0003282891601416387,0.0003282891601416387,134:0.0011756316988380255;134:0.0011756316988380255;134:0.0011756316988380255;134:0.0011756316988380255;139:0.001425053286234601;139:0.001425053286234601;139:0.001425053286234601;139:0.001425053286234601,134:68.0;134:68.0;134:68.0;134:68.0;139:68.0;139:68.0;139:68.0;139:68.0,134:0.0018548242478915455;134:0.0018548242478915455;134:0.0018548242478915455;134:0.0018548242478915455;139:0.0010420240657371682;139:0.0010420240657371682;139:0.0010420240657371682;139:0.0010420240657371682,0.006103515625,Yes
136,192.7092607685559,253.44663760497517,0.0029296875,0.0048828125,0.0009765625,2180.0,9.977400656016379e-05,32.0,9.977400656016379e-05,0,9.977400656016379e-05,9.977400656016379e-05,123:0.002632269695006434;123:0.002632269695006434;123:0.002632269695006434;123:0.002632269695006434;143:0.0028139237848387177;143:0.0028139237848387177;143:0.0028139237848387177;143:0.0028139237848387177,123:68.0;123:68.0;123:68.0;123:68.0;143:68.0;143:68.0;143:68.0;143:68.0,123:0.0007588336743123703;123:0.0007588336743123703;123:0.0007588336743123703;123:0.0007588336743123703;143:0.0026661405216187872;143:0.0026661405216187872;143:0.0026661405216187872;143:0.0026661405216187872,0.0029296875,Yes
137,261.9740838873019,301.48339904513807,0.003173828125,0.0048828125,0.00146484375,2180.0,0.000181342434586181,32.0,0.000181342434586181,0,0.000181342434586181,0.000181342434586181,127:0.0009952262136978807;127:0.0009952262136978807;127:0.0009952262136978807;127:0.0009952262136978807;147:0.006546321947452083;147:0.006546321947452083;147:0.006546321947452083;147:0.006546321947452083,127:68.0;127:68.0;127:68.0;127:68.0;147:68.0;147:68.0;147:68.0;147:68.0,127:0.001132767880707708;127:0.001132767880707708;127:0.001132767880707708;127:0.001132767880707708;147:0.006163426789905058;147:0.006163426789905058;147:0.006163426789905058;147:0.006163426789905058,0.003173828125,Yes
138,285.8945679102917,479.30502997592805,0.003173828125,0.0048828125,0.00146484375,2180.0,0.00027146656500980006,32.0,0.00027146656500980006,0,0.00027146656500980006,0.00027146656500980006,131:0.0016343177259727781;131:0.0016343177259727781;131:0.0016343177259727781;131:0.0016343177259727781;151:0.002369311059789825;151:0.002369311059789825;151:0.002369311059789825;151:0.002369311059789825,131:68.0;131:68.0;131:68.0;131:68.0;151:68.0;151:68.0;151:68.0;151:68.0,131:0.0018652066913447674;131:0.0018652066913447674;131:0.0018652066913447674;131:0.0018652066913447674;151:0.0009264550848614161;151:0.0009264550848614161;151:0.0009264550848614161;151:0.0009264550848614161,0.003173828125,Yes
139,268.4766285776689,272.6173273178936,0.009521484375,0.015625,0.00341796875,2180.0,0.00014112209655112412,32.0,0.00014112209655112412,0,0.00014112209655112412,0.00014112209655112412,135:0.001425053286234601;135:0.001425053286234601;135:0.001425053286234601;135:0.001425053286234601;155:0.001290802855032247;155:0.001290802855032247;155:0.001290802855032247;155:0.001290802855032247,135:68.0;135:68.0;135:68.0;135:68.0;155:68.0;155:68.0;155:68.0;155:68.0,135:0.0010420240657371682;135:0.0010420240657371682;135:0.0010420240657371682;135:0.0010420240657371682;155:0.0010612938760147794;155:0.0010612938760147794;155:0.0010612938760147794;155:0.0010612938760147794,0.009521484375,Yes
140,227.84940626983678,336.1990344971093,0.00390625,0.0068359375,0.0009765625,2180.0,0.0001651111815184341,32.0,0.0001651111815184341,0,0.0001651111815184341,0.0001651111815184341,141:0.0014930315066613853;141:0.0014930315066613853;141:0.0014930315066613853;141:0.0014930315066613853,141:68.0;141:68.0;141:68.0;141:68.0,141:0.0037386442756437432;141:0.0037386442756437432;141:0.0037386442756437432;141:0.0037386442756437432,0.00390625,Yes
141,192.88214692878154,270.22233177369054,0.009033203125,0.0126953125,0.00537109375,2180.0,0.0002155246806990944,32.0,0.0002155246806990944,0,0.0002155246806990944,0.0002155246806990944,140:0.0014930315066613853;140:0.0014930315066613853;140:0.0014930315066613853;140:0.0014930315066613853;142:0.0018333288310527218;142:0.0018333288310527218;142:0.0018333288310527218;142:0.0018333288310527218,140:68.0;140:68.0;140:68.0;140:68.0;142:128.0;142:128.0;142:128.0;142:128.0,140:0.0037386442756437432;140:0.0037386442756437432;140:0.0037386442756437432;140:0.0037386442756437432;142:0.009591346421526314;142:0.009591346421526314;142:0.009591346421526314;142:0.009591346421526314,0.009033203125,Yes
142,256.7771481300094,345.6086038352161,0.006591796875,0.00634765625,0.0068359375,2180.0,0.00024502226906553094,32.0,0.00024502226906553094,0,0.00024502226906553094,0.00024502226906553094,141:0.0018333288310527218;141:0.0018333288310527218;141:0.0018333288310527218;141:0.0018333288310527218;143:0.0025575704230978713;143:0.0025575704230978713;143:0.0025575704230978713;143:0.0025575704230978713,141:128.0;141:128.0;141:128.0;141:128.0;143:68.0;143:68.0;143:68.0;143:68.0,141:0.009591346421526314;141:0.009591346421526314;141:0.009591346421526314;141:0.009591346421526314;143:0.002193481144535492;143:0.002193481144535492;143:0.002193481144535492;143:0.002193481144535492,0.006591796875,Yes
143,252.01063678906976,271.8973343418565,0.053466796875,0.09423828125,0.0126953125,2180.0,0.0006634740746041158,32.0,0.0006634740746041158,0,0.0006634740746041158,0.0006634740746041158,136:0.0028139237848387177;136:0.0028139237848387177;136:0.0028139237848387177;136:0.0028139237848387177;142:0.0025575704230978713;142:0.0025575704230978713;142:0.0025575704230978713;142:0.0025575704230978713;144:0.002727992437090987;144:0.002727992437090987;144:0.002727992437090987;144:0.002727992437090987,136:68.0;136:68.0;136:68.0;136:68.0;142:68.0;142:68.0;142:68.0;142:68.0;144:68.0;144:68.0;144:68.0;144:68.0,136:0.0026661405216187872;136:0.0026661405216187872;136:0.0026661405216187872;136:0.0026661405216187872;142:0.002193481144535492;142:0.002193481144535492;142:0.002193481144535492;142:0.002193481144535492;144:0.0036115655051669193;144:0.0036115655051669193;144:0.0036115655051669193;144:0.0036115655051669193,0.053466796875,Yes
144,266.80733838276785,306.8790362266643,0.00537109375,0.00830078125,0.00244140625,2180.0,0.0010383038339926685,32.0,0.0010383038339926685,0,0.0010383038339926685,0.0010383038339926685,143:0.002727992437090987;143:0.002727992437090987;143:0.002727992437090987;143:0.002727992437090987;145:0.0012332501866159917;145:0.0012332501866159917;145:0.0012332501866159917;145:0.0012332501866159917,143:68.0;143:68.0;143:68.0;143:68.0;145:68.0;145:68.0;145:68.0;145:68.0,143:0.0036115655051669193;143:0.0036115655051669193;143:0.0036115655051669193;143:0.0036115655051669193;145:0.0007845431266668978;145:0.0007845431266668978;145:0.0007845431266668978;145:0.0007845431266668978,0.00537109375,Yes
145,278.23500949885937,365.98708989766965,0.010986328125,0.01904296875,0.0029296875,2180.0,0.0001545877832668313,32.0,0.0001545877832668313,0,0.0001545877832668313,0.0001545877832668313,144:0.0012332501866159917;144:0.0012332501866159917;144:0.0012332501866159917;144:0.0012332501866159917;146:1;146:1;146:1.0;146:1.0,144:68.0;144:68.0;144:68.0;144:68.0;146:68.0;146:68.0;146:68.0;146:68.0,144:0.0007845431266668978;144:0.0007845431266668978;144:0.0007845431266668978;144:0.0007845431266668978;146:1;146:1;146:1.0;146:1.0,0.010986328125,Yes
146,284.6688174387681,288.65510580048306,0.005615234375,0.00390625,0.00732421875,2180.0,8.371608924499914e-05,32.0,8.371608924499914e-05,0,8.371608924499914e-05,8.371608924499914e-05,145:1;145:1;145:1.0;145:1.0;147:0.0011696893693944332;147:0.0011696893693944332;147:0.0011696893693944332;147:0.0011696893693944332,145:68.0;145:68.0;145:68.0;145:68.0;147:68.0;147:68.0;147:68.0;147:68.0,145:1;145:1;145:1.0;145:1.0;147:0.001649318200291211;147:0.001649318200291211;147:0.001649318200291211;147:0.001649318200291211,0.005615234375,Yes
147,358.6699004478582,234.15857991043725,0.00390625,0.00439453125,0.00341796875,2180.0,0.0002040715418946082,32.0,0.0002040715418946082,0,0.0002040715418946082,0.0002040715418946082,137:0.006546321947452083;137:0.006546321947452083;137:0.006546321947452083;137:0.006546321947452083;146:0.0011696893693944332;146:0.0011696893693944332;146:0.0011696893693944332;146:0.0011696893693944332;148:0.0031389472293691656;148:0.0031389472293691656;148:0.0031389472293691656;148:0.0031389472293691656,137:68.0;137:68.0;137:68.0;137:68.0;146:68.0;146:68.0;146:68.0;146:68.0;148:68.0;148:68.0;148:68.0;148:68.0,137:0.006163426789905058;137:0.006163426789905058;137:0.006163426789905058;137:0.006163426789905058;146:0.001649318200291211;146:0.001649318200291211;146:0.001649318200291211;146:0.001649318200291211;148:0.003348547343100111;148:0.003348547343100111;148:0.003348547343100111;148:0.003348547343100111,0.00390625,Yes
148,298.3833924731143,252.5793060276485,0.003662109375,0.0048828125,0.00244140625,2180.0,0.00013607750157372623,32.0,0.00013607750157372623,0,0.00013607750157372623,0.00013607750157372623,147:0.0031389472293691656;147:0.0031389472293691656;147:0.0031389472293691656;147:0.0031389472293691656;149:0.001088162194178205;149:0.001088162194178205;149:0.001088162194178205;149:0.001088162194178205,147:68.0;147:68.0;147:68.0;147:68.0;149:68.0;149:68.0;149:68.0;149:68.0,147:0.003348547343100111;147:0.003348547343100111;147:0.003348547343100111;147:0.003348547343100111;149:0.0013836890715261396;149:0.0013836890715261396;149:0.0013836890715261396;149:0.0013836890715261396,0.003662109375,Yes
149,300.04246962553367,332.28896860134375,0.00244140625,0.00390625,0.0009765625,2180.0,0.00011151930360435195,32.0,0.00011151930360435195,0,0.00011151930360435195,0.00011151930360435195,148:0.001088162194178205;148:0.001088162194178205;148:0.001088162194178205;148:0.001088162194178205;150:0.0009218090504249932;150:0.0009218090504249932;150:0.0009218090504249932;150:0.0009218090504249932,148:68.0;148:68.0;148:68.0;148:68.0;150:68.0;150:68.0;150:68.0;150:68.0,148:0.0013836890715261396;148:0.0013836890715261396;148:0.0013836890715261396;148:0.0013836890715261396;150:0.0012347985051963384;150:0.0012347985051963384;150:0.0012347985051963384;150:0.0012347985051963384,0.00244140625,Yes
150,211.11046349412854,262.67317825984935,0.00537109375,0.0087890625,0.001953125,2180.0,0.00033906752373762263,32.0,0.00033906752373762263,0,0.00033906752373762263,0.00033906752373762263,149:0.0009218090504249932;149:0.0009218090504249932;149:0.0009218090504249932;149:0.0009218090504249932;151:0.0015182516343832664;151:0.0015182516343832664;151:0.0015182516343832664;151:0.0015182516343832664,149:68.0;149:68.0;149:68.0;149:68.0;151:68.0;151:68.0;151:68.0;151:68.0,149:0.0012347985051963384;149:0.0012347985051963384;149:0.0012347985051963384;149:0.0012347985051963384;151:0.0010194813636611455;151:0.0010194813636611455;151:0.0010194813636611455;151:0.0010194813636611455,0.00537109375,Yes
151,251.71686099279304,337.0533283484653,0.005126953125,0.00537109375,0.0048828125,2180.0,0.00017689214075465126,32.0,0.00017689214075465126,0,0.00017689214075465126,0.00017689214075465126,138:0.002369311059789825;138:0.002369311059789825;138:0.002369311059789825;138:0.002369311059789825;150:0.0015182516343832664;150:0.0015182516343832664;150:0.0015182516343832664;150:0.0015182516343832664;152:0.0012389545111318179;152:0.0012389545111318179;152:0.0012389545111318179;152:0.0012389545111318179,138:68.0;138:68.0;138:68.0;138:68.0;150:68.0;150:68.0;150:68.0;150:68.0;152:68.0;152:68.0;152:68.0;152:68.0,138:0.0009264550848614161;138:0.0009264550848614161;138:0.0009264550848614161;138:0.0009264550848614161;150:0.0010194813636611455;150:0.0010194813636611455;150:0.0010194813636611455;150:0.0010194813636611455;152:0.0011081984909595832;152:0.0011081984909595832;152:0.0011081984909595832;152:0.0011081984909595832,0.005126953125,Yes
152,267.2096177901819,386.3311761780224,0.015380859375,0.01513671875,0.015625,2180.0,0.00015177277833111884,32.0,0.00015177277833111884,0,0.00015177277833111884,0.00015177277833111884,151:0.0012389545111318179;151:0.0012389545111318179;151:0.0012389545111318179;151:0.0012389545111318179;153:1;153:1;153:1.0;153:1.0,151:68.0;151:68.0;151:68.0;151:68.0;153:68.0;153:68.0;153:68.0;153:68.0,151:0.0011081984909595832;151:0.0011081984909595832;151:0.0011081984909595832;151:0.0011081984909595832;153:1;153:1;153:1.0;153:1.0,0.015380859375,Yes
153,345.2131303855421,423.4797126295239,0.01318359375,0.0205078125,0.005859375,2180.0,9.54616151722827e-05,32.0,9.54616151722827e-05,0,9.54616151722827e-05,9.54616151722827e-05,152:1;152:1;152:1.0;152:1.0;154:1;154:1;154:1.0;154:1.0,152:68.0;152:68.0;152:68.0;152:68.0;154:68.0;154:68.0;154:68.0;154:68.0,152:1;152:1;152:1.0;152:1.0;154:1;154:1;154:1.0;154:1.0,0.01318359375,Yes
154,256.7813278616095,362.8669841469884,0.01171875,0.01318359375,0.01025390625,2180.0,0.0004030526454989528,32.0,0.0004030526454989528,0,0.0004030526454989528,0.0004030526454989528,153:1;153:1;153:1.0;153:1.0;155:0.001568695118797453;155:0.001568695118797453;155:0.001568695118797453;155:0.001568695118797453,153:68.0;153:68.0;153:68.0;153:68.0;155:68.0;155:68.0;155:68.0;155:68.0,153:1;153:1;153:1.0;153:1.0;155:0.001339990796946633;155:0.001339990796946633;155:0.001339990796946633;155:0.001339990796946633,0.01171875,Yes
155,295.60493091279176,325.7063484117919,0.00341796875,0.00634765625,0.00048828125,2180.0,0.00016948657445183682,32.0,0.00016948657445183682,0,0.00016948657445183682,0.00016948657445183682,139:0.001290802855032247;139:0.001290802855032247;139:0.001290802855032247;139:0.001290802855032247;154:0.001568695118797453;154:0.001568695118797453;154:0.001568695118797453;154:0.001568695118797453,139:68.0;139:68.0;139:68.0;139:68.0;154:68.0;154:68.0;154:68.0;154:68.0,139:0.0010612938760147794;139:0.0010612938760147794;139:0.0010612938760147794;139:0.0010612938760147794;154:0.001339990796946633;154:0.001339990796946633;154:0.001339990796946633;154:0.001339990796946633,0.00341796875,Yes
