Qubit,T1 (us),T2 (us),Readout assignment error,Prob meas0 prep1,Prob meas1 prep0,Readout length (ns),ID error,Single-qubit gate length (ns),RX error,Z-axis rotation (rz) error,√x (sx) error,Pauli-X error,CZ error,Gate length (ns),RZZ error,MEASURE error,Operational
0,320.13591884087964,474.5224567165733,0.007568359375,0.0068359375,0.00830078125,2584.0,0.00011630061821567748,32.0,0.00011630061821567748,0,0.00011630061821567748,0.00011630061821567748,1:0.0006902353096636948;1:0.0006902353096636948;1:0.0007652373430031001;1:0.0007652373430031001,1:68.0;1:68.0;1:68.0;1:68.0,1:0.001672713889369598;1:0.001672713889369598;1:0.0013227861306995548;1:0.0013227861306995548,0.007568359375,Yes
1,299.03619314966676,412.826948430464,0.00732421875,0.01318359375,0.00146484375,2584.0,0.00020307943650756905,32.0,0.00020307943650756905,0,0.00020307943650756905,0.00020307943650756905,0:0.0006902353096636948;0:0.0006902353096636948;0:0.0007652373430031001;0:0.0007652373430031001;2:0.002043385298158923;2:0.002043385298158923;2:0.0018232767204711398;2:0.0018232767204711398,0:68.0;0:68.0;0:68.0;0:68.0;2:108.0;2:108.0;2:108.0;2:108.0,0:0.001672713889369598;0:0.001672713889369598;0:0.0013227861306995548;0:0.0013227861306995548;2:1;2:1;2:0.14751819889137888;2:0.14751819889137888,0.00732421875,Yes
2,235.22298291827772,235.4211606107082,0.02490234375,0.0380859375,0.01171875,2584.0,0.000198545765801727,32.0,0.000198545765801727,0,0.000198545765801727,0.000198545765801727,1:0.002043385298158923;1:0.002043385298158923;1:0.0018232767204711398;1:0.0018232767204711398;3:0.002259632418989438;3:0.002259632418989438;3:0.0020795967975390517;3:0.0020795967975390517,1:108.0;1:108.0;1:108.0;1:108.0;3:108.0;3:108.0;3:108.0;3:108.0,1:1;1:1;1:0.14751819889137888;1:0.14751819889137888;3:0.002722835828532999;3:0.002722835828532999;3:0.002948864087770564;3:0.002948864087770564,0.02490234375,Yes
3,312.6917791865378,435.74972935046355,0.011962890625,0.01513671875,0.0087890625,2584.0,0.00030773261195993353,32.0,0.00030773261195993353,0,0.00030773261195993353,0.00030773261195993353,2:0.002259632418989438;2:0.002259632418989438;2:0.0020795967975390517;2:0.0020795967975390517;4:0.004792557714244555;4:0.004792557714244555;4:0.009860860899865709;4:0.009860860899865709;16:0.004163728442691111;16:0.004163728442691111;16:0.007359944281663144;16:0.007359944281663144,2:108.0;2:108.0;2:108.0;2:108.0;4:68.0;4:68.0;4:68.0;4:68.0;16:68.0;16:68.0;16:68.0;16:68.0,2:0.002722835828532999;2:0.002722835828532999;2:0.002948864087770564;2:0.002948864087770564;4:0.00587432583040795;4:0.00587432583040795;4:0.0027031178752740803;4:0.0027031178752740803;16:0.00082796071814914;16:0.00082796071814914;16:0.0010197301548968418;16:0.0010197301548968418,0.011962890625,Yes
4,299.88627934037106,498.6717499703062,0.0048828125,0.0048828125,0.0048828125,2584.0,0.0001470894667547397,32.0,0.0001470894667547397,0,0.0001470894667547397,0.0001470894667547397,3:0.004792557714244555;3:0.004792557714244555;3:0.009860860899865709;3:0.009860860899865709;5:0.0020490611050568153;5:0.0020490611050568153;5:0.0022872443008895293;5:0.0022872443008895293,3:68.0;3:68.0;3:68.0;3:68.0;5:68.0;5:68.0;5:68.0;5:68.0,3:0.00587432583040795;3:0.00587432583040795;3:0.0027031178752740803;3:0.0027031178752740803;5:0.003962934516438643;5:0.003962934516438643;5:0.004268524769012877;5:0.004268524769012877,0.0048828125,Yes
5,291.37661884645803,337.16592784674464,0.003173828125,0.00390625,0.00244140625,2584.0,0.00021235951037984417,32.0,0.00021235951037984417,0,0.00021235951037984417,0.00021235951037984417,4:0.0020490611050568153;4:0.0020490611050568153;4:0.0022872443008895293;4:0.0022872443008895293;6:0.0007415941277894578;6:0.0007415941277894578;6:0.0007379342333971584;6:0.0007379342333971584,4:68.0;4:68.0;4:68.0;4:68.0;6:68.0;6:68.0;6:68.0;6:68.0,4:0.003962934516438643;4:0.003962934516438643;4:0.004268524769012877;4:0.004268524769012877;6:0.0007306451759192256;6:0.0007306451759192256;6:0.0006547780802736158;6:0.0006547780802736158,0.003173828125,Yes
6,280.50876919639364,337.44708550974235,0.00439453125,0.00634765625,0.00244140625,2584.0,0.00013515098593269037,32.0,0.00013515098593269037,0,0.00013515098593269037,0.00013515098593269037,5:0.0007415941277894578;5:0.0007415941277894578;5:0.0007379342333971584;5:0.0007379342333971584;7:0.0008333225269180344;7:0.0008333225269180344;7:0.0006744490444957063;7:0.0006744490444957063,5:68.0;5:68.0;5:68.0;5:68.0;7:68.0;7:68.0;7:68.0;7:68.0,5:0.0007306451759192256;5:0.0007306451759192256;5:0.0006547780802736158;5:0.0006547780802736158;7:0.0007603636310432593;7:0.0007603636310432593;7:0.0009852957642144111;7:0.0009852957642144111,0.00439453125,Yes
7,291.44645978905163,302.65748041842096,0.022705078125,0.0302734375,0.01513671875,2584.0,0.00029948234921563737,32.0,0.00029948234921563737,0,0.00029948234921563737,0.00029948234921563737,6:0.0008333225269180344;6:0.0008333225269180344;6:0.0006744490444957063;6:0.0006744490444957063;8:0.0021916511940775762;8:0.0021916511940775762;8:0.0026627233399721395;8:0.0026627233399721395;17:0.001108741662190743;17:0.001108741662190743;17:0.00304603772006809;17:0.00304603772006809,6:68.0;6:68.0;6:68.0;6:68.0;8:208.0;8:208.0;8:208.0;8:208.0;17:68.0;17:68.0;17:68.0;17:68.0,6:0.0007603636310432593;6:0.0007603636310432593;6:0.0009852957642144111;6:0.0009852957642144111;8:0.009287837707136815;8:0.009287837707136815;8:0.007976521030420985;8:0.007976521030420985;17:0.0009564768490679665;17:0.0009564768490679665;17:0.0014052737088928458;17:0.0014052737088928458,0.022705078125,Yes
8,277.0801251912324,309.35399548165174,0.013916015625,0.01025390625,0.017578125,2584.0,0.00010543021148064925,32.0,0.00010543021148064925,0,0.00010543021148064925,0.00010543021148064925,7:0.0021916511940775762;7:0.0021916511940775762;7:0.0026627233399721395;7:0.0026627233399721395;9:0.005526963809782348;9:0.005526963809782348;9:0.002070578874501572;9:0.002070578874501572,7:208.0;7:208.0;7:208.0;7:208.0;9:68.0;9:68.0;9:68.0;9:68.0,7:0.009287837707136815;7:0.009287837707136815;7:0.007976521030420985;7:0.007976521030420985;9:0.004315283907933204;9:0.004315283907933204;9:0.0012118434293695024;9:0.0012118434293695024,0.013916015625,Yes
9,256.5028053303851,411.9850582537465,0.00244140625,0.00341796875,0.00146484375,2584.0,0.0001959280377745624,32.0,0.0001959280377745624,0,0.0001959280377745624,0.0001959280377745624,8:0.005526963809782348;8:0.005526963809782348;8:0.002070578874501572;8:0.002070578874501572;10:0.005905359793005355;10:0.005905359793005355;10:0.0016314901517047176;10:0.0016314901517047176,8:68.0;8:68.0;8:68.0;8:68.0;10:68.0;10:68.0;10:68.0;10:68.0,8:0.004315283907933204;8:0.004315283907933204;8:0.0012118434293695024;8:0.0012118434293695024;10:0.005532509113637285;10:0.005532509113637285;10:0.002681426690709393;10:0.002681426690709393,0.00244140625,Yes
10,392.54875708737035,424.9312919122054,0.00439453125,0.005859375,0.0029296875,2584.0,8.169944631699265e-05,32.0,8.169944631699265e-05,0,8.169944631699265e-05,8.169944631699265e-05,9:0.005905359793005355;9:0.005905359793005355;9:0.0016314901517047176;9:0.0016314901517047176;11:0.0011153660476763139;11:0.0011153660476763139;11:0.0011162786066303831;11:0.0011162786066303831,9:68.0;9:68.0;9:68.0;9:68.0;11:68.0;11:68.0;11:68.0;11:68.0,9:0.005532509113637285;9:0.005532509113637285;9:0.002681426690709393;9:0.002681426690709393;11:0.0029205669783634036;11:0.0029205669783634036;11:0.0015815973494364144;11:0.0015815973494364144,0.00439453125,Yes
11,231.75917197024665,266.54999087399256,0.005126953125,0.0068359375,0.00341796875,2584.0,0.00021033134428948387,32.0,0.00021033134428948387,0,0.00021033134428948387,0.00021033134428948387,10:0.0011153660476763139;10:0.0011153660476763139;10:0.0011162786066303831;10:0.0011162786066303831;12:0.002554855460314698;12:0.002554855460314698;12:0.0017861370069168214;12:0.0017861370069168214;18:0.033588978221929994;18:0.033588978221929994;18:0.01904309433956175;18:0.01904309433956175,10:68.0;10:68.0;10:68.0;10:68.0;12:68.0;12:68.0;12:68.0;12:68.0;18:68.0;18:68.0;18:68.0;18:68.0,10:0.0029205669783634036;10:0.0029205669783634036;10:0.0015815973494364144;10:0.0015815973494364144;12:0.00231222305181894;12:0.00231222305181894;12:0.0012308521375171966;12:0.0012308521375171966;18:0.012947942131882662;18:0.012947942131882662;18:0.012571129093390615;18:0.012571129093390615,0.005126953125,Yes
12,225.94317951952038,249.10780226256225,0.0029296875,0.00439453125,0.00146484375,2584.0,0.0002483094877379223,32.0,0.0002483094877379223,0,0.0002483094877379223,0.0002483094877379223,11:0.002554855460314698;11:0.002554855460314698;11:0.0017861370069168214;11:0.0017861370069168214;13:0.0008636731935532937;13:0.0008636731935532937;13:0.0012729209778813144;13:0.0012729209778813144,11:68.0;11:68.0;11:68.0;11:68.0;13:68.0;13:68.0;13:68.0;13:68.0,11:0.00231222305181894;11:0.00231222305181894;11:0.0012308521375171966;11:0.0012308521375171966;13:0.0008947064996409348;13:0.0008947064996409348;13:0.000889990105250732;13:0.000889990105250732,0.0029296875,Yes
13,319.08584710300806,489.65862951445445,0.0009765625,0.001953125,0,2584.0,0.00011921567001648997,32.0,0.00011921567001648997,0,0.00011921567001648997,0.00011921567001648997,12:0.0008636731935532937;12:0.0008636731935532937;12:0.0012729209778813144;12:0.0012729209778813144;14:0.0010795260583991995;14:0.0010795260583991995;14:0.0009332147442508154;14:0.0009332147442508154,12:68.0;12:68.0;12:68.0;12:68.0;14:68.0;14:68.0;14:68.0;14:68.0,12:0.0008947064996409348;12:0.0008947064996409348;12:0.000889990105250732;12:0.000889990105250732;14:0.0010656602845879881;14:0.0010656602845879881;14:0.0010293319832028747;14:0.0010293319832028747,0.0009765625,Yes
14,251.95445232926767,300.22515904473113,0.01025390625,0.01025390625,0.01025390625,2584.0,0.00021886709913308973,32.0,0.00021886709913308973,0,0.00021886709913308973,0.00021886709913308973,13:0.0010795260583991995;13:0.0010795260583991995;13:0.0009332147442508154;13:0.0009332147442508154;15:0.002367703666181026;15:0.002367703666181026;15:0.0010947977284297694;15:0.0010947977284297694,13:68.0;13:68.0;13:68.0;13:68.0;15:68.0;15:68.0;15:68.0;15:68.0,13:0.0010656602845879881;13:0.0010656602845879881;13:0.0010293319832028747;13:0.0010293319832028747;15:0.001764564908376759;15:0.001764564908376759;15:0.000814288605000768;15:0.000814288605000768,0.01025390625,Yes
15,304.10460179420454,397.2753840901046,0.007080078125,0.005859375,0.00830078125,2584.0,0.00029631354021259984,32.0,0.00029631354021259984,0,0.00029631354021259984,0.00029631354021259984,14:0.002367703666181026;14:0.002367703666181026;14:0.0010947977284297694;14:0.0010947977284297694;19:0.0009382517950966562;19:0.0009382517950966562;19:0.0016896365683655434;19:0.0016896365683655434,14:68.0;14:68.0;14:68.0;14:68.0;19:68.0;19:68.0;19:68.0;19:68.0,14:0.001764564908376759;14:0.001764564908376759;14:0.000814288605000768;14:0.000814288605000768;19:0.0008060293843457078;19:0.0008060293843457078;19:0.0010243158259352347;19:0.0010243158259352347,0.007080078125,Yes
16,243.1976594670605,391.0778004980286,0.010498046875,0.01318359375,0.0078125,2584.0,0.0003307510431011402,32.0,0.0003307510431011402,0,0.0003307510431011402,0.0003307510431011402,3:0.004163728442691111;3:0.004163728442691111;3:0.007359944281663144;3:0.007359944281663144;23:0.007849304402375135;23:0.007849304402375135;23:0.002865857684017592;23:0.002865857684017592,3:68.0;3:68.0;3:68.0;3:68.0;23:68.0;23:68.0;23:68.0;23:68.0,3:0.00082796071814914;3:0.00082796071814914;3:0.0010197301548968418;3:0.0010197301548968418;23:0.007005358898722253;23:0.007005358898722253;23:0.002466240955105836;23:0.002466240955105836,0.010498046875,Yes
17,256.0573666225437,319.97459563483653,0.003173828125,0.0048828125,0.00146484375,2584.0,0.000164360887524923,32.0,0.000164360887524923,0,0.000164360887524923,0.000164360887524923,7:0.001108741662190743;7:0.001108741662190743;7:0.00304603772006809;7:0.00304603772006809;27:0.0012074618568969908;27:0.0012074618568969908;27:0.002556938457476704;27:0.002556938457476704,7:68.0;7:68.0;7:68.0;7:68.0;27:68.0;27:68.0;27:68.0;27:68.0,7:0.0009564768490679665;7:0.0009564768490679665;7:0.0014052737088928458;7:0.0014052737088928458;27:0.00103162191770656;27:0.00103162191770656;27:0.0012281828940557682;27:0.0012281828940557682,0.003173828125,Yes
18,105.77738588772681,166.82498314886033,0.051513671875,0.03515625,0.06787109375,2584.0,0.0001792637194919469,32.0,0.0001792637194919469,0,0.0001792637194919469,0.0001792637194919469,11:0.033588978221929994;11:0.033588978221929994;11:0.01904309433956175;11:0.01904309433956175;31:0.0053109231302564675;31:0.0053109231302564675;31:0.004423541388497182;31:0.004423541388497182,11:68.0;11:68.0;11:68.0;11:68.0;31:68.0;31:68.0;31:68.0;31:68.0,11:0.012947942131882662;11:0.012947942131882662;11:0.012571129093390615;11:0.012571129093390615;31:0.002236074116814646;31:0.002236074116814646;31:0.0021325536847218995;31:0.0021325536847218995,0.051513671875,Yes
19,266.7400607271616,466.8216697700397,0.004150390625,0.005859375,0.00244140625,2584.0,0.00016507524822484534,32.0,0.00016507524822484534,0,0.00016507524822484534,0.00016507524822484534,15:0.0009382517950966562;15:0.0009382517950966562;15:0.0016896365683655434;15:0.0016896365683655434;35:0.0020939996786623893;35:0.0020939996786623893;35:0.005350918617259753;35:0.005350918617259753,15:68.0;15:68.0;15:68.0;15:68.0;35:68.0;35:68.0;35:68.0;35:68.0,15:0.0008060293843457078;15:0.0008060293843457078;15:0.0010243158259352347;15:0.0010243158259352347;35:0.0007774379485580296;35:0.0007774379485580296;35:0.0007480954831950715;35:0.0007480954831950715,0.004150390625,Yes
20,104.4878749654803,130.55914686474688,0.00732421875,0.01220703125,0.00244140625,2584.0,0.00026770900747542407,32.0,0.00026770900747542407,0,0.00026770900747542407,0.00026770900747542407,21:0.001447264064444398;21:0.001447264064444398;21:0.0015229899155429494;21:0.0015229899155429494,21:68.0;21:68.0;21:68.0;21:68.0,21:0.0009851322413713948;21:0.0009851322413713948;21:0.0013846501417774382;21:0.0013846501417774382,0.00732421875,Yes
21,173.0297276363012,193.62092625771075,0.004150390625,0.0068359375,0.00146484375,2584.0,0.0001311998194427248,32.0,0.0001311998194427248,0,0.0001311998194427248,0.0001311998194427248,20:0.001447264064444398;20:0.001447264064444398;20:0.0015229899155429494;20:0.0015229899155429494;22:0.0009087586680573967;22:0.0009087586680573967;22:0.0008261994103309633;22:0.0008261994103309633;36:0.0007764355729028838;36:0.0007764355729028838;36:0.0008779872223288188;36:0.0008779872223288188,20:68.0;20:68.0;20:68.0;20:68.0;22:96.0;22:96.0;22:96.0;22:96.0;36:68.0;36:68.0;36:68.0;36:68.0,20:0.0009851322413713948;20:0.0009851322413713948;20:0.0013846501417774382;20:0.0013846501417774382;22:0.0008971664657237699;22:0.0008971664657237699;22:0.0011756881761655902;22:0.0011756881761655902;36:0.0007131237951790159;36:0.0007131237951790159;36:0.0007332872600763485;36:0.0007332872600763485,0.004150390625,Yes
22,236.47201279556106,286.94050721429494,0.005126953125,0.00830078125,0.001953125,2584.0,0.00019320866493179558,32.0,0.00019320866493179558,0,0.00019320866493179558,0.00019320866493179558,21:0.0009087586680573967;21:0.0009087586680573967;21:0.0008261994103309633;21:0.0008261994103309633;23:0.01544407103668441;23:0.01544407103668441;23:0.0058480715105589665;23:0.0058480715105589665,21:96.0;21:96.0;21:96.0;21:96.0;23:68.0;23:68.0;23:68.0;23:68.0,21:0.0008971664657237699;21:0.0008971664657237699;21:0.0011756881761655902;21:0.0011756881761655902;23:0.008840717709759999;23:0.008840717709759999;23:0.006494374293308958;23:0.006494374293308958,0.005126953125,Yes
23,251.96335760997454,264.82778081329496,0.001953125,0.001953125,0.001953125,2584.0,0.00023841753082978466,32.0,0.00023841753082978466,0,0.00023841753082978466,0.00023841753082978466,16:0.007849304402375135;16:0.007849304402375135;16:0.002865857684017592;16:0.002865857684017592;22:0.01544407103668441;22:0.01544407103668441;22:0.0058480715105589665;22:0.0058480715105589665;24:0.004515824662801565;24:0.004515824662801565;24:0.00526774258932583;24:0.00526774258932583,16:68.0;16:68.0;16:68.0;16:68.0;22:68.0;22:68.0;22:68.0;22:68.0;24:68.0;24:68.0;24:68.0;24:68.0,16:0.007005358898722253;16:0.007005358898722253;16:0.002466240955105836;16:0.002466240955105836;22:0.008840717709759999;22:0.008840717709759999;22:0.006494374293308958;22:0.006494374293308958;24:0.003410574410117495;24:0.003410574410117495;24:0.002201935627142243;24:0.002201935627142243,0.001953125,Yes
24,262.4233278311315,336.13332003366014,0.005615234375,0.0078125,0.00341796875,2584.0,0.00017014321771347598,32.0,0.00017014321771347598,0,0.00017014321771347598,0.00017014321771347598,23:0.004515824662801565;23:0.004515824662801565;23:0.00526774258932583;23:0.00526774258932583;25:0.0008405650209818427;25:0.0008405650209818427;25:0.0014428346443701723;25:0.0014428346443701723,23:68.0;23:68.0;23:68.0;23:68.0;25:68.0;25:68.0;25:68.0;25:68.0,23:0.003410574410117495;23:0.003410574410117495;23:0.002201935627142243;23:0.002201935627142243;25:0.0008813269622552633;25:0.0008813269622552633;25:0.0009914044815212408;25:0.0009914044815212408,0.005615234375,Yes
25,352.37947276467855,390.76616631631936,0.01171875,0.01318359375,0.01025390625,2584.0,0.00012930568684063555,32.0,0.00012930568684063555,0,0.00012930568684063555,0.00012930568684063555,24:0.0008405650209818427;24:0.0008405650209818427;24:0.0014428346443701723;24:0.0014428346443701723;26:0.0013933536705271476;26:0.0013933536705271476;26:0.0014035269402839223;26:0.0014035269402839223;37:0.003712013617114124;37:0.003712013617114124;37:0.0040938200366546496;37:0.0040938200366546496,24:68.0;24:68.0;24:68.0;24:68.0;26:68.0;26:68.0;26:68.0;26:68.0;37:68.0;37:68.0;37:68.0;37:68.0,24:0.0008813269622552633;24:0.0008813269622552633;24:0.0009914044815212408;24:0.0009914044815212408;26:0.0013758360076944198;26:0.0013758360076944198;26:0.0011237908374148176;26:0.0011237908374148176;37:0.0023916850045291593;37:0.0023916850045291593;37:0.0026477218576126393;37:0.0026477218576126393,0.01171875,Yes
26,154.88065496779484,196.2736587613318,0.0068359375,0.01171875,0.001953125,2584.0,0.0004064403968504447,32.0,0.0004064403968504447,0,0.0004064403968504447,0.0004064403968504447,25:0.0013933536705271476;25:0.0013933536705271476;25:0.0014035269402839223;25:0.0014035269402839223;27:0.0016365352585322734;27:0.0016365352585322734;27:0.004123916730592703;27:0.004123916730592703,25:68.0;25:68.0;25:68.0;25:68.0;27:68.0;27:68.0;27:68.0;27:68.0,25:0.0013758360076944198;25:0.0013758360076944198;25:0.0011237908374148176;25:0.0011237908374148176;27:0.002143256230475371;27:0.002143256230475371;27:0.0012954876252060377;27:0.0012954876252060377,0.0068359375,Yes
27,215.46151897808252,243.6124315746285,0.00244140625,0.0029296875,0.001953125,2584.0,0.00021620633696606593,32.0,0.00021620633696606593,0,0.00021620633696606593,0.00021620633696606593,17:0.0012074618568969908;17:0.0012074618568969908;17:0.002556938457476704;17:0.002556938457476704;26:0.0016365352585322734;26:0.0016365352585322734;26:0.004123916730592703;26:0.004123916730592703;28:0.001762194900754105;28:0.001762194900754105;28:0.0024196635653181697;28:0.0024196635653181697,17:68.0;17:68.0;17:68.0;17:68.0;26:68.0;26:68.0;26:68.0;26:68.0;28:68.0;28:68.0;28:68.0;28:68.0,17:0.00103162191770656;17:0.00103162191770656;17:0.0012281828940557682;17:0.0012281828940557682;26:0.002143256230475371;26:0.002143256230475371;26:0.0012954876252060377;26:0.0012954876252060377;28:0.0011972606352700643;28:0.0011972606352700643;28:0.001124589367176132;28:0.001124589367176132,0.00244140625,Yes
28,278.9545468882828,425.91762248182624,0.02392578125,0.0234375,0.0244140625,2584.0,0.00013409603545280673,32.0,0.00013409603545280673,0,0.00013409603545280673,0.00013409603545280673,27:0.001762194900754105;27:0.001762194900754105;27:0.0024196635653181697;27:0.0024196635653181697;29:0.005387271730507681;29:0.005387271730507681;29:0.0041699995122673195;29:0.0041699995122673195,27:68.0;27:68.0;27:68.0;27:68.0;29:68.0;29:68.0;29:68.0;29:68.0,27:0.0011972606352700643;27:0.0011972606352700643;27:0.001124589367176132;27:0.001124589367176132;29:0.0024891037231340174;29:0.0024891037231340174;29:0.0032036041410960503;29:0.0032036041410960503,0.02392578125,Yes
29,335.1741333491536,363.53366471181516,0.00341796875,0.00390625,0.0029296875,2584.0,0.00017399299574273621,32.0,0.00017399299574273621,0,0.00017399299574273621,0.00017399299574273621,28:0.005387271730507681;28:0.005387271730507681;28:0.0041699995122673195;28:0.0041699995122673195;30:0.0010118411386430826;30:0.0010118411386430826;30:0.004681541687057533;30:0.004681541687057533;38:0.001150955797709019;38:0.001150955797709019;38:0.0009226815779149189;38:0.0009226815779149189,28:68.0;28:68.0;28:68.0;28:68.0;30:68.0;30:68.0;30:68.0;30:68.0;38:68.0;38:68.0;38:68.0;38:68.0,28:0.0024891037231340174;28:0.0024891037231340174;28:0.0032036041410960503;28:0.0032036041410960503;30:0.0007145551124460581;30:0.0007145551124460581;30:0.0011330985108477243;30:0.0011330985108477243;38:0.00142463167098264;38:0.00142463167098264;38:0.0014694190714532873;38:0.0014694190714532873,0.00341796875,Yes
30,202.68015814598675,334.10568227988057,0.007568359375,0.0107421875,0.00439453125,2584.0,0.0002865266139074022,32.0,0.0002865266139074022,0,0.0002865266139074022,0.0002865266139074022,29:0.0010118411386430826;29:0.0010118411386430826;29:0.004681541687057533;29:0.004681541687057533;31:0.0033001409468444987;31:0.0033001409468444987;31:0.002679105494174744;31:0.002679105494174744,29:68.0;29:68.0;29:68.0;29:68.0;31:68.0;31:68.0;31:68.0;31:68.0,29:0.0007145551124460581;29:0.0007145551124460581;29:0.0011330985108477243;29:0.0011330985108477243;31:0.0015090182698150045;31:0.0015090182698150045;31:0.0014438165298455152;31:0.0014438165298455152,0.007568359375,Yes
31,129.44567568544394,132.35652290539306,0.007568359375,0.00732421875,0.0078125,2584.0,0.0002541637291988207,32.0,0.0002541637291988207,0,0.0002541637291988207,0.0002541637291988207,18:0.0053109231302564675;18:0.0053109231302564675;18:0.004423541388497182;18:0.004423541388497182;30:0.0033001409468444987;30:0.0033001409468444987;30:0.002679105494174744;30:0.002679105494174744;32:0.002071757386817058;32:0.002071757386817058;32:0.002131922119648244;32:0.002131922119648244,18:68.0;18:68.0;18:68.0;18:68.0;30:68.0;30:68.0;30:68.0;30:68.0;32:80.0;32:80.0;32:80.0;32:80.0,18:0.002236074116814646;18:0.002236074116814646;18:0.0021325536847218995;18:0.0021325536847218995;30:0.0015090182698150045;30:0.0015090182698150045;30:0.0014438165298455152;30:0.0014438165298455152;32:0.002233728879771746;32:0.002233728879771746;32:0.0025414827539154694;32:0.0025414827539154694,0.007568359375,Yes
32,176.67696754683217,286.49115773905373,0.004638671875,0.00732421875,0.001953125,2584.0,0.00025366185917726056,32.0,0.00025366185917726056,0,0.00025366185917726056,0.00025366185917726056,31:0.002071757386817058;31:0.002071757386817058;31:0.002131922119648244;31:0.002131922119648244;33:0.022644170854686646;33:0.022644170854686646;33:0.02452571778925558;33:0.02452571778925558,31:80.0;31:80.0;31:80.0;31:80.0;33:68.0;33:68.0;33:68.0;33:68.0,31:0.002233728879771746;31:0.002233728879771746;31:0.0025414827539154694;31:0.0025414827539154694;33:0.002498878381338443;33:0.002498878381338443;33:0.0020547775707467075;33:0.0020547775707467075,0.004638671875,Yes
33,235.69450046157812,247.75756696649196,0.00244140625,0.00146484375,0.00341796875,2584.0,0.00032874864771365015,32.0,0.00032874864771365015,0,0.00032874864771365015,0.00032874864771365015,32:0.022644170854686646;32:0.022644170854686646;32:0.02452571778925558;32:0.02452571778925558;34:0.0022375143143736065;34:0.0022375143143736065;34:0.000828095693606451;34:0.000828095693606451;39:0.0011870777811262556;39:0.0011870777811262556;39:0.003014793667591942;39:0.003014793667591942,32:68.0;32:68.0;32:68.0;32:68.0;34:68.0;34:68.0;34:68.0;34:68.0;39:68.0;39:68.0;39:68.0;39:68.0,32:0.002498878381338443;32:0.002498878381338443;32:0.0020547775707467075;32:0.0020547775707467075;34:0.001246680713308107;34:0.001246680713308107;34:0.0010260335061276493;34:0.0010260335061276493;39:0.0015457993178743523;39:0.0015457993178743523;39:0.001557374555358454;39:0.001557374555358454,0.00244140625,Yes
34,273.4332623370155,252.47761202740003,0.01025390625,0.0146484375,0.005859375,2584.0,0.00016722544395290933,32.0,0.00016722544395290933,0,0.00016722544395290933,0.00016722544395290933,33:0.0022375143143736065;33:0.0022375143143736065;33:0.000828095693606451;33:0.000828095693606451;35:0.0038714453194659826;35:0.0038714453194659826;35:0.0047042502541671805;35:0.0047042502541671805,33:68.0;33:68.0;33:68.0;33:68.0;35:68.0;35:68.0;35:68.0;35:68.0,33:0.001246680713308107;33:0.001246680713308107;33:0.0010260335061276493;33:0.0010260335061276493;35:0.0009831595567679763;35:0.0009831595567679763;35:0.003382452104276207;35:0.003382452104276207,0.01025390625,Yes
35,309.1928416517281,391.93021793263534,0.010009765625,0.013671875,0.00634765625,2584.0,0.0001600839814198754,32.0,0.0001600839814198754,0,0.0001600839814198754,0.0001600839814198754,19:0.0020939996786623893;19:0.0020939996786623893;19:0.005350918617259753;19:0.005350918617259753;34:0.0038714453194659826;34:0.0038714453194659826;34:0.0047042502541671805;34:0.0047042502541671805,19:68.0;19:68.0;19:68.0;19:68.0;34:68.0;34:68.0;34:68.0;34:68.0,19:0.0007774379485580296;19:0.0007774379485580296;19:0.0007480954831950715;19:0.0007480954831950715;34:0.0009831595567679763;34:0.0009831595567679763;34:0.003382452104276207;34:0.003382452104276207,0.010009765625,Yes
36,260.2303482829319,382.1138703740756,0.004638671875,0.00732421875,0.001953125,2584.0,0.00018920441620472533,32.0,0.00018920441620472533,0,0.00018920441620472533,0.00018920441620472533,21:0.0007764355729028838;21:0.0007764355729028838;21:0.0008779872223288188;21:0.0008779872223288188;41:0.0009185340570026235;41:0.0009185340570026235;41:0.0008939818443994552;41:0.0008939818443994552,21:68.0;21:68.0;21:68.0;21:68.0;41:68.0;41:68.0;41:68.0;41:68.0,21:0.0007131237951790159;21:0.0007131237951790159;21:0.0007332872600763485;21:0.0007332872600763485;41:0.00075578051593575;41:0.00075578051593575;41:0.0008581546024209741;41:0.0008581546024209741,0.004638671875,Yes
37,151.866118809225,210.47876284583185,0.005615234375,0.0078125,0.00341796875,2584.0,0.00015871531483676172,32.0,0.00015871531483676172,0,0.00015871531483676172,0.00015871531483676172,25:0.003712013617114124;25:0.003712013617114124;25:0.0040938200366546496;25:0.0040938200366546496;45:0.008466475350600605;45:0.008466475350600605;45:0.010378420555298112;45:0.010378420555298112,25:68.0;25:68.0;25:68.0;25:68.0;45:68.0;45:68.0;45:68.0;45:68.0,25:0.0023916850045291593;25:0.0023916850045291593;25:0.0026477218576126393;25:0.0026477218576126393;45:0.003776944099095708;45:0.003776944099095708;45:0.002762298768892585;45:0.002762298768892585,0.005615234375,Yes
38,193.14658026291445,325.30175880578605,0.00439453125,0.00830078125,0.00048828125,2584.0,0.00025837421578129573,32.0,0.00025837421578129573,0,0.00025837421578129573,0.00025837421578129573,29:0.001150955797709019;29:0.001150955797709019;29:0.0009226815779149189;29:0.0009226815779149189;49:0.0017826518087658283;49:0.0017826518087658283;49:0.001667767418412014;49:0.001667767418412014,29:68.0;29:68.0;29:68.0;29:68.0;49:68.0;49:68.0;49:68.0;49:68.0,29:0.00142463167098264;29:0.00142463167098264;29:0.0014694190714532873;29:0.0014694190714532873;49:0.001254519586052022;49:0.001254519586052022;49:0.0018265150985141976;49:0.0018265150985141976,0.00439453125,Yes
39,133.40153901758433,210.17076858081512,0.0048828125,0.005859375,0.00390625,2584.0,0.0003277808806376753,32.0,0.0003277808806376753,0,0.0003277808806376753,0.0003277808806376753,33:0.0011870777811262556;33:0.0011870777811262556;33:0.003014793667591942;33:0.003014793667591942;53:0.0012698787405785728;53:0.0012698787405785728;53:0.0010596269891270105;53:0.0010596269891270105,33:68.0;33:68.0;33:68.0;33:68.0;53:68.0;53:68.0;53:68.0;53:68.0,33:0.0015457993178743523;33:0.0015457993178743523;33:0.001557374555358454;33:0.001557374555358454;53:0.0009462818399692818;53:0.0009462818399692818;53:0.001335807046279558;53:0.001335807046279558,0.0048828125,Yes
40,273.9224847284757,250.8790307926077,0.00634765625,0.00927734375,0.00341796875,2584.0,0.00013530643571796428,32.0,0.00013530643571796428,0,0.00013530643571796428,0.00013530643571796428,41:0.0006845860578723328;41:0.0006845860578723328;41:0.0008112803178810246;41:0.0008112803178810246,41:68.0;41:68.0;41:68.0;41:68.0,41:0.0006793005202017921;41:0.0006793005202017921;41:0.0006876683433371111;41:0.0006876683433371111,0.00634765625,Yes
41,271.0804458363337,290.70792041785324,0.007080078125,0.0107421875,0.00341796875,2584.0,0.00011303538751575113,32.0,0.00011303538751575113,0,0.00011303538751575113,0.00011303538751575113,36:0.0009185340570026235;36:0.0009185340570026235;36:0.0008939818443994552;36:0.0008939818443994552;40:0.0006845860578723328;40:0.0006845860578723328;40:0.0008112803178810246;40:0.0008112803178810246;42:0.0019726712795040957;42:0.0019726712795040957;42:0.0018739679143574273;42:0.0018739679143574273,36:68.0;36:68.0;36:68.0;36:68.0;40:68.0;40:68.0;40:68.0;40:68.0;42:68.0;42:68.0;42:68.0;42:68.0,36:0.00075578051593575;36:0.00075578051593575;36:0.0008581546024209741;36:0.0008581546024209741;40:0.0006793005202017921;40:0.0006793005202017921;40:0.0006876683433371111;40:0.0006876683433371111;42:0.11013296280576762;42:0.11013296280576762;42:0.14005740442675071;42:0.14005740442675071,0.007080078125,Yes
42,188.68063660590477,274.0932367183623,0.02197265625,0.0068359375,0.037109375,2584.0,0.0003249420431645462,32.0,0.0003249420431645462,0,0.0003249420431645462,0.0003249420431645462,41:0.0019726712795040957;41:0.0019726712795040957;41:0.0018739679143574273;41:0.0018739679143574273;43:0.0016599789086928496;43:0.0016599789086928496;43:0.0017102365725123747;43:0.0017102365725123747,41:68.0;41:68.0;41:68.0;41:68.0;43:68.0;43:68.0;43:68.0;43:68.0,41:0.11013296280576762;41:0.11013296280576762;41:0.14005740442675071;41:0.14005740442675071;43:1;43:1;43:1.0;43:1.0,0.02197265625,Yes
43,42.49098794483119,70.23178464614189,0.075927734375,0.1015625,0.05029296875,2584.0,0.00018505480986701151,32.0,0.00018505480986701151,0,0.00018505480986701151,0.00018505480986701151,42:0.0016599789086928496;42:0.0016599789086928496;42:0.0017102365725123747;42:0.0017102365725123747;44:0.0013448722769679178;44:0.0013448722769679178;44:0.0008704895697112247;44:0.0008704895697112247;56:0.0012692830680981482;56:0.0012692830680981482;56:0.0011919417048807668;56:0.0011919417048807668,42:68.0;42:68.0;42:68.0;42:68.0;44:68.0;44:68.0;44:68.0;44:68.0;56:68.0;56:68.0;56:68.0;56:68.0,42:1;42:1;42:1.0;42:1.0;44:0.001433402999447525;44:0.001433402999447525;44:0.0010894964206614177;44:0.0010894964206614177;56:0.001541951565755012;56:0.001541951565755012;56:0.0013434773822555979;56:0.0013434773822555979,0.075927734375,Yes
44,236.23119030086715,238.84218848211262,0.008544921875,0.00830078125,0.0087890625,2584.0,0.00035146609531999743,32.0,0.00035146609531999743,0,0.00035146609531999743,0.00035146609531999743,43:0.0013448722769679178;43:0.0013448722769679178;43:0.0008704895697112247;43:0.0008704895697112247;45:0.0014378415135685163;45:0.0014378415135685163;45:0.003846549648215375;45:0.003846549648215375,43:68.0;43:68.0;43:68.0;43:68.0;45:68.0;45:68.0;45:68.0;45:68.0,43:0.001433402999447525;43:0.001433402999447525;43:0.0010894964206614177;43:0.0010894964206614177;45:0.004471596882809126;45:0.004471596882809126;45:0.0010872644814324817;45:0.0010872644814324817,0.008544921875,Yes
45,323.455298895841,308.313489234274,0.00439453125,0.00732421875,0.00146484375,2584.0,0.0005316805172748835,32.0,0.0005316805172748835,0,0.0005316805172748835,0.0005316805172748835,37:0.008466475350600605;37:0.008466475350600605;37:0.010378420555298112;37:0.010378420555298112;44:0.0014378415135685163;44:0.0014378415135685163;44:0.003846549648215375;44:0.003846549648215375;46:0.004367225496270222;46:0.004367225496270222;46:0.003963697947147626;46:0.003963697947147626,37:68.0;37:68.0;37:68.0;37:68.0;44:68.0;44:68.0;44:68.0;44:68.0;46:68.0;46:68.0;46:68.0;46:68.0,37:0.003776944099095708;37:0.003776944099095708;37:0.002762298768892585;37:0.002762298768892585;44:0.004471596882809126;44:0.004471596882809126;44:0.0010872644814324817;44:0.0010872644814324817;46:0.0031271156730414973;46:0.0031271156730414973;46:0.0031681076710221856;46:0.0031681076710221856,0.00439453125,Yes
46,49.08690051758458,88.42382319019812,0.023193359375,0.03857421875,0.0078125,2584.0,0.0018548188636147316,32.0,0.0018548188636147316,0,0.0018548188636147316,0.0018548188636147316,45:0.004367225496270222;45:0.004367225496270222;45:0.003963697947147626;45:0.003963697947147626;47:0.004746149128267818;47:0.004746149128267818;47:0.004954462279607108;47:0.004954462279607108,45:68.0;45:68.0;45:68.0;45:68.0;47:68.0;47:68.0;47:68.0;47:68.0,45:0.0031271156730414973;45:0.0031271156730414973;45:0.0031681076710221856;45:0.0031681076710221856;47:0.015841268043312207;47:0.015841268043312207;47:0.01926797420763357;47:0.01926797420763357,0.023193359375,Yes
47,198.75957446860676,290.83125322333035,0.005615234375,0.00830078125,0.0029296875,2584.0,9.71220391776479e-05,32.0,9.71220391776479e-05,0,9.71220391776479e-05,9.71220391776479e-05,46:0.004746149128267818;46:0.004746149128267818;46:0.004954462279607108;46:0.004954462279607108;48:0.0066438379288637495;48:0.0066438379288637495;48:0.021985755066548096;48:0.021985755066548096;57:0.0023055713643696796;57:0.0023055713643696796;57:0.001930870370449117;57:0.001930870370449117,46:68.0;46:68.0;46:68.0;46:68.0;48:68.0;48:68.0;48:68.0;48:68.0;57:68.0;57:68.0;57:68.0;57:68.0,46:0.015841268043312207;46:0.015841268043312207;46:0.01926797420763357;46:0.01926797420763357;48:0.008100325472264497;48:0.008100325472264497;48:0.010687620298822975;48:0.010687620298822975;57:0.001188809019442294;57:0.001188809019442294;57:0.0015847807097829902;57:0.0015847807097829902,0.005615234375,Yes
48,232.33358699847017,273.3116350626472,0.003662109375,0.0029296875,0.00439453125,2584.0,0.00014199570016444992,32.0,0.00014199570016444992,0,0.00014199570016444992,0.00014199570016444992,47:0.0066438379288637495;47:0.0066438379288637495;47:0.021985755066548096;47:0.021985755066548096;49:0.0010427220590640551;49:0.0010427220590640551;49:0.0009532243738097634;49:0.0009532243738097634,47:68.0;47:68.0;47:68.0;47:68.0;49:68.0;49:68.0;49:68.0;49:68.0,47:0.008100325472264497;47:0.008100325472264497;47:0.010687620298822975;47:0.010687620298822975;49:0.0009271303108982498;49:0.0009271303108982498;49:0.000792100221732206;49:0.000792100221732206,0.003662109375,Yes
49,321.38848101484706,516.4729591083485,0.00390625,0.00537109375,0.00244140625,2584.0,0.00013668158502099046,32.0,0.00013668158502099046,0,0.00013668158502099046,0.00013668158502099046,38:0.0017826518087658283;38:0.0017826518087658283;38:0.001667767418412014;38:0.001667767418412014;48:0.0010427220590640551;48:0.0010427220590640551;48:0.0009532243738097634;48:0.0009532243738097634;50:0.01967276816673838;50:0.01967276816673838;50:0.028885710147954657;50:0.028885710147954657,38:68.0;38:68.0;38:68.0;38:68.0;48:68.0;48:68.0;48:68.0;48:68.0;50:68.0;50:68.0;50:68.0;50:68.0,38:0.001254519586052022;38:0.001254519586052022;38:0.0018265150985141976;38:0.0018265150985141976;48:0.0009271303108982498;48:0.0009271303108982498;48:0.000792100221732206;48:0.000792100221732206;50:0.017238299290317283;50:0.017238299290317283;50:0.011216423775338241;50:0.011216423775338241,0.00390625,Yes
50,126.16886688442764,163.39530346970022,0.0029296875,0.0048828125,0.0009765625,2584.0,0.00019271106261704122,32.0,0.00019271106261704122,0,0.00019271106261704122,0.00019271106261704122,49:0.01967276816673838;49:0.01967276816673838;49:0.028885710147954657;49:0.028885710147954657;51:0.0013364103810204753;51:0.0013364103810204753;51:0.001824782887821813;51:0.001824782887821813,49:68.0;49:68.0;49:68.0;49:68.0;51:68.0;51:68.0;51:68.0;51:68.0,49:0.017238299290317283;49:0.017238299290317283;49:0.011216423775338241;49:0.011216423775338241;51:0.0019772454108189785;51:0.0019772454108189785;51:0.0021546195161402937;51:0.0021546195161402937,0.0029296875,Yes
51,252.72675614518764,377.78720341425617,0.00634765625,0.0078125,0.0048828125,2584.0,0.00011903290750093363,32.0,0.00011903290750093363,0,0.00011903290750093363,0.00011903290750093363,50:0.0013364103810204753;50:0.0013364103810204753;50:0.001824782887821813;50:0.001824782887821813;52:0.0020790119414772212;52:0.0020790119414772212;52:0.0012301365573905432;52:0.0012301365573905432;58:0.0017166052896248063;58:0.0017166052896248063;58:0.0008787654264508782;58:0.0008787654264508782,50:68.0;50:68.0;50:68.0;50:68.0;52:68.0;52:68.0;52:68.0;52:68.0;58:68.0;58:68.0;58:68.0;58:68.0,50:0.0019772454108189785;50:0.0019772454108189785;50:0.0021546195161402937;50:0.0021546195161402937;52:0.002565738455267086;52:0.002565738455267086;52:0.0023860144437501396;52:0.0023860144437501396;58:0.001013698554691217;58:0.001013698554691217;58:0.003833196121062754;58:0.003833196121062754,0.00634765625,Yes
52,174.75833980514915,205.47044714411723,0.01025390625,0.015625,0.0048828125,2584.0,0.0006750752620741973,32.0,0.0006750752620741973,0,0.0006750752620741973,0.0006750752620741973,51:0.0020790119414772212;51:0.0020790119414772212;51:0.0012301365573905432;51:0.0012301365573905432;53:0.0018807158993833506;53:0.0018807158993833506;53:0.0022602497445752545;53:0.0022602497445752545,51:68.0;51:68.0;51:68.0;51:68.0;53:68.0;53:68.0;53:68.0;53:68.0,51:0.002565738455267086;51:0.002565738455267086;51:0.0023860144437501396;51:0.0023860144437501396;53:0.006923171361359726;53:0.006923171361359726;53:0.002648043010211071;53:0.002648043010211071,0.01025390625,Yes
53,309.68941142711657,63.499982332206635,0.004638671875,0.00537109375,0.00390625,2584.0,0.00038696593539144114,32.0,0.00038696593539144114,0,0.00038696593539144114,0.00038696593539144114,39:0.0012698787405785728;39:0.0012698787405785728;39:0.0010596269891270105;39:0.0010596269891270105;52:0.0018807158993833506;52:0.0018807158993833506;52:0.0022602497445752545;52:0.0022602497445752545;54:0.0009465168616429875;54:0.0009465168616429875;54:0.0008080855412073984;54:0.0008080855412073984,39:68.0;39:68.0;39:68.0;39:68.0;52:68.0;52:68.0;52:68.0;52:68.0;54:68.0;54:68.0;54:68.0;54:68.0,39:0.0009462818399692818;39:0.0009462818399692818;39:0.001335807046279558;39:0.001335807046279558;52:0.006923171361359726;52:0.006923171361359726;52:0.002648043010211071;52:0.002648043010211071;54:0.0010883789590221127;54:0.0010883789590221127;54:0.0008908814938514142;54:0.0008908814938514142,0.004638671875,Yes
54,166.8908255148227,261.0360592012717,0.0068359375,0.00341796875,0.01025390625,2584.0,0.0002993715488771107,32.0,0.0002993715488771107,0,0.0002993715488771107,0.0002993715488771107,53:0.0009465168616429875;53:0.0009465168616429875;53:0.0008080855412073984;53:0.0008080855412073984;55:0.0016353168055131262;55:0.0016353168055131262;55:0.0040309392738929195;55:0.0040309392738929195,53:68.0;53:68.0;53:68.0;53:68.0;55:68.0;55:68.0;55:68.0;55:68.0,53:0.0010883789590221127;53:0.0010883789590221127;53:0.0008908814938514142;53:0.0008908814938514142;55:0.0014535853973110524;55:0.0014535853973110524;55:0.0010844501195379497;55:0.0010844501195379497,0.0068359375,Yes
55,148.9161774618756,198.39688215430135,0.005615234375,0.00732421875,0.00390625,2584.0,0.00014050972102743953,32.0,0.00014050972102743953,0,0.00014050972102743953,0.00014050972102743953,54:0.0016353168055131262;54:0.0016353168055131262;54:0.0040309392738929195;54:0.0040309392738929195;59:0.004090086623923267;59:0.004090086623923267;59:0.005522090230773907;59:0.005522090230773907,54:68.0;54:68.0;54:68.0;54:68.0;59:68.0;59:68.0;59:68.0;59:68.0,54:0.0014535853973110524;54:0.0014535853973110524;54:0.0010844501195379497;54:0.0010844501195379497;59:0.0034126408298402466;59:0.0034126408298402466;59:0.002949955457777098;59:0.002949955457777098,0.005615234375,Yes
56,253.01118716236263,379.19689197857224,0.00390625,0.00634765625,0.00146484375,2584.0,0.0001792482828862241,32.0,0.0001792482828862241,0,0.0001792482828862241,0.0001792482828862241,43:0.0012692830680981482;43:0.0012692830680981482;43:0.0011919417048807668;43:0.0011919417048807668;63:0.002117409228831968;63:0.002117409228831968;63:0.0017061926182430076;63:0.0017061926182430076,43:68.0;43:68.0;43:68.0;43:68.0;63:68.0;63:68.0;63:68.0;63:68.0,43:0.001541951565755012;43:0.001541951565755012;43:0.0013434773822555979;43:0.0013434773822555979;63:0.0019071116288456869;63:0.0019071116288456869;63:0.0016875989943738456;63:0.0016875989943738456,0.00390625,Yes
57,157.70706828848267,196.65964432057655,0.003662109375,0.00634765625,0.0009765625,2584.0,0.00034484988480939523,32.0,0.00034484988480939523,0,0.00034484988480939523,0.00034484988480939523,47:0.0023055713643696796;47:0.0023055713643696796;47:0.001930870370449117;47:0.001930870370449117;67:0.0070586399590550075;67:0.0070586399590550075;67:0.001717246656925242;67:0.001717246656925242,47:68.0;47:68.0;47:68.0;47:68.0;67:68.0;67:68.0;67:68.0;67:68.0,47:0.001188809019442294;47:0.001188809019442294;47:0.0015847807097829902;47:0.0015847807097829902;67:0.0013300024092524343;67:0.0013300024092524343;67:0.0018070718588861223;67:0.0018070718588861223,0.003662109375,Yes
58,229.01713738878559,326.28480195161785,0.003173828125,0.0029296875,0.00341796875,2584.0,0.00018616447275079394,32.0,0.00018616447275079394,0,0.00018616447275079394,0.00018616447275079394,51:0.0017166052896248063;51:0.0017166052896248063;51:0.0008787654264508782;51:0.0008787654264508782;71:0.0009349622754277476;71:0.0009349622754277476;71:0.000986887499926481;71:0.000986887499926481,51:68.0;51:68.0;51:68.0;51:68.0;71:68.0;71:68.0;71:68.0;71:68.0,51:0.001013698554691217;51:0.001013698554691217;51:0.003833196121062754;51:0.003833196121062754;71:0.0008672213467760259;71:0.0008672213467760259;71:0.0008793301030199652;71:0.0008793301030199652,0.003173828125,Yes
59,180.57223353296138,173.42198628847925,0.006103515625,0.01025390625,0.001953125,2584.0,0.00042103343187265886,32.0,0.00042103343187265886,0,0.00042103343187265886,0.00042103343187265886,55:0.004090086623923267;55:0.004090086623923267;55:0.005522090230773907;55:0.005522090230773907;75:0.0017272148035511192;75:0.0017272148035511192;75:0.001263846404662039;75:0.001263846404662039,55:68.0;55:68.0;55:68.0;55:68.0;75:68.0;75:68.0;75:68.0;75:68.0,55:0.0034126408298402466;55:0.0034126408298402466;55:0.002949955457777098;55:0.002949955457777098;75:0.0012405706068514821;75:0.0012405706068514821;75:0.0011726687489844734;75:0.0011726687489844734,0.006103515625,Yes
60,243.39115454926738,505.3354908253644,0.005859375,0.0068359375,0.0048828125,2584.0,0.000255411005970917,32.0,0.000255411005970917,0,0.000255411005970917,0.000255411005970917,61:0.0015062787958455837;61:0.0015062787958455837;61:0.0014985361582793288;61:0.0014985361582793288,61:68.0;61:68.0;61:68.0;61:68.0,61:0.0009856536927049242;61:0.0009856536927049242;61:0.0014494496646346444;61:0.0014494496646346444,0.005859375,Yes
61,244.37542208633377,271.7397117353546,0.0048828125,0.0087890625,0.0009765625,2584.0,0.00012020048011601721,32.0,0.00012020048011601721,0,0.00012020048011601721,0.00012020048011601721,60:0.0015062787958455837;60:0.0015062787958455837;60:0.0014985361582793288;60:0.0014985361582793288;62:0.11055305314595387;62:0.11055305314595387;62:0.1255751123529681;62:0.1255751123529681;76:0.0020977826389703136;76:0.0020977826389703136;76:0.0026348483846559134;76:0.0026348483846559134,60:68.0;60:68.0;60:68.0;60:68.0;62:68.0;62:68.0;62:68.0;62:68.0;76:68.0;76:68.0;76:68.0;76:68.0,60:0.0009856536927049242;60:0.0009856536927049242;60:0.0014494496646346444;60:0.0014494496646346444;62:0.11121420984586713;62:0.11121420984586713;62:0.11121420984586713;62:0.11121420984586713;76:0.0019238660890464054;76:0.0019238660890464054;76:0.0022570164323950925;76:0.0022570164323950925,0.0048828125,Yes
62,89.33547420805732,64.52604768555625,0.259033203125,0.38037109375,0.1376953125,2584.0,0.008060436357831604,32.0,0.008060436357831604,0,0.008060436357831604,0.008060436357831604,61:0.11055305314595387;61:0.11055305314595387;61:0.1255751123529681;61:0.1255751123529681;63:0.0893752737534807;63:0.0893752737534807;63:0.07177196631537966;63:0.07177196631537966,61:68.0;61:68.0;61:68.0;61:68.0;63:68.0;63:68.0;63:68.0;63:68.0,61:0.11121420984586713;61:0.11121420984586713;61:0.11121420984586713;61:0.11121420984586713;63:0.1578408667698745;63:0.1578408667698745;63:0.13967779121193602;63:0.13967779121193602,0.259033203125,Yes
63,206.60323519797382,207.82194704375448,0.046875,0.06884765625,0.02490234375,2584.0,0.0006308508066500032,32.0,0.0006308508066500032,0,0.0006308508066500032,0.0006308508066500032,56:0.002117409228831968;56:0.002117409228831968;56:0.0017061926182430076;56:0.0017061926182430076;62:0.0893752737534807;62:0.0893752737534807;62:0.07177196631537966;62:0.07177196631537966;64:0.0023063517828195435;64:0.0023063517828195435;64:0.0014453359561854284;64:0.0014453359561854284,56:68.0;56:68.0;56:68.0;56:68.0;62:68.0;62:68.0;62:68.0;62:68.0;64:80.0;64:80.0;64:80.0;64:80.0,56:0.0019071116288456869;56:0.0019071116288456869;56:0.0016875989943738456;56:0.0016875989943738456;62:0.1578408667698745;62:0.1578408667698745;62:0.13967779121193602;62:0.13967779121193602;64:0.0024181058047285653;64:0.0024181058047285653;64:0.0018394526634255004;64:0.0018394526634255004,0.046875,Yes
64,219.20785734480972,256.32599529319526,0.00341796875,0.005859375,0.0009765625,2584.0,0.00025903696326849636,32.0,0.00025903696326849636,0,0.00025903696326849636,0.00025903696326849636,63:0.0023063517828195435;63:0.0023063517828195435;63:0.0014453359561854284;63:0.0014453359561854284;65:0.002422724612806487;65:0.002422724612806487;65:0.0016952159670128863;65:0.0016952159670128863,63:80.0;63:80.0;63:80.0;63:80.0;65:68.0;65:68.0;65:68.0;65:68.0,63:0.0024181058047285653;63:0.0024181058047285653;63:0.0018394526634255004;63:0.0018394526634255004;65:0.0016323284656656334;65:0.0016323284656656334;65:0.001373229931499742;65:0.001373229931499742,0.00341796875,Yes
65,336.65998237384684,329.1829617107732,0.007080078125,0.0048828125,0.00927734375,2584.0,0.00019918033251713156,32.0,0.00019918033251713156,0,0.00019918033251713156,0.00019918033251713156,64:0.002422724612806487;64:0.002422724612806487;64:0.0016952159670128863;64:0.0016952159670128863;66:0.001232087485358302;66:0.001232087485358302;66:0.0009056239587501014;66:0.0009056239587501014;77:0.0012284193780817132;77:0.0012284193780817132;77:0.0012702289519608834;77:0.0012702289519608834,64:68.0;64:68.0;64:68.0;64:68.0;66:100.0;66:100.0;66:100.0;66:100.0;77:68.0;77:68.0;77:68.0;77:68.0,64:0.0016323284656656334;64:0.0016323284656656334;64:0.001373229931499742;64:0.001373229931499742;66:0.0008645943358965291;66:0.0008645943358965291;66:0.0010529524644343202;66:0.0010529524644343202;77:0.00457658643424122;77:0.00457658643424122;77:0.0013327574625956462;77:0.0013327574625956462,0.007080078125,Yes
66,208.87090664333735,269.34438907350994,0.0048828125,0.00732421875,0.00244140625,2584.0,0.00020571473660634264,32.0,0.00020571473660634264,0,0.00020571473660634264,0.00020571473660634264,65:0.001232087485358302;65:0.001232087485358302;65:0.0009056239587501014;65:0.0009056239587501014;67:0.0012430504032171497;67:0.0012430504032171497;67:0.0010930304616530995;67:0.0010930304616530995,65:100.0;65:100.0;65:100.0;65:100.0;67:68.0;67:68.0;67:68.0;67:68.0,65:0.0008645943358965291;65:0.0008645943358965291;65:0.0010529524644343202;65:0.0010529524644343202;67:0.0011280723684370386;67:0.0011280723684370386;67:0.0010953837272032751;67:0.0010953837272032751,0.0048828125,Yes
67,262.5158255240365,235.11909005959868,0.00439453125,0.00634765625,0.00244140625,2584.0,0.00024268733884237004,32.0,0.00024268733884237004,0,0.00024268733884237004,0.00024268733884237004,57:0.0070586399590550075;57:0.0070586399590550075;57:0.001717246656925242;57:0.001717246656925242;66:0.0012430504032171497;66:0.0012430504032171497;66:0.0010930304616530995;66:0.0010930304616530995;68:0.001290939933755536;68:0.001290939933755536;68:0.0012480712149470219;68:0.0012480712149470219,57:68.0;57:68.0;57:68.0;57:68.0;66:68.0;66:68.0;66:68.0;66:68.0;68:68.0;68:68.0;68:68.0;68:68.0,57:0.0013300024092524343;57:0.0013300024092524343;57:0.0018070718588861223;57:0.0018070718588861223;66:0.0011280723684370386;66:0.0011280723684370386;66:0.0010953837272032751;66:0.0010953837272032751;68:0.0012967973518507592;68:0.0012967973518507592;68:0.0027432864652832123;68:0.0027432864652832123,0.00439453125,Yes
68,263.97837641248765,263.3305906149282,0.00341796875,0.00537109375,0.00146484375,2584.0,0.00030665447160726085,32.0,0.00030665447160726085,0,0.00030665447160726085,0.00030665447160726085,67:0.001290939933755536;67:0.001290939933755536;67:0.0012480712149470219;67:0.0012480712149470219;69:0.0026054133164963578;69:0.0026054133164963578;69:0.003268199646269926;69:0.003268199646269926,67:68.0;67:68.0;67:68.0;67:68.0;69:68.0;69:68.0;69:68.0;69:68.0,67:0.0012967973518507592;67:0.0012967973518507592;67:0.0027432864652832123;67:0.0027432864652832123;69:0.003102010070095196;69:0.003102010070095196;69:0.0008845789849273311;69:0.0008845789849273311,0.00341796875,Yes
69,255.10953685238368,297.63970687513483,0.00146484375,0.00146484375,0.00146484375,2584.0,0.0001778565996738344,32.0,0.0001778565996738344,0,0.0001778565996738344,0.0001778565996738344,68:0.0026054133164963578;68:0.0026054133164963578;68:0.003268199646269926;68:0.003268199646269926;70:0.0016832196898404206;70:0.0016832196898404206;70:0.0024478983951054523;70:0.0024478983951054523;78:0.0012827484044154458;78:0.0012827484044154458;78:0.002037671850582373;78:0.002037671850582373,68:68.0;68:68.0;68:68.0;68:68.0;70:68.0;70:68.0;70:68.0;70:68.0;78:68.0;78:68.0;78:68.0;78:68.0,68:0.003102010070095196;68:0.003102010070095196;68:0.0008845789849273311;68:0.0008845789849273311;70:0.0008923294371348534;70:0.0008923294371348534;70:0.0025264502154507817;70:0.0025264502154507817;78:0.001033214530977239;78:0.001033214530977239;78:0.0012186907795095625;78:0.0012186907795095625,0.00146484375,Yes
70,244.71733461551958,309.69010269048465,0.0029296875,0.00439453125,0.00146484375,2584.0,0.00016432679633737623,32.0,0.00016432679633737623,0,0.00016432679633737623,0.00016432679633737623,69:0.0016832196898404206;69:0.0016832196898404206;69:0.0024478983951054523;69:0.0024478983951054523;71:0.0022812011521850806;71:0.0022812011521850806;71:0.002084197940624255;71:0.002084197940624255,69:68.0;69:68.0;69:68.0;69:68.0;71:68.0;71:68.0;71:68.0;71:68.0,69:0.0008923294371348534;69:0.0008923294371348534;69:0.0025264502154507817;69:0.0025264502154507817;71:0.0031848703118614874;71:0.0031848703118614874;71:0.003426267642797687;71:0.003426267642797687,0.0029296875,Yes
71,243.4038230120517,127.1075964524083,0.00341796875,0.00537109375,0.00146484375,2584.0,0.000295741689747987,32.0,0.000295741689747987,0,0.000295741689747987,0.000295741689747987,58:0.0009349622754277476;58:0.0009349622754277476;58:0.000986887499926481;58:0.000986887499926481;70:0.0022812011521850806;70:0.0022812011521850806;70:0.002084197940624255;70:0.002084197940624255;72:0.001059394720963558;72:0.001059394720963558;72:0.001001129389865435;72:0.001001129389865435,58:68.0;58:68.0;58:68.0;58:68.0;70:68.0;70:68.0;70:68.0;70:68.0;72:68.0;72:68.0;72:68.0;72:68.0,58:0.0008672213467760259;58:0.0008672213467760259;58:0.0008793301030199652;58:0.0008793301030199652;70:0.0031848703118614874;70:0.0031848703118614874;70:0.003426267642797687;70:0.003426267642797687;72:0.0010747747890606507;72:0.0010747747890606507;72:0.0009989625703974159;72:0.0009989625703974159,0.00341796875,Yes
72,159.700812988031,182.56548232411123,0.0048828125,0.00927734375,0.00048828125,2584.0,0.00012304580423013796,32.0,0.00012304580423013796,0,0.00012304580423013796,0.00012304580423013796,71:0.001059394720963558;71:0.001059394720963558;71:0.001001129389865435;71:0.001001129389865435;73:0.0008799460416606397;73:0.0008799460416606397;73:0.0012512736753829412;73:0.0012512736753829412,71:68.0;71:68.0;71:68.0;71:68.0;73:68.0;73:68.0;73:68.0;73:68.0,71:0.0010747747890606507;71:0.0010747747890606507;71:0.0009989625703974159;71:0.0009989625703974159;73:0.0012341496158564114;73:0.0012341496158564114;73:0.0011483522507778898;73:0.0011483522507778898,0.0048828125,Yes
73,237.4363489284889,188.76112646523987,0.004150390625,0.005859375,0.00244140625,2584.0,0.00015110666409482763,32.0,0.00015110666409482763,0,0.00015110666409482763,0.00015110666409482763,72:0.0008799460416606397;72:0.0008799460416606397;72:0.0012512736753829412;72:0.0012512736753829412;74:0.0015987716650752992;74:0.0015987716650752992;74:0.0011510570993266134;74:0.0011510570993266134;79:0.003895926593978749;79:0.003895926593978749;79:0.0037864486694331456;79:0.0037864486694331456,72:68.0;72:68.0;72:68.0;72:68.0;74:68.0;74:68.0;74:68.0;74:68.0;79:68.0;79:68.0;79:68.0;79:68.0,72:0.0012341496158564114;72:0.0012341496158564114;72:0.0011483522507778898;72:0.0011483522507778898;74:0.0009937012673481849;74:0.0009937012673481849;74:0.0010150299776423566;74:0.0010150299776423566;79:0.0028886746005666597;79:0.0028886746005666597;79:0.002804253355772446;79:0.002804253355772446,0.004150390625,Yes
74,172.99933117226223,79.63471833638368,0.001708984375,0.00244140625,0.0009765625,2584.0,0.00021402197868472278,32.0,0.00021402197868472278,0,0.00021402197868472278,0.00021402197868472278,73:0.0015987716650752992;73:0.0015987716650752992;73:0.0011510570993266134;73:0.0011510570993266134;75:0.006778387794202173;75:0.006778387794202173;75:0.0061547092236168;75:0.0061547092236168,73:68.0;73:68.0;73:68.0;73:68.0;75:68.0;75:68.0;75:68.0;75:68.0,73:0.0009937012673481849;73:0.0009937012673481849;73:0.0010150299776423566;73:0.0010150299776423566;75:0.001678619664936265;75:0.001678619664936265;75:0.0024610914558507446;75:0.0024610914558507446,0.001708984375,Yes
75,248.3313758516213,369.9477616142549,0.00439453125,0.00732421875,0.00146484375,2584.0,0.00017981019209448867,32.0,0.00017981019209448867,0,0.00017981019209448867,0.00017981019209448867,59:0.0017272148035511192;59:0.0017272148035511192;59:0.001263846404662039;59:0.001263846404662039;74:0.006778387794202173;74:0.006778387794202173;74:0.0061547092236168;74:0.0061547092236168,59:68.0;59:68.0;59:68.0;59:68.0;74:68.0;74:68.0;74:68.0;74:68.0,59:0.0012405706068514821;59:0.0012405706068514821;59:0.0011726687489844734;59:0.0011726687489844734;74:0.001678619664936265;74:0.001678619664936265;74:0.0024610914558507446;74:0.0024610914558507446,0.00439453125,Yes
76,170.32401495560615,231.56450307646602,0.0029296875,0.00439453125,0.00146484375,2584.0,0.00040869027100711916,32.0,0.00040869027100711916,0,0.00040869027100711916,0.00040869027100711916,61:0.0020977826389703136;61:0.0020977826389703136;61:0.0026348483846559134;61:0.0026348483846559134;81:0.0014690501814390022;81:0.0014690501814390022;81:0.0014894691006713534;81:0.0014894691006713534,61:68.0;61:68.0;61:68.0;61:68.0;81:68.0;81:68.0;81:68.0;81:68.0,61:0.0019238660890464054;61:0.0019238660890464054;61:0.0022570164323950925;61:0.0022570164323950925;81:0.001435012797926044;81:0.001435012797926044;81:0.001394327857902583;81:0.001394327857902583,0.0029296875,Yes
77,270.59593820699865,405.9587629603403,0.00634765625,0.0087890625,0.00390625,2584.0,0.00037937987106466316,32.0,0.00037937987106466316,0,0.00037937987106466316,0.00037937987106466316,65:0.0012284193780817132;65:0.0012284193780817132;65:0.0012702289519608834;65:0.0012702289519608834;85:0.0013489152276247585;85:0.0013489152276247585;85:0.01338055980631378;85:0.01338055980631378,65:68.0;65:68.0;65:68.0;65:68.0;85:68.0;85:68.0;85:68.0;85:68.0,65:0.00457658643424122;65:0.00457658643424122;65:0.0013327574625956462;65:0.0013327574625956462;85:0.003934602273079069;85:0.003934602273079069;85:0.002160867985140008;85:0.002160867985140008,0.00634765625,Yes
78,272.9340084540904,390.98901184368043,0.009521484375,0.015625,0.00341796875,2584.0,0.00017104740468934222,32.0,0.00017104740468934222,0,0.00017104740468934222,0.00017104740468934222,69:0.0012827484044154458;69:0.0012827484044154458;69:0.002037671850582373;69:0.002037671850582373;89:0.0010227404819509733;89:0.0010227404819509733;89:0.0014282207872109431;89:0.0014282207872109431,69:68.0;69:68.0;69:68.0;69:68.0;89:68.0;89:68.0;89:68.0;89:68.0,69:0.001033214530977239;69:0.001033214530977239;69:0.0012186907795095625;69:0.0012186907795095625;89:0.0013122496442418974;89:0.0013122496442418974;89:0.0012930693558352857;89:0.0012930693558352857,0.009521484375,Yes
79,221.65403153150322,380.1945480520633,0.002197265625,0.00341796875,0.0009765625,2584.0,0.0002204185009065083,32.0,0.0002204185009065083,0,0.0002204185009065083,0.0002204185009065083,73:0.003895926593978749;73:0.003895926593978749;73:0.0037864486694331456;73:0.0037864486694331456;93:0.005162213496862883;93:0.005162213496862883;93:0.005043316704361117;93:0.005043316704361117,73:68.0;73:68.0;73:68.0;73:68.0;93:68.0;93:68.0;93:68.0;93:68.0,73:0.0028886746005666597;73:0.0028886746005666597;73:0.002804253355772446;73:0.002804253355772446;93:0.001284754207031863;93:0.001284754207031863;93:0.0013883027213722199;93:0.0013883027213722199,0.002197265625,Yes
80,280.77137141170897,373.35473136246856,0.015380859375,0.015625,0.01513671875,2584.0,0.00019697832911585298,32.0,0.00019697832911585298,0,0.00019697832911585298,0.00019697832911585298,81:1;81:1;81:0.001205957644131811;81:0.001205957644131811,81:68.0;81:68.0;81:68.0;81:68.0,81:1;81:1;81:0.004813272254581835;81:0.004813272254581835,0.015380859375,Yes
81,297.32968534040947,367.8605600828601,0.00439453125,0.0078125,0.0009765625,2584.0,0.0002987999421967998,32.0,0.0002987999421967998,0,0.0002987999421967998,0.0002987999421967998,76:0.0014690501814390022;76:0.0014690501814390022;76:0.0014894691006713534;76:0.0014894691006713534;80:1;80:1;80:0.001205957644131811;80:0.001205957644131811;82:0.0021011465023956233;82:0.0021011465023956233;82:0.0016606019576392017;82:0.0016606019576392017,76:68.0;76:68.0;76:68.0;76:68.0;80:68.0;80:68.0;80:68.0;80:68.0;82:68.0;82:68.0;82:68.0;82:68.0,76:0.001435012797926044;76:0.001435012797926044;76:0.001394327857902583;76:0.001394327857902583;80:1;80:1;80:0.004813272254581835;80:0.004813272254581835;82:0.0029821948738338877;82:0.0029821948738338877;82:0.0022693464468621083;82:0.0022693464468621083,0.00439453125,Yes
82,227.0079983240384,328.1085991666286,0.026611328125,0.03076171875,0.0224609375,2584.0,0.0007365651217176319,32.0,0.0007365651217176319,0,0.0007365651217176319,0.0007365651217176319,81:0.0021011465023956233;81:0.0021011465023956233;81:0.0016606019576392017;81:0.0016606019576392017;83:0.002162592806103314;83:0.002162592806103314;83:0.00220212384183191;83:0.00220212384183191,81:68.0;81:68.0;81:68.0;81:68.0;83:68.0;83:68.0;83:68.0;83:68.0,81:0.0029821948738338877;81:0.0029821948738338877;81:0.0022693464468621083;81:0.0022693464468621083;83:0.0021656533487916796;83:0.0021656533487916796;83:0.001556407190337783;83:0.001556407190337783,0.026611328125,Yes
83,277.292288846945,331.5054135886418,0.00439453125,0.00732421875,0.00146484375,2584.0,0.00045557125656820244,32.0,0.00045557125656820244,0,0.00045557125656820244,0.00045557125656820244,82:0.002162592806103314;82:0.002162592806103314;82:0.00220212384183191;82:0.00220212384183191;84:0.001820939514747849;84:0.001820939514747849;84:0.0026412595334157907;84:0.0026412595334157907;96:0.0043296533268442905;96:0.0043296533268442905;96:0.002328575194167626;96:0.002328575194167626,82:68.0;82:68.0;82:68.0;82:68.0;84:68.0;84:68.0;84:68.0;84:68.0;96:68.0;96:68.0;96:68.0;96:68.0,82:0.0021656533487916796;82:0.0021656533487916796;82:0.001556407190337783;82:0.001556407190337783;84:0.0020606296364312493;84:0.0020606296364312493;84:0.0032943714193962026;84:0.0032943714193962026;96:0.004529171659120146;96:0.004529171659120146;96:0.0016118395443767142;96:0.0016118395443767142,0.00439453125,Yes
84,69.50472507671002,92.69227180779556,0.07763671875,0.15478515625,0.00048828125,2584.0,0.00030502357784516177,32.0,0.00030502357784516177,0,0.00030502357784516177,0.00030502357784516177,83:0.001820939514747849;83:0.001820939514747849;83:0.0026412595334157907;83:0.0026412595334157907;85:0.00415334237055795;85:0.00415334237055795;85:0.005266047486516379;85:0.005266047486516379,83:68.0;83:68.0;83:68.0;83:68.0;85:68.0;85:68.0;85:68.0;85:68.0,83:0.0020606296364312493;83:0.0020606296364312493;83:0.0032943714193962026;83:0.0032943714193962026;85:0.00262104402988797;85:0.00262104402988797;85:0.003647251024075121;85:0.003647251024075121,0.07763671875,Yes
85,198.43824590901255,202.8375614686161,0.005126953125,0.0078125,0.00244140625,2584.0,0.0004900289977018403,32.0,0.0004900289977018403,0,0.0004900289977018403,0.0004900289977018403,77:0.0013489152276247585;77:0.0013489152276247585;77:0.01338055980631378;77:0.01338055980631378;84:0.00415334237055795;84:0.00415334237055795;84:0.005266047486516379;84:0.005266047486516379;86:0.01096753579637319;86:0.01096753579637319;86:0.013792015051451528;86:0.013792015051451528,77:68.0;77:68.0;77:68.0;77:68.0;84:68.0;84:68.0;84:68.0;84:68.0;86:68.0;86:68.0;86:68.0;86:68.0,77:0.003934602273079069;77:0.003934602273079069;77:0.002160867985140008;77:0.002160867985140008;84:0.00262104402988797;84:0.00262104402988797;84:0.003647251024075121;84:0.003647251024075121;86:0.0026939691231591123;86:0.0026939691231591123;86:0.0038706887740081186;86:0.0038706887740081186,0.005126953125,Yes
86,281.05601043879676,289.63767058728934,0.02197265625,0.00927734375,0.03466796875,2584.0,0.0002637077961819513,32.0,0.0002637077961819513,0,0.0002637077961819513,0.0002637077961819513,85:0.01096753579637319;85:0.01096753579637319;85:0.013792015051451528;85:0.013792015051451528;87:0.008690740462932278;87:0.008690740462932278;87:0.006511154370492711;87:0.006511154370492711,85:68.0;85:68.0;85:68.0;85:68.0;87:68.0;87:68.0;87:68.0;87:68.0,85:0.0026939691231591123;85:0.0026939691231591123;85:0.0038706887740081186;85:0.0038706887740081186;87:0.008814730260515713;87:0.008814730260515713;87:0.011684033467331961;87:0.011684033467331961,0.02197265625,Yes
87,249.89718006727492,292.90263858469996,0.031982421875,0.05322265625,0.0107421875,2584.0,0.0002973324831301396,32.0,0.0002973324831301396,0,0.0002973324831301396,0.0002973324831301396,86:0.008690740462932278;86:0.008690740462932278;86:0.006511154370492711;86:0.006511154370492711;88:0.0009357126356418777;88:0.0009357126356418777;88:0.0009910593689657077;88:0.0009910593689657077;97:0.0018235827701088558;97:0.0018235827701088558;97:0.004035566127511325;97:0.004035566127511325,86:68.0;86:68.0;86:68.0;86:68.0;88:68.0;88:68.0;88:68.0;88:68.0;97:68.0;97:68.0;97:68.0;97:68.0,86:0.008814730260515713;86:0.008814730260515713;86:0.011684033467331961;86:0.011684033467331961;88:0.0011060630414198858;88:0.0011060630414198858;88:0.0009198812798134337;88:0.0009198812798134337;97:0.001258606682425445;97:0.001258606682425445;97:0.0013044851015841519;97:0.0013044851015841519,0.031982421875,Yes
88,257.4459877706145,424.69875107742297,0.006103515625,0.0068359375,0.00537109375,2584.0,0.0002925905595487421,32.0,0.0002925905595487421,0,0.0002925905595487421,0.0002925905595487421,87:0.0009357126356418777;87:0.0009357126356418777;87:0.0009910593689657077;87:0.0009910593689657077;89:0.0017513486044911375;89:0.0017513486044911375;89:0.0015464990171495385;89:0.0015464990171495385,87:68.0;87:68.0;87:68.0;87:68.0;89:68.0;89:68.0;89:68.0;89:68.0,87:0.0011060630414198858;87:0.0011060630414198858;87:0.0009198812798134337;87:0.0009198812798134337;89:0.0011582246758126136;89:0.0011582246758126136;89:0.0009058823775672797;89:0.0009058823775672797,0.006103515625,Yes
89,255.4944863781967,358.61269490116905,0.002685546875,0.00341796875,0.001953125,2584.0,0.00021467162907395362,32.0,0.00021467162907395362,0,0.00021467162907395362,0.00021467162907395362,78:0.0010227404819509733;78:0.0010227404819509733;78:0.0014282207872109431;78:0.0014282207872109431;88:0.0017513486044911375;88:0.0017513486044911375;88:0.0015464990171495385;88:0.0015464990171495385;90:0.0010455337595575709;90:0.0010455337595575709;90:0.0013867747572250122;90:0.0013867747572250122,78:68.0;78:68.0;78:68.0;78:68.0;88:68.0;88:68.0;88:68.0;88:68.0;90:68.0;90:68.0;90:68.0;90:68.0,78:0.0013122496442418974;78:0.0013122496442418974;78:0.0012930693558352857;78:0.0012930693558352857;88:0.0011582246758126136;88:0.0011582246758126136;88:0.0009058823775672797;88:0.0009058823775672797;90:0.0013031140124754037;90:0.0013031140124754037;90:0.0008980762372523821;90:0.0008980762372523821,0.002685546875,Yes
90,204.75585132469894,238.6785662351295,0.004150390625,0.00390625,0.00439453125,2584.0,0.00014342369952051267,32.0,0.00014342369952051267,0,0.00014342369952051267,0.00014342369952051267,89:0.0010455337595575709;89:0.0010455337595575709;89:0.0013867747572250122;89:0.0013867747572250122;91:0.0027535342572010957;91:0.0027535342572010957;91:0.004336138995473776;91:0.004336138995473776,89:68.0;89:68.0;89:68.0;89:68.0;91:68.0;91:68.0;91:68.0;91:68.0,89:0.0013031140124754037;89:0.0013031140124754037;89:0.0008980762372523821;89:0.0008980762372523821;91:0.00440257830520327;91:0.00440257830520327;91:0.00416466160916712;91:0.00416466160916712,0.004150390625,Yes
91,236.78886027344768,318.22931988460755,0.010498046875,0.01904296875,0.001953125,2584.0,0.0001272698989541694,32.0,0.0001272698989541694,0,0.0001272698989541694,0.0001272698989541694,90:0.0027535342572010957;90:0.0027535342572010957;90:0.004336138995473776;90:0.004336138995473776;92:0.0010905940067374442;92:0.0010905940067374442;92:0.0016172319692416004;92:0.0016172319692416004;98:0.0015035492472196266;98:0.0015035492472196266;98:0.0016936026174669272;98:0.0016936026174669272,90:68.0;90:68.0;90:68.0;90:68.0;92:108.0;92:108.0;92:108.0;92:108.0;98:208.0;98:208.0;98:208.0;98:208.0,90:0.00440257830520327;90:0.00440257830520327;90:0.00416466160916712;90:0.00416466160916712;92:0.015152235765864608;92:0.015152235765864608;92:0.013001196491410516;92:0.013001196491410516;98:0.11561321772295424;98:0.11561321772295424;98:0.08412232847613826;98:0.08412232847613826,0.010498046875,Yes
92,175.0817785449042,150.58440586664412,0.023681640625,0.0205078125,0.02685546875,2584.0,0.0002083937960576352,32.0,0.0002083937960576352,0,0.0002083937960576352,0.0002083937960576352,91:0.0010905940067374442;91:0.0010905940067374442;91:0.0016172319692416004;91:0.0016172319692416004;93:0.0113760478528315;93:0.0113760478528315;93:0.0025627170992562065;93:0.0025627170992562065,91:108.0;91:108.0;91:108.0;91:108.0;93:68.0;93:68.0;93:68.0;93:68.0,91:0.015152235765864608;91:0.015152235765864608;91:0.013001196491410516;91:0.013001196491410516;93:0.0010155426928274147;93:0.0010155426928274147;93:0.0013575431873873167;93:0.0013575431873873167,0.023681640625,Yes
93,296.79712635431093,239.18569718499342,0.0341796875,0.02880859375,0.03955078125,2584.0,0.0005058860157421492,32.0,0.0005058860157421492,0,0.0005058860157421492,0.0005058860157421492,79:0.005162213496862883;79:0.005162213496862883;79:0.005043316704361117;79:0.005043316704361117;92:0.0113760478528315;92:0.0113760478528315;92:0.0025627170992562065;92:0.0025627170992562065;94:0.008174122279963614;94:0.008174122279963614;94:0.0049951221543301505;94:0.0049951221543301505,79:68.0;79:68.0;79:68.0;79:68.0;92:68.0;92:68.0;92:68.0;92:68.0;94:68.0;94:68.0;94:68.0;94:68.0,79:0.001284754207031863;79:0.001284754207031863;79:0.0013883027213722199;79:0.0013883027213722199;92:0.0010155426928274147;92:0.0010155426928274147;92:0.0013575431873873167;92:0.0013575431873873167;94:0.0017314618356905065;94:0.0017314618356905065;94:0.002634958818946209;94:0.002634958818946209,0.0341796875,Yes
94,253.84701828069723,272.3473747194821,0.0107421875,0.01416015625,0.00732421875,2584.0,0.00020384079690430833,32.0,0.00020384079690430833,0,0.00020384079690430833,0.00020384079690430833,93:0.008174122279963614;93:0.008174122279963614;93:0.0049951221543301505;93:0.0049951221543301505;95:0.002430372378102452;95:0.002430372378102452;95:0.0021408022807902494;95:0.0021408022807902494,93:68.0;93:68.0;93:68.0;93:68.0;95:68.0;95:68.0;95:68.0;95:68.0,93:0.0017314618356905065;93:0.0017314618356905065;93:0.002634958818946209;93:0.002634958818946209;95:0.0016568184986515966;95:0.0016568184986515966;95:0.0026851167487600136;95:0.0026851167487600136,0.0107421875,Yes
95,312.3960036962807,286.37986637697264,0.008056640625,0.0068359375,0.00927734375,2584.0,0.00010203422792555005,32.0,0.00010203422792555005,0,0.00010203422792555005,0.00010203422792555005,94:0.002430372378102452;94:0.002430372378102452;94:0.0021408022807902494;94:0.0021408022807902494;99:0.0018806264781006388;99:0.0018806264781006388;99:0.0011271990526497688;99:0.0011271990526497688,94:68.0;94:68.0;94:68.0;94:68.0;99:68.0;99:68.0;99:68.0;99:68.0,94:0.0016568184986515966;94:0.0016568184986515966;94:0.0026851167487600136;94:0.0026851167487600136;99:0.000854267603745712;99:0.000854267603745712;99:0.0009943094851241618;99:0.0009943094851241618,0.008056640625,Yes
96,306.331522905777,92.59750807079,0.02490234375,0.0205078125,0.029296875,2584.0,0.00037132054035582146,32.0,0.00037132054035582146,0,0.00037132054035582146,0.00037132054035582146,83:0.0043296533268442905;83:0.0043296533268442905;83:0.002328575194167626;83:0.002328575194167626;103:0.004766230604492466;103:0.004766230604492466;103:0.004368268630734112;103:0.004368268630734112,83:68.0;83:68.0;83:68.0;83:68.0;103:68.0;103:68.0;103:68.0;103:68.0,83:0.004529171659120146;83:0.004529171659120146;83:0.0016118395443767142;83:0.0016118395443767142;103:0.0055460428779572635;103:0.0055460428779572635;103:0.0012314907003766196;103:0.0012314907003766196,0.02490234375,Yes
97,237.85287717408698,305.7002714988988,0.004150390625,0.005859375,0.00244140625,2584.0,0.00033345982312028356,32.0,0.00033345982312028356,0,0.00033345982312028356,0.00033345982312028356,87:0.0018235827701088558;87:0.0018235827701088558;87:0.004035566127511325;87:0.004035566127511325;107:0.0023774228859705093;107:0.0023774228859705093;107:0.0027368166258390225;107:0.0027368166258390225,87:68.0;87:68.0;87:68.0;87:68.0;107:68.0;107:68.0;107:68.0;107:68.0,87:0.001258606682425445;87:0.001258606682425445;87:0.0013044851015841519;87:0.0013044851015841519;107:0.002295591254239948;107:0.002295591254239948;107:0.0016623489276740844;107:0.0016623489276740844,0.004150390625,Yes
98,304.697833692281,533.5089555104614,0.0048828125,0.00537109375,0.00439453125,2584.0,0.0002506639326765814,32.0,0.0002506639326765814,0,0.0002506639326765814,0.0002506639326765814,91:0.0015035492472196266;91:0.0015035492472196266;91:0.0016936026174669272;91:0.0016936026174669272;111:0.0019175752278571823;111:0.0019175752278571823;111:0.0021644969530779934;111:0.0021644969530779934,91:208.0;91:208.0;91:208.0;91:208.0;111:68.0;111:68.0;111:68.0;111:68.0,91:0.11561321772295424;91:0.11561321772295424;91:0.08412232847613826;91:0.08412232847613826;111:0.0017770370855695328;111:0.0017770370855695328;111:0.001764880231012761;111:0.001764880231012761,0.0048828125,Yes
99,243.75235556487647,278.586261131794,0.00537109375,0.00830078125,0.00244140625,2584.0,0.00021027444559295266,32.0,0.00021027444559295266,0,0.00021027444559295266,0.00021027444559295266,95:0.0018806264781006388;95:0.0018806264781006388;95:0.0011271990526497688;95:0.0011271990526497688;115:0.018225052381607376;115:0.018225052381607376;115:0.01524726686782607;115:0.01524726686782607,95:68.0;95:68.0;95:68.0;95:68.0;115:68.0;115:68.0;115:68.0;115:68.0,95:0.000854267603745712;95:0.000854267603745712;95:0.0009943094851241618;95:0.0009943094851241618;115:0.02559769995790756;115:0.02559769995790756;115:0.016389284833213003;115:0.016389284833213003,0.00537109375,Yes
100,206.012096652313,301.70889233761244,0.01220703125,0.01171875,0.0126953125,2584.0,0.0001549562669734927,32.0,0.0001549562669734927,0,0.0001549562669734927,0.0001549562669734927,101:0.001023553602878563;101:0.001023553602878563;101:0.0008721460978478035;101:0.0008721460978478035,101:68.0;101:68.0;101:68.0;101:68.0,101:0.0009364405960354261;101:0.0009364405960354261;101:0.0009911579815805316;101:0.0009911579815805316,0.01220703125,Yes
101,262.48706240261686,364.8823582578633,0.00537109375,0.0078125,0.0029296875,2584.0,0.00012560681331736726,32.0,0.00012560681331736726,0,0.00012560681331736726,0.00012560681331736726,100:0.001023553602878563;100:0.001023553602878563;100:0.0008721460978478035;100:0.0008721460978478035;102:0.0015326192801314864;102:0.0015326192801314864;102:0.001894774270287336;102:0.001894774270287336;116:0.004656897280740119;116:0.004656897280740119;116:0.0008359100972408773;116:0.0008359100972408773,100:68.0;100:68.0;100:68.0;100:68.0;102:68.0;102:68.0;102:68.0;102:68.0;116:68.0;116:68.0;116:68.0;116:68.0,100:0.0009364405960354261;100:0.0009364405960354261;100:0.0009911579815805316;100:0.0009911579815805316;102:0.0011482592179123952;102:0.0011482592179123952;102:0.0008755411673262714;102:0.0008755411673262714;116:0.0016604259304833502;116:0.0016604259304833502;116:0.0014072282662762892;116:0.0014072282662762892,0.00537109375,Yes
102,238.6170156231977,253.1953117166736,0.010009765625,0.0087890625,0.01123046875,2584.0,0.000305831653663843,32.0,0.000305831653663843,0,0.000305831653663843,0.000305831653663843,101:0.0015326192801314864;101:0.0015326192801314864;101:0.001894774270287336;101:0.001894774270287336;103:0.0015802404062705;103:0.0015802404062705;103:0.0021266523600015075;103:0.0021266523600015075,101:68.0;101:68.0;101:68.0;101:68.0;103:68.0;103:68.0;103:68.0;103:68.0,101:0.0011482592179123952;101:0.0011482592179123952;101:0.0008755411673262714;101:0.0008755411673262714;103:0.001464944787175626;103:0.001464944787175626;103:0.001615503363688986;103:0.001615503363688986,0.010009765625,Yes
103,378.0233299400461,514.0163950182049,0.004638671875,0.00634765625,0.0029296875,2584.0,0.00016678427503708974,32.0,0.00016678427503708974,0,0.00016678427503708974,0.00016678427503708974,96:0.004766230604492466;96:0.004766230604492466;96:0.004368268630734112;96:0.004368268630734112;102:0.0015802404062705;102:0.0015802404062705;102:0.0021266523600015075;102:0.0021266523600015075;104:0.000946902326544069;104:0.000946902326544069;104:0.000810389765985714;104:0.000810389765985714,96:68.0;96:68.0;96:68.0;96:68.0;102:68.0;102:68.0;102:68.0;102:68.0;104:68.0;104:68.0;104:68.0;104:68.0,96:0.0055460428779572635;96:0.0055460428779572635;96:0.0012314907003766196;96:0.0012314907003766196;102:0.001464944787175626;102:0.001464944787175626;102:0.001615503363688986;102:0.001615503363688986;104:0.0009655712892538137;104:0.0009655712892538137;104:0.0010014534831510602;104:0.0010014534831510602,0.004638671875,Yes
104,253.94231812903564,366.6229545402378,0.004150390625,0.005859375,0.00244140625,2584.0,0.00017069164089565742,32.0,0.00017069164089565742,0,0.00017069164089565742,0.00017069164089565742,103:0.000946902326544069;103:0.000946902326544069;103:0.000810389765985714;103:0.000810389765985714;105:0.0008604832401983287;105:0.0008604832401983287;105:0.0013987365589085976;105:0.0013987365589085976,103:68.0;103:68.0;103:68.0;103:68.0;105:68.0;105:68.0;105:68.0;105:68.0,103:0.0009655712892538137;103:0.0009655712892538137;103:0.0010014534831510602;103:0.0010014534831510602;105:0.000995737559886689;105:0.000995737559886689;105:0.0018683687261978055;105:0.0018683687261978055,0.004150390625,Yes
105,268.89190933858043,253.61212904711405,0.0341796875,0.06640625,0.001953125,2584.0,0.00012457207035736906,32.0,0.00012457207035736906,0,0.00012457207035736906,0.00012457207035736906,104:0.0008604832401983287;104:0.0008604832401983287;104:0.0013987365589085976;104:0.0013987365589085976;106:0.009495772235809802;106:0.009495772235809802;106:0.009616086608503799;106:0.009616086608503799;117:0.0014409594085990074;117:0.0014409594085990074;117:0.001637207470253893;117:0.001637207470253893,104:68.0;104:68.0;104:68.0;104:68.0;106:92.0;106:92.0;106:92.0;106:92.0;117:68.0;117:68.0;117:68.0;117:68.0,104:0.000995737559886689;104:0.000995737559886689;104:0.0018683687261978055;104:0.0018683687261978055;106:0.0038731496773241614;106:0.0038731496773241614;106:0.004167591112939684;106:0.004167591112939684;117:0.0012603571447554474;117:0.0012603571447554474;117:0.00289575238999229;117:0.00289575238999229,0.0341796875,Yes
106,189.6711772395574,217.40190435228598,0.010986328125,0.0126953125,0.00927734375,2584.0,0.00021227572107745583,32.0,0.00021227572107745583,0,0.00021227572107745583,0.00021227572107745583,105:0.009495772235809802;105:0.009495772235809802;105:0.009616086608503799;105:0.009616086608503799;107:0.003088905404375869;107:0.003088905404375869;107:0.0030976329268674885;107:0.0030976329268674885,105:92.0;105:92.0;105:92.0;105:92.0;107:68.0;107:68.0;107:68.0;107:68.0,105:0.0038731496773241614;105:0.0038731496773241614;105:0.004167591112939684;105:0.004167591112939684;107:0.0022507901060848934;107:0.0022507901060848934;107:0.0019933028505196293;107:0.0019933028505196293,0.010986328125,Yes
107,238.48468967504175,216.5396995041826,0.009765625,0.0107421875,0.0087890625,2584.0,0.0003769765471938302,32.0,0.0003769765471938302,0,0.0003769765471938302,0.0003769765471938302,97:0.0023774228859705093;97:0.0023774228859705093;97:0.0027368166258390225;97:0.0027368166258390225;106:0.003088905404375869;106:0.003088905404375869;106:0.0030976329268674885;106:0.0030976329268674885;108:0.0011276480639828002;108:0.0011276480639828002;108:0.0010385108593939096;108:0.0010385108593939096,97:68.0;97:68.0;97:68.0;97:68.0;106:68.0;106:68.0;106:68.0;106:68.0;108:68.0;108:68.0;108:68.0;108:68.0,97:0.002295591254239948;97:0.002295591254239948;97:0.0016623489276740844;97:0.0016623489276740844;106:0.0022507901060848934;106:0.0022507901060848934;106:0.0019933028505196293;106:0.0019933028505196293;108:0.0020587441315592647;108:0.0020587441315592647;108:0.0009746087898815092;108:0.0009746087898815092,0.009765625,Yes
108,252.71118819191562,312.78058446190903,0.0048828125,0.005859375,0.00390625,2584.0,0.00023254627871703551,32.0,0.00023254627871703551,0,0.00023254627871703551,0.00023254627871703551,107:0.0011276480639828002;107:0.0011276480639828002;107:0.0010385108593939096;107:0.0010385108593939096;109:0.00143570085605485;109:0.00143570085605485;109:0.0012824536029985012;109:0.0012824536029985012,107:68.0;107:68.0;107:68.0;107:68.0;109:68.0;109:68.0;109:68.0;109:68.0,107:0.0020587441315592647;107:0.0020587441315592647;107:0.0009746087898815092;107:0.0009746087898815092;109:0.0010501929148450662;109:0.0010501929148450662;109:0.0010089133356987467;109:0.0010089133356987467,0.0048828125,Yes
109,282.3512392226013,332.7812262100221,0.002685546875,0.0029296875,0.00244140625,2584.0,0.00032691270557915343,32.0,0.00032691270557915343,0,0.00032691270557915343,0.00032691270557915343,108:0.00143570085605485;108:0.00143570085605485;108:0.0012824536029985012;108:0.0012824536029985012;110:0.0020336247652223693;110:0.0020336247652223693;110:0.001368681280724704;110:0.001368681280724704;118:0.0011000592874544912;118:0.0011000592874544912;118:0.001152976463889649;118:0.001152976463889649,108:68.0;108:68.0;108:68.0;108:68.0;110:68.0;110:68.0;110:68.0;110:68.0;118:68.0;118:68.0;118:68.0;118:68.0,108:0.0010501929148450662;108:0.0010501929148450662;108:0.0010089133356987467;108:0.0010089133356987467;110:0.0014222351626214658;110:0.0014222351626214658;110:0.0015567717621812471;110:0.0015567717621812471;118:0.0010906553361742233;118:0.0010906553361742233;118:0.0009555880599160238;118:0.0009555880599160238,0.002685546875,Yes
110,266.00120110321666,304.0559252791003,0.005859375,0.0078125,0.00390625,2584.0,0.00026872188798405324,32.0,0.00026872188798405324,0,0.00026872188798405324,0.00026872188798405324,109:0.0020336247652223693;109:0.0020336247652223693;109:0.001368681280724704;109:0.001368681280724704;111:0.0020513778896250057;111:0.0020513778896250057;111:0.007251727904286354;111:0.007251727904286354,109:68.0;109:68.0;109:68.0;109:68.0;111:68.0;111:68.0;111:68.0;111:68.0,109:0.0014222351626214658;109:0.0014222351626214658;109:0.0015567717621812471;109:0.0015567717621812471;111:0.0013881299577614692;111:0.0013881299577614692;111:0.0015754685918397404;111:0.0015754685918397404,0.005859375,Yes
111,184.73393080914002,187.451188093872,0.01318359375,0.0107421875,0.015625,2584.0,0.0001905050135895998,32.0,0.0001905050135895998,0,0.0001905050135895998,0.0001905050135895998,98:0.0019175752278571823;98:0.0019175752278571823;98:0.0021644969530779934;98:0.0021644969530779934;110:0.0020513778896250057;110:0.0020513778896250057;110:0.007251727904286354;110:0.007251727904286354;112:0.001627915572488009;112:0.001627915572488009;112:0.001488173381211877;112:0.001488173381211877,98:68.0;98:68.0;98:68.0;98:68.0;110:68.0;110:68.0;110:68.0;110:68.0;112:68.0;112:68.0;112:68.0;112:68.0,98:0.0017770370855695328;98:0.0017770370855695328;98:0.001764880231012761;98:0.001764880231012761;110:0.0013881299577614692;110:0.0013881299577614692;110:0.0015754685918397404;110:0.0015754685918397404;112:0.0018500189678797296;112:0.0018500189678797296;112:0.0012304980018744693;112:0.0012304980018744693,0.01318359375,Yes
112,230.38245679584858,268.5860442584679,0.02001953125,0.03564453125,0.00439453125,2584.0,0.00035786891970500303,32.0,0.00035786891970500303,0,0.00035786891970500303,0.00035786891970500303,111:0.001627915572488009;111:0.001627915572488009;111:0.001488173381211877;111:0.001488173381211877;113:0.0022289415368484944;113:0.0022289415368484944;113:0.0016197826654723302;113:0.0016197826654723302,111:68.0;111:68.0;111:68.0;111:68.0;113:68.0;113:68.0;113:68.0;113:68.0,111:0.0018500189678797296;111:0.0018500189678797296;111:0.0012304980018744693;111:0.0012304980018744693;113:0.0010271488931154205;113:0.0010271488931154205;113:0.0008745100559280905;113:0.0008745100559280905,0.02001953125,Yes
113,260.22128648209525,323.714199755762,0.005615234375,0.00830078125,0.0029296875,2584.0,0.00012626549798835346,32.0,0.00012626549798835346,0,0.00012626549798835346,0.00012626549798835346,112:0.0022289415368484944;112:0.0022289415368484944;112:0.0016197826654723302;112:0.0016197826654723302;114:0.002523779094198514;114:0.002523779094198514;114:0.002017384027154484;114:0.002017384027154484;119:0.003299941592228267;119:0.003299941592228267;119:0.0011325944389957154;119:0.0011325944389957154,112:68.0;112:68.0;112:68.0;112:68.0;114:68.0;114:68.0;114:68.0;114:68.0;119:68.0;119:68.0;119:68.0;119:68.0,112:0.0010271488931154205;112:0.0010271488931154205;112:0.0008745100559280905;112:0.0008745100559280905;114:0.002237798661190449;114:0.002237798661190449;114:0.001526728628460955;114:0.001526728628460955;119:0.002757848731941487;119:0.002757848731941487;119:0.0008586883013069757;119:0.0008586883013069757,0.005615234375,Yes
114,243.19037562331494,345.6321377424979,0.009521484375,0.00732421875,0.01171875,2584.0,0.0003274833406961452,32.0,0.0003274833406961452,0,0.0003274833406961452,0.0003274833406961452,113:0.002523779094198514;113:0.002523779094198514;113:0.002017384027154484;113:0.002017384027154484;115:0.06614254263725039;115:0.06614254263725039;115:0.0414239313365293;115:0.0414239313365293,113:68.0;113:68.0;113:68.0;113:68.0;115:68.0;115:68.0;115:68.0;115:68.0,113:0.002237798661190449;113:0.002237798661190449;113:0.001526728628460955;113:0.001526728628460955;115:0.04135558446566667;115:0.04135558446566667;115:0.0316684405864143;115:0.0316684405864143,0.009521484375,Yes
115,208.10440525843916,369.37137714172655,0.007080078125,0.0087890625,0.00537109375,2584.0,0.00033942497013856346,32.0,0.00033942497013856346,0,0.00033942497013856346,0.00033942497013856346,99:0.018225052381607376;99:0.018225052381607376;99:0.01524726686782607;99:0.01524726686782607;114:0.06614254263725039;114:0.06614254263725039;114:0.0414239313365293;114:0.0414239313365293,99:68.0;99:68.0;99:68.0;99:68.0;114:68.0;114:68.0;114:68.0;114:68.0,99:0.02559769995790756;99:0.02559769995790756;99:0.016389284833213003;99:0.016389284833213003;114:0.04135558446566667;114:0.04135558446566667;114:0.0316684405864143;114:0.0316684405864143,0.007080078125,Yes
116,223.1790266744587,277.9803916300082,0.00244140625,0.001953125,0.0029296875,2584.0,0.00047623692432038114,32.0,0.00047623692432038114,0,0.00047623692432038114,0.00047623692432038114,101:0.004656897280740119;101:0.004656897280740119;101:0.0008359100972408773;101:0.0008359100972408773;121:0.002247870219112935;121:0.002247870219112935;121:0.0035210922181312665;121:0.0035210922181312665,101:68.0;101:68.0;101:68.0;101:68.0;121:68.0;121:68.0;121:68.0;121:68.0,101:0.0016604259304833502;101:0.0016604259304833502;101:0.0014072282662762892;101:0.0014072282662762892;121:0.0009725785567641365;121:0.0009725785567641365;121:0.0013118507534077006;121:0.0013118507534077006,0.00244140625,Yes
117,248.8469547140527,345.17030363017454,0.00830078125,0.0126953125,0.00390625,2584.0,0.00044052209463751104,32.0,0.00044052209463751104,0,0.00044052209463751104,0.00044052209463751104,105:0.0014409594085990074;105:0.0014409594085990074;105:0.001637207470253893;105:0.001637207470253893;125:0.001347218115836074;125:0.001347218115836074;125:0.0008112619958259015;125:0.0008112619958259015,105:68.0;105:68.0;105:68.0;105:68.0;125:68.0;125:68.0;125:68.0;125:68.0,105:0.0012603571447554474;105:0.0012603571447554474;105:0.00289575238999229;105:0.00289575238999229;125:0.0008971140121160626;125:0.0008971140121160626;125:0.0008687958580360644;125:0.0008687958580360644,0.00830078125,Yes
118,246.5952246755496,407.997564968186,0.048583984375,0.04736328125,0.0498046875,2584.0,0.00029252598506980683,32.0,0.00029252598506980683,0,0.00029252598506980683,0.00029252598506980683,109:0.0011000592874544912;109:0.0011000592874544912;109:0.001152976463889649;109:0.001152976463889649;129:0.0025024497816963087;129:0.0025024497816963087;129:0.006329818609284221;129:0.006329818609284221,109:68.0;109:68.0;109:68.0;109:68.0;129:68.0;129:68.0;129:68.0;129:68.0,109:0.0010906553361742233;109:0.0010906553361742233;109:0.0009555880599160238;109:0.0009555880599160238;129:0.0026466907485408475;129:0.0026466907485408475;129:0.0033292940226097023;129:0.0033292940226097023,0.048583984375,Yes
119,240.1622960008228,352.4093987697712,0.008544921875,0.01025390625,0.0068359375,2584.0,0.0002521238105094517,32.0,0.0002521238105094517,0,0.0002521238105094517,0.0002521238105094517,113:0.003299941592228267;113:0.003299941592228267;113:0.0011325944389957154;113:0.0011325944389957154;133:0.003816598099086993;133:0.003816598099086993;133:0.005050186877804508;133:0.005050186877804508,113:68.0;113:68.0;113:68.0;113:68.0;133:68.0;133:68.0;133:68.0;133:68.0,113:0.002757848731941487;113:0.002757848731941487;113:0.0008586883013069757;113:0.0008586883013069757;133:0.0035113639308437805;133:0.0035113639308437805;133:0.0016307743028894095;133:0.0016307743028894095,0.008544921875,Yes
120,322.31289126257764,432.24703210741933,0.004150390625,0.005859375,0.00244140625,2584.0,0.0002397445910903527,32.0,0.0002397445910903527,0,0.0002397445910903527,0.0002397445910903527,121:0.0010598554335744526;121:0.0010598554335744526;121:0.0009844124691654743;121:0.0009844124691654743,121:68.0;121:68.0;121:68.0;121:68.0,121:0.0009751542841284488;121:0.0009751542841284488;121:0.0010425323275916887;121:0.0010425323275916887,0.004150390625,Yes
121,264.36123105259475,282.3692410934498,0.008544921875,0.00634765625,0.0107421875,2584.0,0.00015435090183827516,32.0,0.00015435090183827516,0,0.00015435090183827516,0.00015435090183827516,116:0.002247870219112935;116:0.002247870219112935;116:0.0035210922181312665;116:0.0035210922181312665;120:0.0010598554335744526;120:0.0010598554335744526;120:0.0009844124691654743;120:0.0009844124691654743;122:0.0017649852618326356;122:0.0017649852618326356;122:0.0014872295251889545;122:0.0014872295251889545,116:68.0;116:68.0;116:68.0;116:68.0;120:68.0;120:68.0;120:68.0;120:68.0;122:68.0;122:68.0;122:68.0;122:68.0,116:0.0009725785567641365;116:0.0009725785567641365;116:0.0013118507534077006;116:0.0013118507534077006;120:0.0009751542841284488;120:0.0009751542841284488;120:0.0010425323275916887;120:0.0010425323275916887;122:0.002049283679221331;122:0.002049283679221331;122:0.0022818199689434993;122:0.0022818199689434993,0.008544921875,Yes
122,308.3070407781054,367.68184650182013,0.004638671875,0.00439453125,0.0048828125,2584.0,0.00016842264978230296,32.0,0.00016842264978230296,0,0.00016842264978230296,0.00016842264978230296,121:0.0017649852618326356;121:0.0017649852618326356;121:0.0014872295251889545;121:0.0014872295251889545;123:0.0020158339884878973;123:0.0020158339884878973;123:0.0009251674357635686;123:0.0009251674357635686,121:68.0;121:68.0;121:68.0;121:68.0;123:68.0;123:68.0;123:68.0;123:68.0,121:0.002049283679221331;121:0.002049283679221331;121:0.0022818199689434993;121:0.0022818199689434993;123:0.0011239681674564683;123:0.0011239681674564683;123:0.0013689866547580976;123:0.0013689866547580976,0.004638671875,Yes
123,229.11997795424284,302.0556840112812,0.003173828125,0.0048828125,0.00146484375,2584.0,0.00019889718997797404,32.0,0.00019889718997797404,0,0.00019889718997797404,0.00019889718997797404,122:0.0020158339884878973;122:0.0020158339884878973;122:0.0009251674357635686;122:0.0009251674357635686;124:0.003170255548308548;124:0.003170255548308548;124:0.0028439961758094656;124:0.0028439961758094656;136:0.001306340274197515;136:0.001306340274197515;136:0.0031341964801220867;136:0.0031341964801220867,122:68.0;122:68.0;122:68.0;122:68.0;124:68.0;124:68.0;124:68.0;124:68.0;136:68.0;136:68.0;136:68.0;136:68.0,122:0.0011239681674564683;122:0.0011239681674564683;122:0.0013689866547580976;122:0.0013689866547580976;124:0.003220003375412145;124:0.003220003375412145;124:0.006512632170514315;124:0.006512632170514315;136:0.0010091343902390026;136:0.0010091343902390026;136:0.0010022530660581952;136:0.0010022530660581952,0.003173828125,Yes
124,313.8471532610385,269.1242897589869,0.0048828125,0.0068359375,0.0029296875,2584.0,0.0002511322686183183,32.0,0.0002511322686183183,0,0.0002511322686183183,0.0002511322686183183,123:0.003170255548308548;123:0.003170255548308548;123:0.0028439961758094656;123:0.0028439961758094656;125:0.0017114013147487839;125:0.0017114013147487839;125:0.0012753849556260688;125:0.0012753849556260688,123:68.0;123:68.0;123:68.0;123:68.0;125:68.0;125:68.0;125:68.0;125:68.0,123:0.003220003375412145;123:0.003220003375412145;123:0.006512632170514315;123:0.006512632170514315;125:0.0030172910203984937;125:0.0030172910203984937;125:0.004661550673883352;125:0.004661550673883352,0.0048828125,Yes
125,187.64922080321435,192.35483231807453,0.003662109375,0.00634765625,0.0009765625,2584.0,0.0004386088670519863,32.0,0.0004386088670519863,0,0.0004386088670519863,0.0004386088670519863,117:0.001347218115836074;117:0.001347218115836074;117:0.0008112619958259015;117:0.0008112619958259015;124:0.0017114013147487839;124:0.0017114013147487839;124:0.0012753849556260688;124:0.0012753849556260688;126:0.0013842388772676573;126:0.0013842388772676573;126:0.0016264228252271251;126:0.0016264228252271251,117:68.0;117:68.0;117:68.0;117:68.0;124:68.0;124:68.0;124:68.0;124:68.0;126:68.0;126:68.0;126:68.0;126:68.0,117:0.0008971140121160626;117:0.0008971140121160626;117:0.0008687958580360644;117:0.0008687958580360644;124:0.0030172910203984937;124:0.0030172910203984937;124:0.004661550673883352;124:0.004661550673883352;126:0.001424453163043543;126:0.001424453163043543;126:0.0013933203723638377;126:0.0013933203723638377,0.003662109375,Yes
126,237.18931313811868,255.870433273703,0.0087890625,0.0107421875,0.0068359375,2584.0,0.00021248688170782184,32.0,0.00021248688170782184,0,0.00021248688170782184,0.00021248688170782184,125:0.0013842388772676573;125:0.0013842388772676573;125:0.0016264228252271251;125:0.0016264228252271251;127:0.0015258065039310542;127:0.0015258065039310542;127:0.001674512974331771;127:0.001674512974331771,125:68.0;125:68.0;125:68.0;125:68.0;127:68.0;127:68.0;127:68.0;127:68.0,125:0.001424453163043543;125:0.001424453163043543;125:0.0013933203723638377;125:0.0013933203723638377;127:0.004110754593733529;127:0.004110754593733529;127:0.003830047896144162;127:0.003830047896144162,0.0087890625,Yes
127,171.8697275149202,151.49752414517158,0.01171875,0.01318359375,0.01025390625,2584.0,0.00013070539997056817,32.0,0.00013070539997056817,0,0.00013070539997056817,0.00013070539997056817,126:0.0015258065039310542;126:0.0015258065039310542;126:0.001674512974331771;126:0.001674512974331771;128:0.006480502494242535;128:0.006480502494242535;128:0.007055327864187971;128:0.007055327864187971;137:0.0008560432716592514;137:0.0008560432716592514;137:0.00102744255221221;137:0.00102744255221221,126:68.0;126:68.0;126:68.0;126:68.0;128:68.0;128:68.0;128:68.0;128:68.0;137:68.0;137:68.0;137:68.0;137:68.0,126:0.004110754593733529;126:0.004110754593733529;126:0.003830047896144162;126:0.003830047896144162;128:0.00816861933685134;128:0.00816861933685134;128:0.010487408268953002;128:0.010487408268953002;137:0.00091513924053227;137:0.00091513924053227;137:0.0008520829660767781;137:0.0008520829660767781,0.01171875,Yes
128,211.47894879137218,229.06237896867006,0.0048828125,0.00634765625,0.00341796875,2584.0,0.0002511318783542682,32.0,0.0002511318783542682,0,0.0002511318783542682,0.0002511318783542682,127:0.006480502494242535;127:0.006480502494242535;127:0.007055327864187971;127:0.007055327864187971;129:0.0014464708325346576;129:0.0014464708325346576;129:0.0039018462639258122;129:0.0039018462639258122,127:68.0;127:68.0;127:68.0;127:68.0;129:68.0;129:68.0;129:68.0;129:68.0,127:0.00816861933685134;127:0.00816861933685134;127:0.010487408268953002;127:0.010487408268953002;129:0.001238188674071966;129:0.001238188674071966;129:0.0027536966850168765;129:0.0027536966850168765,0.0048828125,Yes
129,293.6512665710108,254.25671741093421,0.00341796875,0.0048828125,0.001953125,2584.0,0.00026072794224573184,32.0,0.00026072794224573184,0,0.00026072794224573184,0.00026072794224573184,118:0.0025024497816963087;118:0.0025024497816963087;118:0.006329818609284221;118:0.006329818609284221;128:0.0014464708325346576;128:0.0014464708325346576;128:0.0039018462639258122;128:0.0039018462639258122;130:0.0008737370636622277;130:0.0008737370636622277;130:0.002763552884097187;130:0.002763552884097187,118:68.0;118:68.0;118:68.0;118:68.0;128:68.0;128:68.0;128:68.0;128:68.0;130:68.0;130:68.0;130:68.0;130:68.0,118:0.0026466907485408475;118:0.0026466907485408475;118:0.0033292940226097023;118:0.0033292940226097023;128:0.001238188674071966;128:0.001238188674071966;128:0.0027536966850168765;128:0.0027536966850168765;130:0.0010798384813690276;130:0.0010798384813690276;130:0.002612124162965551;130:0.002612124162965551,0.00341796875,Yes
130,306.7541353917693,297.04585933494576,0.001220703125,0.00146484375,0.0009765625,2584.0,0.00012784955457528232,32.0,0.00012784955457528232,0,0.00012784955457528232,0.00012784955457528232,129:0.0008737370636622277;129:0.0008737370636622277;129:0.002763552884097187;129:0.002763552884097187;131:0.0019165505453713205;131:0.0019165505453713205;131:0.0022409558684212683;131:0.0022409558684212683,129:68.0;129:68.0;129:68.0;129:68.0;131:68.0;131:68.0;131:68.0;131:68.0,129:0.0010798384813690276;129:0.0010798384813690276;129:0.002612124162965551;129:0.002612124162965551;131:0.0014703855650255448;131:0.0014703855650255448;131:0.0018743630259761002;131:0.0018743630259761002,0.001220703125,Yes
131,230.84300651849543,271.5174544682068,0.0048828125,0.00830078125,0.00146484375,2584.0,0.0003826425032451875,32.0,0.0003826425032451875,0,0.0003826425032451875,0.0003826425032451875,130:0.0019165505453713205;130:0.0019165505453713205;130:0.0022409558684212683;130:0.0022409558684212683;132:0.003103045716413233;132:0.003103045716413233;132:0.001165854438829661;132:0.001165854438829661;138:0.0014049020137933133;138:0.0014049020137933133;138:0.001588236893894479;138:0.001588236893894479,130:68.0;130:68.0;130:68.0;130:68.0;132:68.0;132:68.0;132:68.0;132:68.0;138:68.0;138:68.0;138:68.0;138:68.0,130:0.0014703855650255448;130:0.0014703855650255448;130:0.0018743630259761002;130:0.0018743630259761002;132:0.0022459227905550216;132:0.0022459227905550216;132:0.0017024756123564244;132:0.0017024756123564244;138:0.0016170427392346864;138:0.0016170427392346864;138:0.0020840845321314916;138:0.0020840845321314916,0.0048828125,Yes
132,185.44178743050114,324.4587006948101,0.01025390625,0.01123046875,0.00927734375,2584.0,0.00023944764755493456,32.0,0.00023944764755493456,0,0.00023944764755493456,0.00023944764755493456,131:0.003103045716413233;131:0.003103045716413233;131:0.001165854438829661;131:0.001165854438829661;133:0.0014193453842673565;133:0.0014193453842673565;133:0.001245316618853548;133:0.001245316618853548,131:68.0;131:68.0;131:68.0;131:68.0;133:68.0;133:68.0;133:68.0;133:68.0,131:0.0022459227905550216;131:0.0022459227905550216;131:0.0017024756123564244;131:0.0017024756123564244;133:0.0013031057696506476;133:0.0013031057696506476;133:0.0011939337590951005;133:0.0011939337590951005,0.01025390625,Yes
133,295.3973915131126,278.1583758474844,0.0068359375,0.00390625,0.009765625,2584.0,0.00017519812758110838,32.0,0.00017519812758110838,0,0.00017519812758110838,0.00017519812758110838,119:0.003816598099086993;119:0.003816598099086993;119:0.005050186877804508;119:0.005050186877804508;132:0.0014193453842673565;132:0.0014193453842673565;132:0.001245316618853548;132:0.001245316618853548;134:0.0015865792308723814;134:0.0015865792308723814;134:0.001582220030959508;134:0.001582220030959508,119:68.0;119:68.0;119:68.0;119:68.0;132:68.0;132:68.0;132:68.0;132:68.0;134:68.0;134:68.0;134:68.0;134:68.0,119:0.0035113639308437805;119:0.0035113639308437805;119:0.0016307743028894095;119:0.0016307743028894095;132:0.0013031057696506476;132:0.0013031057696506476;132:0.0011939337590951005;132:0.0011939337590951005;134:0.001307429014425654;134:0.001307429014425654;134:0.0014764564676163494;134:0.0014764564676163494,0.0068359375,Yes
134,270.0275889662535,325.92689775765706,0.006591796875,0.01220703125,0.0009765625,2584.0,0.00013509235747929686,32.0,0.00013509235747929686,0,0.00013509235747929686,0.00013509235747929686,133:0.0015865792308723814;133:0.0015865792308723814;133:0.001582220030959508;133:0.001582220030959508;135:0.0019928324984354318;135:0.0019928324984354318;135:0.0011637517506027928;135:0.0011637517506027928,133:68.0;133:68.0;133:68.0;133:68.0;135:68.0;135:68.0;135:68.0;135:68.0,133:0.001307429014425654;133:0.001307429014425654;133:0.0014764564676163494;133:0.0014764564676163494;135:0.0016460774883708118;135:0.0016460774883708118;135:0.0015690264663282827;135:0.0015690264663282827,0.006591796875,Yes
135,272.75074664369396,292.7328330573497,0.009033203125,0.005859375,0.01220703125,2584.0,0.0003509470898775586,32.0,0.0003509470898775586,0,0.0003509470898775586,0.0003509470898775586,134:0.0019928324984354318;134:0.0019928324984354318;134:0.0011637517506027928;134:0.0011637517506027928;139:0.0018908181046461692;139:0.0018908181046461692;139:0.0013699551722865244;139:0.0013699551722865244,134:68.0;134:68.0;134:68.0;134:68.0;139:68.0;139:68.0;139:68.0;139:68.0,134:0.0016460774883708118;134:0.0016460774883708118;134:0.0015690264663282827;134:0.0015690264663282827;139:0.0010183868294900145;139:0.0010183868294900145;139:0.0011598396414716494;139:0.0011598396414716494,0.009033203125,Yes
136,277.5910660147155,420.52089510508154,0.003662109375,0.0048828125,0.00244140625,2584.0,0.00017252977754710742,32.0,0.00017252977754710742,0,0.00017252977754710742,0.00017252977754710742,123:0.001306340274197515;123:0.001306340274197515;123:0.0031341964801220867;123:0.0031341964801220867;143:0.0030196577241245748;143:0.0030196577241245748;143:0.0023292534434254664;143:0.0023292534434254664,123:68.0;123:68.0;123:68.0;123:68.0;143:68.0;143:68.0;143:68.0;143:68.0,123:0.0010091343902390026;123:0.0010091343902390026;123:0.0010022530660581952;123:0.0010022530660581952;143:0.0023672989110761766;143:0.0023672989110761766;143:0.0050657883962558214;143:0.0050657883962558214,0.003662109375,Yes
137,306.7447705583282,414.3944783412918,0.004638671875,0.00390625,0.00537109375,2584.0,0.00020267667157261698,32.0,0.00020267667157261698,0,0.00020267667157261698,0.00020267667157261698,127:0.0008560432716592514;127:0.0008560432716592514;127:0.00102744255221221;127:0.00102744255221221;147:0.009194350593601797;147:0.009194350593601797;147:0.007728754685295991;147:0.007728754685295991,127:68.0;127:68.0;127:68.0;127:68.0;147:68.0;147:68.0;147:68.0;147:68.0,127:0.00091513924053227;127:0.00091513924053227;127:0.0008520829660767781;127:0.0008520829660767781;147:0.005877621689303586;147:0.005877621689303586;147:0.004736534468466169;147:0.004736534468466169,0.004638671875,Yes
138,278.78720713767234,455.1990972216911,0.003662109375,0.00341796875,0.00390625,2584.0,0.00037167247123750787,32.0,0.00037167247123750787,0,0.00037167247123750787,0.00037167247123750787,131:0.0014049020137933133;131:0.0014049020137933133;131:0.001588236893894479;131:0.001588236893894479;151:0.0011541291684497856;151:0.0011541291684497856;151:0.001154262478100021;151:0.001154262478100021,131:68.0;131:68.0;131:68.0;131:68.0;151:68.0;151:68.0;151:68.0;151:68.0,131:0.0016170427392346864;131:0.0016170427392346864;131:0.0020840845321314916;131:0.0020840845321314916;151:0.0010839077104224104;151:0.0010839077104224104;151:0.0009593336122886154;151:0.0009593336122886154,0.003662109375,Yes
139,298.73251802906924,415.8750193240694,0.012451171875,0.0185546875,0.00634765625,2584.0,0.0002118849555773856,32.0,0.0002118849555773856,0,0.0002118849555773856,0.0002118849555773856,135:0.0018908181046461692;135:0.0018908181046461692;135:0.0013699551722865244;135:0.0013699551722865244;155:0.0009951965858359668;155:0.0009951965858359668;155:0.0012357090216995326;155:0.0012357090216995326,135:68.0;135:68.0;135:68.0;135:68.0;155:68.0;155:68.0;155:68.0;155:68.0,135:0.0010183868294900145;135:0.0010183868294900145;135:0.0011598396414716494;135:0.0011598396414716494;155:0.0010546853590501226;155:0.0010546853590501226;155:0.0008278030679555737;155:0.0008278030679555737,0.012451171875,Yes
140,269.02740747270235,323.94610586173553,0.010986328125,0.01904296875,0.0029296875,2584.0,0.00020376755340796536,32.0,0.00020376755340796536,0,0.00020376755340796536,0.00020376755340796536,141:0.0011803642393362623;141:0.0011803642393362623;141:0.0010123661916656423;141:0.0010123661916656423,141:68.0;141:68.0;141:68.0;141:68.0,141:0.0017900675645276254;141:0.0017900675645276254;141:0.0037589046222304134;141:0.0037589046222304134,0.010986328125,Yes
141,309.4750467862663,431.7482921071142,0.013427734375,0.01953125,0.00732421875,2584.0,0.00017227746336436294,32.0,0.00017227746336436294,0,0.00017227746336436294,0.00017227746336436294,140:0.0011803642393362623;140:0.0011803642393362623;140:0.0010123661916656423;140:0.0010123661916656423;142:0.001584937206260184;142:0.001584937206260184;142:0.002095564246587106;142:0.002095564246587106,140:68.0;140:68.0;140:68.0;140:68.0;142:128.0;142:128.0;142:128.0;142:128.0,140:0.0017900675645276254;140:0.0017900675645276254;140:0.0037589046222304134;140:0.0037589046222304134;142:0.008977320533970323;142:0.008977320533970323;142:0.011336788235067174;142:0.011336788235067174,0.013427734375,Yes
142,249.26919835844217,306.89845064294235,0.003662109375,0.00341796875,0.00390625,2584.0,0.00020352100671686024,32.0,0.00020352100671686024,0,0.00020352100671686024,0.00020352100671686024,141:0.001584937206260184;141:0.001584937206260184;141:0.002095564246587106;141:0.002095564246587106;143:0.002073127685078585;143:0.002073127685078585;143:0.0026757820560915913;143:0.0026757820560915913,141:128.0;141:128.0;141:128.0;141:128.0;143:68.0;143:68.0;143:68.0;143:68.0,141:0.008977320533970323;141:0.008977320533970323;141:0.011336788235067174;141:0.011336788235067174;143:0.0015763912875723096;143:0.0015763912875723096;143:0.0057834264052178674;143:0.0057834264052178674,0.003662109375,Yes
143,215.51141898610166,229.55756464722322,0.0234375,0.0341796875,0.0126953125,2584.0,0.0007923631373458351,32.0,0.0007923631373458351,0,0.0007923631373458351,0.0007923631373458351,136:0.0030196577241245748;136:0.0030196577241245748;136:0.0023292534434254664;136:0.0023292534434254664;142:0.002073127685078585;142:0.002073127685078585;142:0.0026757820560915913;142:0.0026757820560915913;144:0.002816260941411325;144:0.002816260941411325;144:0.003073599748543876;144:0.003073599748543876,136:68.0;136:68.0;136:68.0;136:68.0;142:68.0;142:68.0;142:68.0;142:68.0;144:68.0;144:68.0;144:68.0;144:68.0,136:0.0023672989110761766;136:0.0023672989110761766;136:0.0050657883962558214;136:0.0050657883962558214;142:0.0015763912875723096;142:0.0015763912875723096;142:0.0057834264052178674;142:0.0057834264052178674;144:0.0027534731261510403;144:0.0027534731261510403;144:0.005362561320480019;144:0.005362561320480019,0.0234375,Yes
144,204.8472558017509,285.1809013894574,0.00537109375,0.0078125,0.0029296875,2584.0,0.0004527127498810094,32.0,0.0004527127498810094,0,0.0004527127498810094,0.0004527127498810094,143:0.002816260941411325;143:0.002816260941411325;143:0.003073599748543876;143:0.003073599748543876;145:0.0011361163763015936;145:0.0011361163763015936;145:0.0014791688918746326;145:0.0014791688918746326,143:68.0;143:68.0;143:68.0;143:68.0;145:68.0;145:68.0;145:68.0;145:68.0,143:0.0027534731261510403;143:0.0027534731261510403;143:0.005362561320480019;143:0.005362561320480019;145:0.0010355886219969301;145:0.0010355886219969301;145:0.0012547594198479284;145:0.0012547594198479284,0.00537109375,Yes
145,277.4142881776131,354.63743211022444,0.0126953125,0.013671875,0.01171875,2584.0,0.00024291307603438003,32.0,0.00024291307603438003,0,0.00024291307603438003,0.00024291307603438003,144:0.0011361163763015936;144:0.0011361163763015936;144:0.0014791688918746326;144:0.0014791688918746326;146:1;146:1;146:1.0;146:1.0,144:68.0;144:68.0;144:68.0;144:68.0;146:68.0;146:68.0;146:68.0;146:68.0,144:0.0010355886219969301;144:0.0010355886219969301;144:0.0012547594198479284;144:0.0012547594198479284;146:1;146:1;146:1.0;146:1.0,0.0126953125,Yes
146,336.01602008209994,340.9055998905166,0.0048828125,0.00390625,0.005859375,2584.0,0.00012799042705250637,32.0,0.00012799042705250637,0,0.00012799042705250637,0.00012799042705250637,145:1;145:1;145:1.0;145:1.0;147:0.0009652251590305805;147:0.0009652251590305805;147:0.0018237810993251558;147:0.0018237810993251558,145:68.0;145:68.0;145:68.0;145:68.0;147:68.0;147:68.0;147:68.0;147:68.0,145:1;145:1;145:1.0;145:1.0;147:0.0030033835508928852;147:0.0030033835508928852;147:0.0009453436829982564;147:0.0009453436829982564,0.0048828125,Yes
147,339.3475404754141,265.6272440948817,0.00341796875,0.00244140625,0.00439453125,2584.0,0.00020022924544139023,32.0,0.00020022924544139023,0,0.00020022924544139023,0.00020022924544139023,137:0.009194350593601797;137:0.009194350593601797;137:0.007728754685295991;137:0.007728754685295991;146:0.0009652251590305805;146:0.0009652251590305805;146:0.0018237810993251558;146:0.0018237810993251558;148:0.0009908119679044869;148:0.0009908119679044869;148:0.0030971968004119554;148:0.0030971968004119554,137:68.0;137:68.0;137:68.0;137:68.0;146:68.0;146:68.0;146:68.0;146:68.0;148:68.0;148:68.0;148:68.0;148:68.0,137:0.005877621689303586;137:0.005877621689303586;137:0.004736534468466169;137:0.004736534468466169;146:0.0030033835508928852;146:0.0030033835508928852;146:0.0009453436829982564;146:0.0009453436829982564;148:0.0022276456417594237;148:0.0022276456417594237;148:0.0033186798325660627;148:0.0033186798325660627,0.00341796875,Yes
148,283.0209733135351,155.89338115543933,0.00439453125,0.0078125,0.0009765625,2584.0,0.00020436772729330463,32.0,0.00020436772729330463,0,0.00020436772729330463,0.00020436772729330463,147:0.0009908119679044869;147:0.0009908119679044869;147:0.0030971968004119554;147:0.0030971968004119554;149:0.001041582660402135;149:0.001041582660402135;149:0.00123652702996066;149:0.00123652702996066,147:68.0;147:68.0;147:68.0;147:68.0;149:68.0;149:68.0;149:68.0;149:68.0,147:0.0022276456417594237;147:0.0022276456417594237;147:0.0033186798325660627;147:0.0033186798325660627;149:0.0009169164785322037;149:0.0009169164785322037;149:0.0015363880514665806;149:0.0015363880514665806,0.00439453125,Yes
149,309.95962601556437,360.5233138972059,0.0087890625,0.0087890625,0.0087890625,2584.0,0.0003025584973927896,32.0,0.0003025584973927896,0,0.0003025584973927896,0.0003025584973927896,148:0.001041582660402135;148:0.001041582660402135;148:0.00123652702996066;148:0.00123652702996066;150:0.0009308050607002016;150:0.0009308050607002016;150:0.0008207186105392006;150:0.0008207186105392006,148:68.0;148:68.0;148:68.0;148:68.0;150:68.0;150:68.0;150:68.0;150:68.0,148:0.0009169164785322037;148:0.0009169164785322037;148:0.0015363880514665806;148:0.0015363880514665806;150:0.0008695542747026164;150:0.0008695542747026164;150:0.0008632033204045708;150:0.0008632033204045708,0.0087890625,Yes
150,279.0063699669422,315.78559317440073,0.00146484375,0.0009765625,0.001953125,2584.0,0.00040876443724390676,32.0,0.00040876443724390676,0,0.00040876443724390676,0.00040876443724390676,149:0.0009308050607002016;149:0.0009308050607002016;149:0.0008207186105392006;149:0.0008207186105392006;151:0.0011580926803822778;151:0.0011580926803822778;151:0.0017142904884064336;151:0.0017142904884064336,149:68.0;149:68.0;149:68.0;149:68.0;151:68.0;151:68.0;151:68.0;151:68.0,149:0.0008695542747026164;149:0.0008695542747026164;149:0.0008632033204045708;149:0.0008632033204045708;151:0.0015999628465725724;151:0.0015999628465725724;151:0.0014423828809869699;151:0.0014423828809869699,0.00146484375,Yes
151,220.46421171728016,310.46689216121814,0.004150390625,0.00341796875,0.0048828125,2584.0,8.613971935141505e-05,32.0,8.613971935141505e-05,0,8.613971935141505e-05,8.613971935141505e-05,138:0.0011541291684497856;138:0.0011541291684497856;138:0.001154262478100021;138:0.001154262478100021;150:0.0011580926803822778;150:0.0011580926803822778;150:0.0017142904884064336;150:0.0017142904884064336;152:0.000806037083754485;152:0.000806037083754485;152:0.0017097799498380362;152:0.0017097799498380362,138:68.0;138:68.0;138:68.0;138:68.0;150:68.0;150:68.0;150:68.0;150:68.0;152:68.0;152:68.0;152:68.0;152:68.0,138:0.0010839077104224104;138:0.0010839077104224104;138:0.0009593336122886154;138:0.0009593336122886154;150:0.0015999628465725724;150:0.0015999628465725724;150:0.0014423828809869699;150:0.0014423828809869699;152:0.001654540318091563;152:0.001654540318091563;152:0.0010052391107528702;152:0.0010052391107528702,0.004150390625,Yes
152,287.40702215879696,401.4203000112252,0.009765625,0.0107421875,0.0087890625,2584.0,0.00012099055870061555,32.0,0.00012099055870061555,0,0.00012099055870061555,0.00012099055870061555,151:0.000806037083754485;151:0.000806037083754485;151:0.0017097799498380362;151:0.0017097799498380362;153:1;153:1;153:1.0;153:1.0,151:68.0;151:68.0;151:68.0;151:68.0;153:68.0;153:68.0;153:68.0;153:68.0,151:0.001654540318091563;151:0.001654540318091563;151:0.0010052391107528702;151:0.0010052391107528702;153:1;153:1;153:1.0;153:1.0,0.009765625,Yes
153,291.5159209111711,270.509951715146,0.072021484375,0.1298828125,0.01416015625,2584.0,0.00014346429849335538,32.0,0.00014346429849335538,0,0.00014346429849335538,0.00014346429849335538,152:1;152:1;152:1.0;152:1.0;154:1;154:1;154:1.0;154:1.0,152:68.0;152:68.0;152:68.0;152:68.0;154:68.0;154:68.0;154:68.0;154:68.0,152:1;152:1;152:1.0;152:1.0;154:1;154:1;154:1.0;154:1.0,0.072021484375,Yes
154,221.71962019816954,273.4114641097426,0.009521484375,0.00927734375,0.009765625,2584.0,0.00024402552365928137,32.0,0.00024402552365928137,0,0.00024402552365928137,0.00024402552365928137,153:1;153:1;153:1.0;153:1.0;155:0.0014424517062289754;155:0.0014424517062289754;155:0.0016727574125154354;155:0.0016727574125154354,153:68.0;153:68.0;153:68.0;153:68.0;155:68.0;155:68.0;155:68.0;155:68.0,153:1;153:1;153:1.0;153:1.0;155:0.0014772931461435601;155:0.0014772931461435601;155:0.0014330710687475157;155:0.0014330710687475157,0.009521484375,Yes
155,303.67207545154207,451.9833061435393,0.0029296875,0.00244140625,0.00341796875,2584.0,0.0001741148740272374,32.0,0.0001741148740272374,0,0.0001741148740272374,0.0001741148740272374,139:0.0009951965858359668;139:0.0009951965858359668;139:0.0012357090216995326;139:0.0012357090216995326;154:0.0014424517062289754;154:0.0014424517062289754;154:0.0016727574125154354;154:0.0016727574125154354,139:68.0;139:68.0;139:68.0;139:68.0;154:68.0;154:68.0;154:68.0;154:68.0,139:0.0010546853590501226;139:0.0010546853590501226;139:0.0008278030679555737;139:0.0008278030679555737;154:0.0014772931461435601;154:0.0014772931461435601;154:0.0014330710687475157;154:0.0014330710687475157,0.0029296875,Yes
