Qubit,T1 (us),T2 (us),Readout assignment error,Prob meas0 prep1,Prob meas1 prep0,Readout length (ns),ID error,Single-qubit gate length (ns),RX error,Z-axis rotation (rz) error,√x (sx) error,Pauli-X error,CZ error,Gate length (ns),RZZ error,MEASURE error,Operational
0,333.4570427302847,537.5859448060089,0.003662109375,0.002197265625,0.005126953125,2584.0,0.00012865384896012632,32.0,0.00012865384896012632,0,0.00012865384896012632,0.00012865384896012632,1:0.0009307222553034122;1:0.0009307222553034122;1:0.0007652373430031001;1:0.0007652373430031001,1:68.0;1:68.0;1:68.0;1:68.0,1:0.0013318633164918214;1:0.0013318633164918214;1:0.0013227861306995548;1:0.0013227861306995548,0.003662109375,Yes
1,261.09384897974525,392.0530443229302,0.0093994140625,0.017578125,0.001220703125,2584.0,0.0001493748421618055,32.0,0.0001493748421618055,0,0.0001493748421618055,0.0001493748421618055,0:0.0009307222553034122;0:0.0009307222553034122;0:0.0007652373430031001;0:0.0007652373430031001;2:0.0014414879162920335;2:0.0014414879162920335;2:0.0018232767204711398;2:0.0018232767204711398,0:68.0;0:68.0;0:68.0;0:68.0;2:108.0;2:108.0;2:108.0;2:108.0,0:0.0013318633164918214;0:0.0013318633164918214;0:0.0013227861306995548;0:0.0013227861306995548;2:1;2:1;2:0.14751819889137888;2:0.14751819889137888,0.0093994140625,Yes
2,306.30561448808334,403.60989418708954,0.007080078125,0.006103515625,0.008056640625,2584.0,7.49249114343071e-05,32.0,7.49249114343071e-05,0,7.49249114343071e-05,7.49249114343071e-05,1:0.0014414879162920335;1:0.0014414879162920335;1:0.0018232767204711398;1:0.0018232767204711398;3:0.001846422905431161;3:0.001846422905431161;3:0.0020795967975390517;3:0.0020795967975390517,1:108.0;1:108.0;1:108.0;1:108.0;3:108.0;3:108.0;3:108.0;3:108.0,1:1;1:1;1:0.14751819889137888;1:0.14751819889137888;3:0.0036801393088291834;3:0.0036801393088291834;3:0.002948864087770564;3:0.002948864087770564,0.007080078125,Yes
3,348.4859792962907,368.1992578625433,0.004150390625,0.005859375,0.00244140625,2584.0,0.00037009078309949736,32.0,0.00037009078309949736,0,0.00037009078309949736,0.00037009078309949736,2:0.001846422905431161;2:0.001846422905431161;2:0.0020795967975390517;2:0.0020795967975390517;4:0.0016738848172470067;4:0.0016738848172470067;4:0.009860860899865709;4:0.009860860899865709;16:0.0015794510588195976;16:0.0015794510588195976;16:0.007359944281663144;16:0.007359944281663144,2:108.0;2:108.0;2:108.0;2:108.0;4:68.0;4:68.0;4:68.0;4:68.0;16:68.0;16:68.0;16:68.0;16:68.0,2:0.0036801393088291834;2:0.0036801393088291834;2:0.002948864087770564;2:0.002948864087770564;4:0.006163546680647475;4:0.006163546680647475;4:0.0027031178752740803;4:0.0027031178752740803;16:0.0021104274622656682;16:0.0021104274622656682;16:0.0010197301548968418;16:0.0010197301548968418,0.004150390625,Yes
4,303.2896892521042,494.00839243645737,0.003662109375,0.00439453125,0.0029296875,2584.0,0.00014348732554093932,32.0,0.00014348732554093932,0,0.00014348732554093932,0.00014348732554093932,3:0.0016738848172470067;3:0.0016738848172470067;3:0.009860860899865709;3:0.009860860899865709;5:0.009940003632841449;5:0.009940003632841449;5:0.0022872443008895293;5:0.0022872443008895293,3:68.0;3:68.0;3:68.0;3:68.0;5:68.0;5:68.0;5:68.0;5:68.0,3:0.006163546680647475;3:0.006163546680647475;3:0.0027031178752740803;3:0.0027031178752740803;5:0.004860608577175601;5:0.004860608577175601;5:0.004268524769012877;5:0.004268524769012877,0.003662109375,Yes
5,300.65269803010256,367.7189615397647,0.0025634765625,0.0048828125,0.000244140625,2584.0,0.00014200099259259897,32.0,0.00014200099259259897,0,0.00014200099259259897,0.00014200099259259897,4:0.009940003632841449;4:0.009940003632841449;4:0.0022872443008895293;4:0.0022872443008895293;6:0.0006488744237949373;6:0.0006488744237949373;6:0.0007379342333971584;6:0.0007379342333971584,4:68.0;4:68.0;4:68.0;4:68.0;6:68.0;6:68.0;6:68.0;6:68.0,4:0.004860608577175601;4:0.004860608577175601;4:0.004268524769012877;4:0.004268524769012877;6:0.0007443298312484747;6:0.0007443298312484747;6:0.0006547780802736158;6:0.0006547780802736158,0.0025634765625,Yes
6,248.64488194126042,270.87451007316525,0.0028076171875,0.0048828125,0.000732421875,2584.0,0.00011698784285963316,32.0,0.00011698784285963316,0,0.00011698784285963316,0.00011698784285963316,5:0.0006488744237949373;5:0.0006488744237949373;5:0.0007379342333971584;5:0.0007379342333971584;7:0.0010817031633306162;7:0.0010817031633306162;7:0.0006744490444957063;7:0.0006744490444957063,5:68.0;5:68.0;5:68.0;5:68.0;7:68.0;7:68.0;7:68.0;7:68.0,5:0.0007443298312484747;5:0.0007443298312484747;5:0.0006547780802736158;5:0.0006547780802736158;7:0.0013773446769413666;7:0.0013773446769413666;7:0.0009852957642144111;7:0.0009852957642144111,0.0028076171875,Yes
7,320.4023502992052,333.2171909120339,0.017578125,0.033447265625,0.001708984375,2584.0,0.0002549312495423721,32.0,0.0002549312495423721,0,0.0002549312495423721,0.0002549312495423721,6:0.0010817031633306162;6:0.0010817031633306162;6:0.0006744490444957063;6:0.0006744490444957063;8:0.0017738172497602234;8:0.0017738172497602234;8:0.0026627233399721395;8:0.0026627233399721395;17:0.0011640966710644851;17:0.0011640966710644851;17:0.00304603772006809;17:0.00304603772006809,6:68.0;6:68.0;6:68.0;6:68.0;8:208.0;8:208.0;8:208.0;8:208.0;17:68.0;17:68.0;17:68.0;17:68.0,6:0.0013773446769413666;6:0.0013773446769413666;6:0.0009852957642144111;6:0.0009852957642144111;8:0.007664984097069366;8:0.007664984097069366;8:0.007976521030420985;8:0.007976521030420985;17:0.0009336250086360298;17:0.0009336250086360298;17:0.0014052737088928458;17:0.0014052737088928458,0.017578125,Yes
8,320.9784390713361,335.0844201033985,0.0084228515625,0.005615234375,0.01123046875,2584.0,0.00011435418481505899,32.0,0.00011435418481505899,0,0.00011435418481505899,0.00011435418481505899,7:0.0017738172497602234;7:0.0017738172497602234;7:0.0026627233399721395;7:0.0026627233399721395;9:0.001084639046134317;9:0.001084639046134317;9:0.002070578874501572;9:0.002070578874501572,7:208.0;7:208.0;7:208.0;7:208.0;9:68.0;9:68.0;9:68.0;9:68.0,7:0.007664984097069366;7:0.007664984097069366;7:0.007976521030420985;7:0.007976521030420985;9:0.0011059660122740844;9:0.0011059660122740844;9:0.0012118434293695024;9:0.0012118434293695024,0.0084228515625,Yes
9,255.2575548725066,357.8954119494677,0.0042724609375,0.006591796875,0.001953125,2584.0,0.00010360293249369882,32.0,0.00010360293249369882,0,0.00010360293249369882,0.00010360293249369882,8:0.001084639046134317;8:0.001084639046134317;8:0.002070578874501572;8:0.002070578874501572;10:0.0014029234457695605;10:0.0014029234457695605;10:0.0016314901517047176;10:0.0016314901517047176,8:68.0;8:68.0;8:68.0;8:68.0;10:68.0;10:68.0;10:68.0;10:68.0,8:0.0011059660122740844;8:0.0011059660122740844;8:0.0012118434293695024;8:0.0012118434293695024;10:0.0025600870390902197;10:0.0025600870390902197;10:0.002681426690709393;10:0.002681426690709393,0.0042724609375,Yes
10,358.4925631170543,371.2499243165859,0.005615234375,0.001953125,0.004150390625,2584.0,0.0002191067098503002,32.0,0.0002191067098503002,0,0.0002191067098503002,0.0002191067098503002,9:0.0014029234457695605;9:0.0014029234457695605;9:0.0016314901517047176;9:0.0016314901517047176;11:0.0010371883313096963;11:0.0010371883313096963;11:0.0011162786066303831;11:0.0011162786066303831,9:68.0;9:68.0;9:68.0;9:68.0;11:68.0;11:68.0;11:68.0;11:68.0,9:0.0025600870390902197;9:0.0025600870390902197;9:0.002681426690709393;9:0.002681426690709393;11:0.0019730352295068976;11:0.0019730352295068976;11:0.0015815973494364144;11:0.0015815973494364144,0.005615234375,Yes
11,262.5456768377794,148.14326888941744,0.013427734375,0.021240234375,0.005615234375,2584.0,0.00032074995018081516,32.0,0.00032074995018081516,0,0.00032074995018081516,0.00032074995018081516,10:0.0010371883313096963;10:0.0010371883313096963;10:0.0011162786066303831;10:0.0011162786066303831;12:0.0013298800033284541;12:0.0013298800033284541;12:0.0017861370069168214;12:0.0017861370069168214;18:0.05118153042624862;18:0.05118153042624862;18:0.01904309433956175;18:0.01904309433956175,10:68.0;10:68.0;10:68.0;10:68.0;12:68.0;12:68.0;12:68.0;12:68.0;18:68.0;18:68.0;18:68.0;18:68.0,10:0.0019730352295068976;10:0.0019730352295068976;10:0.0015815973494364144;10:0.0015815973494364144;12:0.0012629990436879013;12:0.0012629990436879013;12:0.0012308521375171966;12:0.0012308521375171966;18:0.0165659458239924;18:0.0165659458239924;18:0.012571129093390615;18:0.012571129093390615,0.013427734375,Yes
12,269.3294520637076,317.119294018402,0.002685546875,0.004150390625,0.001220703125,2584.0,0.00013603940234050576,32.0,0.00013603940234050576,0,0.00013603940234050576,0.00013603940234050576,11:0.0013298800033284541;11:0.0013298800033284541;11:0.0017861370069168214;11:0.0017861370069168214;13:0.0009383964213592888;13:0.0009383964213592888;13:0.0012729209778813144;13:0.0012729209778813144,11:68.0;11:68.0;11:68.0;11:68.0;13:68.0;13:68.0;13:68.0;13:68.0,11:0.0012629990436879013;11:0.0012629990436879013;11:0.0012308521375171966;11:0.0012308521375171966;13:0.005006698830826245;13:0.005006698830826245;13:0.000889990105250732;13:0.000889990105250732,0.002685546875,Yes
13,319.5113417166221,396.62424651161615,0.003173828125,0.00439453125,0.001953125,2584.0,0.0002090761531682621,32.0,0.0002090761531682621,0,0.0002090761531682621,0.0002090761531682621,12:0.0009383964213592888;12:0.0009383964213592888;12:0.0012729209778813144;12:0.0012729209778813144;14:0.0009335174445422312;14:0.0009335174445422312;14:0.0009332147442508154;14:0.0009332147442508154,12:68.0;12:68.0;12:68.0;12:68.0;14:68.0;14:68.0;14:68.0;14:68.0,12:0.005006698830826245;12:0.005006698830826245;12:0.000889990105250732;12:0.000889990105250732;14:0.001055433752943813;14:0.001055433752943813;14:0.0010293319832028747;14:0.0010293319832028747,0.003173828125,Yes
14,267.3951920247726,299.4484132433833,0.0042724609375,0.00732421875,0.001220703125,2584.0,0.00013572693828302167,32.0,0.00013572693828302167,0,0.00013572693828302167,0.00013572693828302167,13:0.0009335174445422312;13:0.0009335174445422312;13:0.0009332147442508154;13:0.0009332147442508154;15:0.0009407493700028802;15:0.0009407493700028802;15:0.0010947977284297694;15:0.0010947977284297694,13:68.0;13:68.0;13:68.0;13:68.0;15:68.0;15:68.0;15:68.0;15:68.0,13:0.001055433752943813;13:0.001055433752943813;13:0.0010293319832028747;13:0.0010293319832028747;15:0.0028878197534826233;15:0.0028878197534826233;15:0.000814288605000768;15:0.000814288605000768,0.0042724609375,Yes
15,262.55462017021546,252.72243359353925,0.0050048828125,0.00537109375,0.004638671875,2584.0,0.0002587127654517421,32.0,0.0002587127654517421,0,0.0002587127654517421,0.0002587127654517421,14:0.0009407493700028802;14:0.0009407493700028802;14:0.0010947977284297694;14:0.0010947977284297694;19:0.001068506537572872;19:0.001068506537572872;19:0.0016896365683655434;19:0.0016896365683655434,14:68.0;14:68.0;14:68.0;14:68.0;19:68.0;19:68.0;19:68.0;19:68.0,14:0.0028878197534826233;14:0.0028878197534826233;14:0.000814288605000768;14:0.000814288605000768;19:0.001809163812305864;19:0.001809163812305864;19:0.0010243158259352347;19:0.0010243158259352347,0.0050048828125,Yes
16,243.24403735350575,318.9429432230736,0.003662109375,0.005126953125,0.002197265625,2584.0,0.00016268699239854487,32.0,0.00016268699239854487,0,0.00016268699239854487,0.00016268699239854487,3:0.0015794510588195976;3:0.0015794510588195976;3:0.007359944281663144;3:0.007359944281663144;23:0.0011267383791838115;23:0.0011267383791838115;23:0.002865857684017592;23:0.002865857684017592,3:68.0;3:68.0;3:68.0;3:68.0;23:68.0;23:68.0;23:68.0;23:68.0,3:0.0021104274622656682;3:0.0021104274622656682;3:0.0010197301548968418;3:0.0010197301548968418;23:0.0011783879530855301;23:0.0011783879530855301;23:0.002466240955105836;23:0.002466240955105836,0.003662109375,Yes
17,300.137779222704,406.9368850190852,0.001953125,0.003173828125,0.000732421875,2584.0,0.0002371080314793092,32.0,0.0002371080314793092,0,0.0002371080314793092,0.0002371080314793092,7:0.0011640966710644851;7:0.0011640966710644851;7:0.00304603772006809;7:0.00304603772006809;27:0.0014591662290256435;27:0.0014591662290256435;27:0.002556938457476704;27:0.002556938457476704,7:68.0;7:68.0;7:68.0;7:68.0;27:68.0;27:68.0;27:68.0;27:68.0,7:0.0009336250086360298;7:0.0009336250086360298;7:0.0014052737088928458;7:0.0014052737088928458;27:0.001284697284543307;27:0.001284697284543307;27:0.0012281828940557682;27:0.0012281828940557682,0.001953125,Yes
18,104.91670231270156,202.1703656217697,0.0111083984375,0.021484375,0.000732421875,2584.0,0.0001569202864930064,32.0,0.0001569202864930064,0,0.0001569202864930064,0.0001569202864930064,11:0.05118153042624862;11:0.05118153042624862;11:0.01904309433956175;11:0.01904309433956175;31:0.004031753389569709;31:0.004031753389569709;31:0.004423541388497182;31:0.004423541388497182,11:68.0;11:68.0;11:68.0;11:68.0;31:68.0;31:68.0;31:68.0;31:68.0,11:0.0165659458239924;11:0.0165659458239924;11:0.012571129093390615;11:0.012571129093390615;31:0.0020144238881057708;31:0.0020144238881057708;31:0.0021325536847218995;31:0.0021325536847218995,0.0111083984375,Yes
19,236.65533299548102,373.96194673502396,0.0045166015625,0.0048828125,0.004150390625,2584.0,0.00012165865965391756,32.0,0.00012165865965391756,0,0.00012165865965391756,0.00012165865965391756,15:0.001068506537572872;15:0.001068506537572872;15:0.0016896365683655434;15:0.0016896365683655434;35:0.0008423902133337657;35:0.0008423902133337657;35:0.005350918617259753;35:0.005350918617259753,15:68.0;15:68.0;15:68.0;15:68.0;35:68.0;35:68.0;35:68.0;35:68.0,15:0.001809163812305864;15:0.001809163812305864;15:0.0010243158259352347;15:0.0010243158259352347;35:0.0008748850962342347;35:0.0008748850962342347;35:0.0007480954831950715;35:0.0007480954831950715,0.0045166015625,Yes
20,281.8992731593369,417.4934780279475,0.00341796875,0.005859375,0.0009765625,2584.0,0.00018368244238576111,32.0,0.00018368244238576111,0,0.00018368244238576111,0.00018368244238576111,21:0.0012173667029216906;21:0.0012173667029216906;21:0.0015229899155429494;21:0.0015229899155429494,21:68.0;21:68.0;21:68.0;21:68.0,21:0.0008851293081389988;21:0.0008851293081389988;21:0.0013846501417774382;21:0.0013846501417774382,0.00341796875,Yes
21,156.09991178604727,211.5064936832794,0.003173828125,0.00537109375,0.0009765625,2584.0,0.0001295161722139148,32.0,0.0001295161722139148,0,0.0001295161722139148,0.0001295161722139148,20:0.0012173667029216906;20:0.0012173667029216906;20:0.0015229899155429494;20:0.0015229899155429494;22:0.001129878553358915;22:0.001129878553358915;22:0.0008261994103309633;22:0.0008261994103309633;36:0.0010484663903039815;36:0.0010484663903039815;36:0.0008779872223288188;36:0.0008779872223288188,20:68.0;20:68.0;20:68.0;20:68.0;22:96.0;22:96.0;22:96.0;22:96.0;36:68.0;36:68.0;36:68.0;36:68.0,20:0.0008851293081389988;20:0.0008851293081389988;20:0.0013846501417774382;20:0.0013846501417774382;22:0.0015242897723137527;22:0.0015242897723137527;22:0.0011756881761655902;22:0.0011756881761655902;36:0.0010952137031773335;36:0.0010952137031773335;36:0.0007332872600763485;36:0.0007332872600763485,0.003173828125,Yes
22,245.43259758697153,292.4708820622133,0.003173828125,0.005126953125,0.001220703125,2584.0,0.00010027776733218248,32.0,0.00010027776733218248,0,0.00010027776733218248,0.00010027776733218248,21:0.001129878553358915;21:0.001129878553358915;21:0.0008261994103309633;21:0.0008261994103309633;23:0.0030304245761720028;23:0.0030304245761720028;23:0.0058480715105589665;23:0.0058480715105589665,21:96.0;21:96.0;21:96.0;21:96.0;23:68.0;23:68.0;23:68.0;23:68.0,21:0.0015242897723137527;21:0.0015242897723137527;21:0.0011756881761655902;21:0.0011756881761655902;23:0.002270593036952262;23:0.002270593036952262;23:0.006494374293308958;23:0.006494374293308958,0.003173828125,Yes
23,237.00047476412965,309.0943442924052,0.002685546875,0.004638671875,0.000732421875,2584.0,0.0003832939237019967,32.0,0.0003832939237019967,0,0.0003832939237019967,0.0003832939237019967,16:0.0011267383791838115;16:0.0011267383791838115;16:0.002865857684017592;16:0.002865857684017592;22:0.0030304245761720028;22:0.0030304245761720028;22:0.0058480715105589665;22:0.0058480715105589665;24:0.00112923940772916;24:0.00112923940772916;24:0.00526774258932583;24:0.00526774258932583,16:68.0;16:68.0;16:68.0;16:68.0;22:68.0;22:68.0;22:68.0;22:68.0;24:68.0;24:68.0;24:68.0;24:68.0,16:0.0011783879530855301;16:0.0011783879530855301;16:0.002466240955105836;16:0.002466240955105836;22:0.002270593036952262;22:0.002270593036952262;22:0.006494374293308958;22:0.006494374293308958;24:0.0008356411060416458;24:0.0008356411060416458;24:0.002201935627142243;24:0.002201935627142243,0.002685546875,Yes
24,252.79537505309867,292.44552003811833,0.002685546875,0.004638671875,0.000732421875,2584.0,0.00013401492263123647,32.0,0.00013401492263123647,0,0.00013401492263123647,0.00013401492263123647,23:0.00112923940772916;23:0.00112923940772916;23:0.00526774258932583;23:0.00526774258932583;25:0.0013360668967990763;25:0.0013360668967990763;25:0.0014428346443701723;25:0.0014428346443701723,23:68.0;23:68.0;23:68.0;23:68.0;25:68.0;25:68.0;25:68.0;25:68.0,23:0.0008356411060416458;23:0.0008356411060416458;23:0.002201935627142243;23:0.002201935627142243;25:0.0009031453141065682;25:0.0009031453141065682;25:0.0009914044815212408;25:0.0009914044815212408,0.002685546875,Yes
25,316.1310129060062,406.48482901186543,0.003662109375,0.004638671875,0.002685546875,2584.0,0.00011811931024277607,32.0,0.00011811931024277607,0,0.00011811931024277607,0.00011811931024277607,24:0.0013360668967990763;24:0.0013360668967990763;24:0.0014428346443701723;24:0.0014428346443701723;26:0.003036835869837884;26:0.003036835869837884;26:0.0014035269402839223;26:0.0014035269402839223;37:0.004063999649359412;37:0.004063999649359412;37:0.0040938200366546496;37:0.0040938200366546496,24:68.0;24:68.0;24:68.0;24:68.0;26:68.0;26:68.0;26:68.0;26:68.0;37:68.0;37:68.0;37:68.0;37:68.0,24:0.0009031453141065682;24:0.0009031453141065682;24:0.0009914044815212408;24:0.0009914044815212408;26:0.001601901013029483;26:0.001601901013029483;26:0.0011237908374148176;26:0.0011237908374148176;37:0.002096145669993693;37:0.002096145669993693;37:0.0026477218576126393;37:0.0026477218576126393,0.003662109375,Yes
26,159.05702842665107,147.9152102213381,0.0050048828125,0.0087890625,0.001220703125,2584.0,0.00037251220884206395,32.0,0.00037251220884206395,0,0.00037251220884206395,0.00037251220884206395,25:0.003036835869837884;25:0.003036835869837884;25:0.0014035269402839223;25:0.0014035269402839223;27:0.0016746176762499898;27:0.0016746176762499898;27:0.004123916730592703;27:0.004123916730592703,25:68.0;25:68.0;25:68.0;25:68.0;27:68.0;27:68.0;27:68.0;27:68.0,25:0.001601901013029483;25:0.001601901013029483;25:0.0011237908374148176;25:0.0011237908374148176;27:0.0012644814466917509;27:0.0012644814466917509;27:0.0012954876252060377;27:0.0012954876252060377,0.0050048828125,Yes
27,309.0448976065058,427.3778030417916,0.0064697265625,0.00439453125,0.004638671875,2584.0,0.00017543472498812124,32.0,0.00017543472498812124,0,0.00017543472498812124,0.00017543472498812124,17:0.0014591662290256435;17:0.0014591662290256435;17:0.002556938457476704;17:0.002556938457476704;26:0.0016746176762499898;26:0.0016746176762499898;26:0.004123916730592703;26:0.004123916730592703;28:0.0010735925677055058;28:0.0010735925677055058;28:0.0024196635653181697;28:0.0024196635653181697,17:68.0;17:68.0;17:68.0;17:68.0;26:68.0;26:68.0;26:68.0;26:68.0;28:68.0;28:68.0;28:68.0;28:68.0,17:0.001284697284543307;17:0.001284697284543307;17:0.0012281828940557682;17:0.0012281828940557682;26:0.0012644814466917509;26:0.0012644814466917509;26:0.0012954876252060377;26:0.0012954876252060377;28:0.0014354051508253807;28:0.0014354051508253807;28:0.001124589367176132;28:0.001124589367176132,0.0064697265625,Yes
28,284.52165711622257,63.06985598107376,0.010009765625,0.01416015625,0.005859375,2584.0,0.00015129497122661297,32.0,0.00015129497122661297,0,0.00015129497122661297,0.00015129497122661297,27:0.0010735925677055058;27:0.0010735925677055058;27:0.0024196635653181697;27:0.0024196635653181697;29:0.004521083257081837;29:0.004521083257081837;29:0.0041699995122673195;29:0.0041699995122673195,27:68.0;27:68.0;27:68.0;27:68.0;29:68.0;29:68.0;29:68.0;29:68.0,27:0.0014354051508253807;27:0.0014354051508253807;27:0.001124589367176132;27:0.001124589367176132;29:0.0023314366006488008;29:0.0023314366006488008;29:0.0032036041410960503;29:0.0032036041410960503,0.010009765625,Yes
29,233.64572124198227,266.16224777914965,0.0037841796875,0.005859375,0.001708984375,2584.0,0.00013369708920903825,32.0,0.00013369708920903825,0,0.00013369708920903825,0.00013369708920903825,28:0.004521083257081837;28:0.004521083257081837;28:0.0041699995122673195;28:0.0041699995122673195;30:0.005334523535561575;30:0.005334523535561575;30:0.004681541687057533;30:0.004681541687057533;38:0.0008411928432613403;38:0.0008411928432613403;38:0.0009226815779149189;38:0.0009226815779149189,28:68.0;28:68.0;28:68.0;28:68.0;30:68.0;30:68.0;30:68.0;30:68.0;38:68.0;38:68.0;38:68.0;38:68.0,28:0.0023314366006488008;28:0.0023314366006488008;28:0.0032036041410960503;28:0.0032036041410960503;30:0.001764224741859638;30:0.001764224741859638;30:0.0011330985108477243;30:0.0011330985108477243;38:0.0013721928689514884;38:0.0013721928689514884;38:0.0014694190714532873;38:0.0014694190714532873,0.0037841796875,Yes
30,234.8831397385332,356.90787407776793,0.0052490234375,0.008544921875,0.001953125,2584.0,0.0001664720317378344,32.0,0.0001664720317378344,0,0.0001664720317378344,0.0001664720317378344,29:0.005334523535561575;29:0.005334523535561575;29:0.004681541687057533;29:0.004681541687057533;31:0.002753145166999038;31:0.002753145166999038;31:0.002679105494174744;31:0.002679105494174744,29:68.0;29:68.0;29:68.0;29:68.0;31:68.0;31:68.0;31:68.0;31:68.0,29:0.001764224741859638;29:0.001764224741859638;29:0.0011330985108477243;29:0.0011330985108477243;31:0.0013408160510713363;31:0.0013408160510713363;31:0.0014438165298455152;31:0.0014438165298455152,0.0052490234375,Yes
31,140.63601596946006,144.0236275799253,0.005126953125,0.0078125,0.00244140625,2584.0,0.0001940491456088632,32.0,0.0001940491456088632,0,0.0001940491456088632,0.0001940491456088632,18:0.004031753389569709;18:0.004031753389569709;18:0.004423541388497182;18:0.004423541388497182;30:0.002753145166999038;30:0.002753145166999038;30:0.002679105494174744;30:0.002679105494174744;32:0.001603843889347395;32:0.001603843889347395;32:0.002131922119648244;32:0.002131922119648244,18:68.0;18:68.0;18:68.0;18:68.0;30:68.0;30:68.0;30:68.0;30:68.0;32:80.0;32:80.0;32:80.0;32:80.0,18:0.0020144238881057708;18:0.0020144238881057708;18:0.0021325536847218995;18:0.0021325536847218995;30:0.0013408160510713363;30:0.0013408160510713363;30:0.0014438165298455152;30:0.0014438165298455152;32:0.0016772621890857875;32:0.0016772621890857875;32:0.0025414827539154694;32:0.0025414827539154694,0.005126953125,Yes
32,169.60874261692922,308.06537240087374,0.0081787109375,0.014404296875,0.001953125,2584.0,0.0002651303573584039,32.0,0.0002651303573584039,0,0.0002651303573584039,0.0002651303573584039,31:0.001603843889347395;31:0.001603843889347395;31:0.002131922119648244;31:0.002131922119648244;33:0.0019309654627504003;33:0.0019309654627504003;33:0.02452571778925558;33:0.02452571778925558,31:80.0;31:80.0;31:80.0;31:80.0;33:68.0;33:68.0;33:68.0;33:68.0,31:0.0016772621890857875;31:0.0016772621890857875;31:0.0025414827539154694;31:0.0025414827539154694;33:0.0014533259957223432;33:0.0014533259957223432;33:0.0020547775707467075;33:0.0020547775707467075,0.0081787109375,Yes
33,303.4454224971319,284.98385519606774,0.0032958984375,0.00341796875,0.003173828125,2584.0,0.00013746710431519185,32.0,0.00013746710431519185,0,0.00013746710431519185,0.00013746710431519185,32:0.0019309654627504003;32:0.0019309654627504003;32:0.02452571778925558;32:0.02452571778925558;34:0.0008426931570978402;34:0.0008426931570978402;34:0.000828095693606451;34:0.000828095693606451;39:0.0013470385402069573;39:0.0013470385402069573;39:0.003014793667591942;39:0.003014793667591942,32:68.0;32:68.0;32:68.0;32:68.0;34:68.0;34:68.0;34:68.0;34:68.0;39:68.0;39:68.0;39:68.0;39:68.0,32:0.0014533259957223432;32:0.0014533259957223432;32:0.0020547775707467075;32:0.0020547775707467075;34:0.0010050480011827845;34:0.0010050480011827845;34:0.0010260335061276493;34:0.0010260335061276493;39:0.0010625513728658442;39:0.0010625513728658442;39:0.001557374555358454;39:0.001557374555358454,0.0032958984375,Yes
34,203.2628791810732,219.83983753711692,0.0029296875,0.004150390625,0.001708984375,2584.0,0.00017482528813184348,32.0,0.00017482528813184348,0,0.00017482528813184348,0.00017482528813184348,33:0.0008426931570978402;33:0.0008426931570978402;33:0.000828095693606451;33:0.000828095693606451;35:0.0010440246728144198;35:0.0010440246728144198;35:0.0047042502541671805;35:0.0047042502541671805,33:68.0;33:68.0;33:68.0;33:68.0;35:68.0;35:68.0;35:68.0;35:68.0,33:0.0010050480011827845;33:0.0010050480011827845;33:0.0010260335061276493;33:0.0010260335061276493;35:0.0008661934302301444;35:0.0008661934302301444;35:0.003382452104276207;35:0.003382452104276207,0.0029296875,Yes
35,331.2274101874338,456.76771833156596,0.0311279296875,0.060546875,0.001708984375,2584.0,7.765678813321317e-05,32.0,7.765678813321317e-05,0,7.765678813321317e-05,7.765678813321317e-05,19:0.0008423902133337657;19:0.0008423902133337657;19:0.005350918617259753;19:0.005350918617259753;34:0.0010440246728144198;34:0.0010440246728144198;34:0.0047042502541671805;34:0.0047042502541671805,19:68.0;19:68.0;19:68.0;19:68.0;34:68.0;34:68.0;34:68.0;34:68.0,19:0.0008748850962342347;19:0.0008748850962342347;19:0.0007480954831950715;19:0.0007480954831950715;34:0.0008661934302301444;34:0.0008661934302301444;34:0.003382452104276207;34:0.003382452104276207,0.0311279296875,Yes
36,249.01440745690581,428.65549329349864,0.00732421875,0.006103515625,0.008544921875,2584.0,0.00019563888578167984,32.0,0.00019563888578167984,0,0.00019563888578167984,0.00019563888578167984,21:0.0010484663903039815;21:0.0010484663903039815;21:0.0008779872223288188;21:0.0008779872223288188;41:0.0010766798271620026;41:0.0010766798271620026;41:0.0008939818443994552;41:0.0008939818443994552,21:68.0;21:68.0;21:68.0;21:68.0;41:68.0;41:68.0;41:68.0;41:68.0,21:0.0010952137031773335;21:0.0010952137031773335;21:0.0007332872600763485;21:0.0007332872600763485;41:0.0011890198113001793;41:0.0011890198113001793;41:0.0008581546024209741;41:0.0008581546024209741,0.00732421875,Yes
37,188.91597631352568,240.75821266491315,0.00341796875,0.00634765625,0.00048828125,2584.0,0.0001714167677175393,32.0,0.0001714167677175393,0,0.0001714167677175393,0.0001714167677175393,25:0.004063999649359412;25:0.004063999649359412;25:0.0040938200366546496;25:0.0040938200366546496;45:0.002573419054616277;45:0.002573419054616277;45:0.010378420555298112;45:0.010378420555298112,25:68.0;25:68.0;25:68.0;25:68.0;45:68.0;45:68.0;45:68.0;45:68.0,25:0.002096145669993693;25:0.002096145669993693;25:0.0026477218576126393;25:0.0026477218576126393;45:0.004039517366877521;45:0.004039517366877521;45:0.002762298768892585;45:0.002762298768892585,0.00341796875,Yes
38,178.10226911938128,316.6524995345634,0.010009765625,0.01708984375,0.0029296875,2584.0,0.00025061517388098913,32.0,0.00025061517388098913,0,0.00025061517388098913,0.00025061517388098913,29:0.0008411928432613403;29:0.0008411928432613403;29:0.0009226815779149189;29:0.0009226815779149189;49:0.0029518580840919295;49:0.0029518580840919295;49:0.001667767418412014;49:0.001667767418412014,29:68.0;29:68.0;29:68.0;29:68.0;49:68.0;49:68.0;49:68.0;49:68.0,29:0.0013721928689514884;29:0.0013721928689514884;29:0.0014694190714532873;29:0.0014694190714532873;49:0.0009863735570628807;49:0.0009863735570628807;49:0.0018265150985141976;49:0.0018265150985141976,0.010009765625,Yes
39,249.5038678078535,321.6322945679245,0.004150390625,0.006591796875,0.001708984375,2584.0,0.0001362748723149913,32.0,0.0001362748723149913,0,0.0001362748723149913,0.0001362748723149913,33:0.0013470385402069573;33:0.0013470385402069573;33:0.003014793667591942;33:0.003014793667591942;53:0.001410557569702986;53:0.001410557569702986;53:0.0010596269891270105;53:0.0010596269891270105,33:68.0;33:68.0;33:68.0;33:68.0;53:68.0;53:68.0;53:68.0;53:68.0,33:0.0010625513728658442;33:0.0010625513728658442;33:0.001557374555358454;33:0.001557374555358454;53:0.0009195094880313226;53:0.0009195094880313226;53:0.001335807046279558;53:0.001335807046279558,0.004150390625,Yes
40,283.256895151176,327.28633254219574,0.003173828125,0.004638671875,0.001708984375,2584.0,0.00012328635638577773,32.0,0.00012328635638577773,0,0.00012328635638577773,0.00012328635638577773,41:0.0007283169730412375;41:0.0007283169730412375;41:0.0008112803178810246;41:0.0008112803178810246,41:68.0;41:68.0;41:68.0;41:68.0,41:0.0010572103468644567;41:0.0010572103468644567;41:0.0006876683433371111;41:0.0006876683433371111,0.003173828125,Yes
41,220.62741837382944,254.90571953409105,0.00537109375,0.00830078125,0.00244140625,2584.0,0.00015278716741092178,32.0,0.00015278716741092178,0,0.00015278716741092178,0.00015278716741092178,36:0.0010766798271620026;36:0.0010766798271620026;36:0.0008939818443994552;36:0.0008939818443994552;40:0.0007283169730412375;40:0.0007283169730412375;40:0.0008112803178810246;40:0.0008112803178810246;42:0.0014520130834755895;42:0.0014520130834755895;42:0.0018739679143574273;42:0.0018739679143574273,36:68.0;36:68.0;36:68.0;36:68.0;40:68.0;40:68.0;40:68.0;40:68.0;42:68.0;42:68.0;42:68.0;42:68.0,36:0.0011890198113001793;36:0.0011890198113001793;36:0.0008581546024209741;36:0.0008581546024209741;40:0.0010572103468644567;40:0.0010572103468644567;40:0.0006876683433371111;40:0.0006876683433371111;42:0.13865076106415358;42:0.13865076106415358;42:0.14005740442675071;42:0.14005740442675071,0.00537109375,Yes
42,333.71673138434045,394.8862159447301,0.02392578125,0.00537109375,0.04248046875,2584.0,0.00015395528980656064,32.0,0.00015395528980656064,0,0.00015395528980656064,0.00015395528980656064,41:0.0014520130834755895;41:0.0014520130834755895;41:0.0018739679143574273;41:0.0018739679143574273;43:0.0010803274924983675;43:0.0010803274924983675;43:0.0017102365725123747;43:0.0017102365725123747,41:68.0;41:68.0;41:68.0;41:68.0;43:68.0;43:68.0;43:68.0;43:68.0,41:0.13865076106415358;41:0.13865076106415358;41:0.14005740442675071;41:0.14005740442675071;43:1;43:1;43:1.0;43:1.0,0.02392578125,Yes
43,277.76127704952967,283.2783479951216,0.05908203125,0.102783203125,0.015380859375,2584.0,0.00012957258969072217,32.0,0.00012957258969072217,0,0.00012957258969072217,0.00012957258969072217,42:0.0010803274924983675;42:0.0010803274924983675;42:0.0017102365725123747;42:0.0017102365725123747;44:0.0006985419752877919;44:0.0006985419752877919;44:0.0008704895697112247;44:0.0008704895697112247;56:0.0013279090784807934;56:0.0013279090784807934;56:0.0011919417048807668;56:0.0011919417048807668,42:68.0;42:68.0;42:68.0;42:68.0;44:68.0;44:68.0;44:68.0;44:68.0;56:68.0;56:68.0;56:68.0;56:68.0,42:1;42:1;42:1.0;42:1.0;44:0.001403549131498788;44:0.001403549131498788;44:0.0010894964206614177;44:0.0010894964206614177;56:0.0015536844571918396;56:0.0015536844571918396;56:0.0013434773822555979;56:0.0013434773822555979,0.05908203125,Yes
44,283.9459436239604,329.9053868954546,0.0040283203125,0.0048828125,0.002685546875,2584.0,0.0002553044118621931,32.0,0.0002553044118621931,0,0.0002553044118621931,0.0002553044118621931,43:0.0006985419752877919;43:0.0006985419752877919;43:0.0008704895697112247;43:0.0008704895697112247;45:0.0008863326037798769;45:0.0008863326037798769;45:0.003846549648215375;45:0.003846549648215375,43:68.0;43:68.0;43:68.0;43:68.0;45:68.0;45:68.0;45:68.0;45:68.0,43:0.001403549131498788;43:0.001403549131498788;43:0.0010894964206614177;43:0.0010894964206614177;45:0.0008372325175325657;45:0.0008372325175325657;45:0.0010872644814324817;45:0.0010872644814324817,0.0040283203125,Yes
45,245.85590289360348,250.4594058790198,0.002685546875,0.005126953125,0.000244140625,2584.0,0.00017909235276252492,32.0,0.00017909235276252492,0,0.00017909235276252492,0.00017909235276252492,37:0.002573419054616277;37:0.002573419054616277;37:0.010378420555298112;37:0.010378420555298112;44:0.0008863326037798769;44:0.0008863326037798769;44:0.003846549648215375;44:0.003846549648215375;46:0.010930693601451436;46:0.010930693601451436;46:0.003963697947147626;46:0.003963697947147626,37:68.0;37:68.0;37:68.0;37:68.0;44:68.0;44:68.0;44:68.0;44:68.0;46:68.0;46:68.0;46:68.0;46:68.0,37:0.004039517366877521;37:0.004039517366877521;37:0.002762298768892585;37:0.002762298768892585;44:0.0008372325175325657;44:0.0008372325175325657;44:0.0010872644814324817;44:0.0010872644814324817;46:0.004411166861860466;46:0.004411166861860466;46:0.0031681076710221856;46:0.0031681076710221856,0.002685546875,Yes
46,48.523129964533986,93.0113304908717,0.0289306640625,0.057861328125,0,2584.0,0.0023155117419537624,32.0,0.0023155117419537624,0,0.0023155117419537624,0.0023155117419537624,45:0.010930693601451436;45:0.010930693601451436;45:0.003963697947147626;45:0.003963697947147626;47:0.0052723691826497;47:0.0052723691826497;47:0.004954462279607108;47:0.004954462279607108,45:68.0;45:68.0;45:68.0;45:68.0;47:68.0;47:68.0;47:68.0;47:68.0,45:0.004411166861860466;45:0.004411166861860466;45:0.0031681076710221856;45:0.0031681076710221856;47:0.05453312999864504;47:0.05453312999864504;47:0.01926797420763357;47:0.01926797420763357,0.0289306640625,Yes
47,186.65663542370245,205.99940712449796,0.0057373046875,0.008056640625,0.00341796875,2584.0,0.00046420875833980455,32.0,0.00046420875833980455,0,0.00046420875833980455,0.00046420875833980455,46:0.0052723691826497;46:0.0052723691826497;46:0.004954462279607108;46:0.004954462279607108;48:0.0036197752404684147;48:0.0036197752404684147;48:0.021985755066548096;48:0.021985755066548096;57:0.002988141643957304;57:0.002988141643957304;57:0.001930870370449117;57:0.001930870370449117,46:68.0;46:68.0;46:68.0;46:68.0;48:68.0;48:68.0;48:68.0;48:68.0;57:68.0;57:68.0;57:68.0;57:68.0,46:0.05453312999864504;46:0.05453312999864504;46:0.01926797420763357;46:0.01926797420763357;48:0.0027191018442525583;48:0.0027191018442525583;48:0.010687620298822975;48:0.010687620298822975;57:0.0011805033066340231;57:0.0011805033066340231;57:0.0015847807097829902;57:0.0015847807097829902,0.0057373046875,Yes
48,286.1879452480512,396.678768561144,0.001953125,0.00244140625,0.00146484375,2584.0,0.00018015449354001677,32.0,0.00018015449354001677,0,0.00018015449354001677,0.00018015449354001677,47:0.0036197752404684147;47:0.0036197752404684147;47:0.021985755066548096;47:0.021985755066548096;49:0.0008591514343548878;49:0.0008591514343548878;49:0.0009532243738097634;49:0.0009532243738097634,47:68.0;47:68.0;47:68.0;47:68.0;49:68.0;49:68.0;49:68.0;49:68.0,47:0.0027191018442525583;47:0.0027191018442525583;47:0.010687620298822975;47:0.010687620298822975;49:0.0007785335179116837;49:0.0007785335179116837;49:0.000792100221732206;49:0.000792100221732206,0.001953125,Yes
49,250.3117276690041,367.17614532865304,0.002197265625,0.0029296875,0.00146484375,2584.0,0.00014131670056639846,32.0,0.00014131670056639846,0,0.00014131670056639846,0.00014131670056639846,38:0.0029518580840919295;38:0.0029518580840919295;38:0.001667767418412014;38:0.001667767418412014;48:0.0008591514343548878;48:0.0008591514343548878;48:0.0009532243738097634;48:0.0009532243738097634;50:0.02214832473594175;50:0.02214832473594175;50:0.028885710147954657;50:0.028885710147954657,38:68.0;38:68.0;38:68.0;38:68.0;48:68.0;48:68.0;48:68.0;48:68.0;50:68.0;50:68.0;50:68.0;50:68.0,38:0.0009863735570628807;38:0.0009863735570628807;38:0.0018265150985141976;38:0.0018265150985141976;48:0.0007785335179116837;48:0.0007785335179116837;48:0.000792100221732206;48:0.000792100221732206;50:0.015546712178232447;50:0.015546712178232447;50:0.011216423775338241;50:0.011216423775338241,0.002197265625,Yes
50,134.47116316836903,140.94971329186362,0.0035400390625,0.006591796875,0.00048828125,2584.0,0.00016683555836816886,32.0,0.00016683555836816886,0,0.00016683555836816886,0.00016683555836816886,49:0.02214832473594175;49:0.02214832473594175;49:0.028885710147954657;49:0.028885710147954657;51:0.0010709539300579607;51:0.0010709539300579607;51:0.001824782887821813;51:0.001824782887821813,49:68.0;49:68.0;49:68.0;49:68.0;51:68.0;51:68.0;51:68.0;51:68.0,49:0.015546712178232447;49:0.015546712178232447;49:0.011216423775338241;49:0.011216423775338241;51:0.0044445436783297765;51:0.0044445436783297765;51:0.0021546195161402937;51:0.0021546195161402937,0.0035400390625,Yes
51,285.29510807596836,333.2753513833745,0.0042724609375,0.005859375,0.002685546875,2584.0,0.00016136035764650864,32.0,0.00016136035764650864,0,0.00016136035764650864,0.00016136035764650864,50:0.0010709539300579607;50:0.0010709539300579607;50:0.001824782887821813;50:0.001824782887821813;52:0.0011603903832771434;52:0.0011603903832771434;52:0.0012301365573905432;52:0.0012301365573905432;58:0.0012314341217247726;58:0.0012314341217247726;58:0.0008787654264508782;58:0.0008787654264508782,50:68.0;50:68.0;50:68.0;50:68.0;52:68.0;52:68.0;52:68.0;52:68.0;58:68.0;58:68.0;58:68.0;58:68.0,50:0.0044445436783297765;50:0.0044445436783297765;50:0.0021546195161402937;50:0.0021546195161402937;52:0.0012987927343728889;52:0.0012987927343728889;52:0.0023860144437501396;52:0.0023860144437501396;58:0.0019262629987424618;58:0.0019262629987424618;58:0.003833196121062754;58:0.003833196121062754,0.0042724609375,Yes
52,312.3888390118235,442.37252677605693,0.005615234375,0.00634765625,0.0048828125,2584.0,0.00010678975705843205,32.0,0.00010678975705843205,0,0.00010678975705843205,0.00010678975705843205,51:0.0011603903832771434;51:0.0011603903832771434;51:0.0012301365573905432;51:0.0012301365573905432;53:0.0010829463359081637;53:0.0010829463359081637;53:0.0022602497445752545;53:0.0022602497445752545,51:68.0;51:68.0;51:68.0;51:68.0;53:68.0;53:68.0;53:68.0;53:68.0,51:0.0012987927343728889;51:0.0012987927343728889;51:0.0023860144437501396;51:0.0023860144437501396;53:0.0017956973363567608;53:0.0017956973363567608;53:0.002648043010211071;53:0.002648043010211071,0.005615234375,Yes
53,316.75344331340386,338.0235652531825,0.02197265625,0.038330078125,0.005615234375,2584.0,8.114705897394231e-05,32.0,8.114705897394231e-05,0,8.114705897394231e-05,8.114705897394231e-05,39:0.001410557569702986;39:0.001410557569702986;39:0.0010596269891270105;39:0.0010596269891270105;52:0.0010829463359081637;52:0.0010829463359081637;52:0.0022602497445752545;52:0.0022602497445752545;54:0.001275058778579613;54:0.001275058778579613;54:0.0008080855412073984;54:0.0008080855412073984,39:68.0;39:68.0;39:68.0;39:68.0;52:68.0;52:68.0;52:68.0;52:68.0;54:68.0;54:68.0;54:68.0;54:68.0,39:0.0009195094880313226;39:0.0009195094880313226;39:0.001335807046279558;39:0.001335807046279558;52:0.0017956973363567608;52:0.0017956973363567608;52:0.002648043010211071;52:0.002648043010211071;54:0.0006563910631907643;54:0.0006563910631907643;54:0.0008908814938514142;54:0.0008908814938514142,0.02197265625,Yes
54,145.14145671134477,206.8460992684626,0.00732421875,0.00732421875,0.00732421875,2584.0,0.0002365553640359946,32.0,0.0002365553640359946,0,0.0002365553640359946,0.0002365553640359946,53:0.001275058778579613;53:0.001275058778579613;53:0.0008080855412073984;53:0.0008080855412073984;55:0.0013293588664002598;55:0.0013293588664002598;55:0.0040309392738929195;55:0.0040309392738929195,53:68.0;53:68.0;53:68.0;53:68.0;55:68.0;55:68.0;55:68.0;55:68.0,53:0.0006563910631907643;53:0.0006563910631907643;53:0.0008908814938514142;53:0.0008908814938514142;55:0.001418149206056124;55:0.001418149206056124;55:0.0010844501195379497;55:0.0010844501195379497,0.00732421875,Yes
55,139.02946103007082,206.721782986888,0.0050048828125,0.00634765625,0.003662109375,2584.0,0.0001604692841651619,32.0,0.0001604692841651619,0,0.0001604692841651619,0.0001604692841651619,54:0.0013293588664002598;54:0.0013293588664002598;54:0.0040309392738929195;54:0.0040309392738929195;59:0.004535145834383553;59:0.004535145834383553;59:0.005522090230773907;59:0.005522090230773907,54:68.0;54:68.0;54:68.0;54:68.0;59:68.0;59:68.0;59:68.0;59:68.0,54:0.001418149206056124;54:0.001418149206056124;54:0.0010844501195379497;54:0.0010844501195379497;59:0.0038817394592541576;59:0.0038817394592541576;59:0.002949955457777098;59:0.002949955457777098,0.0050048828125,Yes
56,201.0096803105387,289.73664888600825,0.0054931640625,0.007080078125,0.00390625,2584.0,8.20958896906305e-05,32.0,8.20958896906305e-05,0,8.20958896906305e-05,8.20958896906305e-05,43:0.0013279090784807934;43:0.0013279090784807934;43:0.0011919417048807668;43:0.0011919417048807668;63:0.0010505465162201633;63:0.0010505465162201633;63:0.0017061926182430076;63:0.0017061926182430076,43:68.0;43:68.0;43:68.0;43:68.0;63:68.0;63:68.0;63:68.0;63:68.0,43:0.0015536844571918396;43:0.0015536844571918396;43:0.0013434773822555979;43:0.0013434773822555979;63:0.0012304194966815396;63:0.0012304194966815396;63:0.0016875989943738456;63:0.0016875989943738456,0.0054931640625,Yes
57,222.5311529355133,310.79866183907416,0.004150390625,0.00732421875,0.0009765625,2584.0,7.252179122084705e-05,32.0,7.252179122084705e-05,0,7.252179122084705e-05,7.252179122084705e-05,47:0.002988141643957304;47:0.002988141643957304;47:0.001930870370449117;47:0.001930870370449117;67:0.004896290091717381;67:0.004896290091717381;67:0.001717246656925242;67:0.001717246656925242,47:68.0;47:68.0;47:68.0;47:68.0;67:68.0;67:68.0;67:68.0;67:68.0,47:0.0011805033066340231;47:0.0011805033066340231;47:0.0015847807097829902;47:0.0015847807097829902;67:0.003253329835555513;67:0.003253329835555513;67:0.0018070718588861223;67:0.0018070718588861223,0.004150390625,Yes
58,183.551356159723,288.7839920929848,0.002685546875,0.00537109375,0,2584.0,8.604929863592782e-05,32.0,8.604929863592782e-05,0,8.604929863592782e-05,8.604929863592782e-05,51:0.0012314341217247726;51:0.0012314341217247726;51:0.0008787654264508782;51:0.0008787654264508782;71:0.001010023362028517;71:0.001010023362028517;71:0.000986887499926481;71:0.000986887499926481,51:68.0;51:68.0;51:68.0;51:68.0;71:68.0;71:68.0;71:68.0;71:68.0,51:0.0019262629987424618;51:0.0019262629987424618;51:0.003833196121062754;51:0.003833196121062754;71:0.0007512248517185516;71:0.0007512248517185516;71:0.0008793301030199652;71:0.0008793301030199652,0.002685546875,Yes
59,190.02529490571413,222.62848499193672,0.0078125,0.013427734375,0.002197265625,2584.0,0.0003186444081926147,32.0,0.0003186444081926147,0,0.0003186444081926147,0.0003186444081926147,55:0.004535145834383553;55:0.004535145834383553;55:0.005522090230773907;55:0.005522090230773907;75:0.0013717241638777355;75:0.0013717241638777355;75:0.001263846404662039;75:0.001263846404662039,55:68.0;55:68.0;55:68.0;55:68.0;75:68.0;75:68.0;75:68.0;75:68.0,55:0.0038817394592541576;55:0.0038817394592541576;55:0.002949955457777098;55:0.002949955457777098;75:0.001138401594223154;75:0.001138401594223154;75:0.0011726687489844734;75:0.0011726687489844734,0.0078125,Yes
60,111.50319670261405,182.8287396174642,0.006103515625,0.0078125,0.00439453125,2584.0,0.00018533267810918913,32.0,0.00018533267810918913,0,0.00018533267810918913,0.00018533267810918913,61:0.0012310349198657866;61:0.0012310349198657866;61:0.0014985361582793288;61:0.0014985361582793288,61:68.0;61:68.0;61:68.0;61:68.0,61:0.0007990642051286523;61:0.0007990642051286523;61:0.0014494496646346444;61:0.0014494496646346444,0.006103515625,Yes
61,313.1826823386086,338.9752095443851,0.0050048828125,0.0029296875,0.003662109375,2584.0,0.00017931055166156773,32.0,0.00017931055166156773,0,0.00017931055166156773,0.00017931055166156773,60:0.0012310349198657866;60:0.0012310349198657866;60:0.0014985361582793288;60:0.0014985361582793288;62:0.010671275930493967;62:0.010671275930493967;62:0.1255751123529681;62:0.1255751123529681;76:0.0018025297048732958;76:0.0018025297048732958;76:0.0026348483846559134;76:0.0026348483846559134,60:68.0;60:68.0;60:68.0;60:68.0;62:68.0;62:68.0;62:68.0;62:68.0;76:68.0;76:68.0;76:68.0;76:68.0,60:0.0007990642051286523;60:0.0007990642051286523;60:0.0014494496646346444;60:0.0014494496646346444;62:0.004162643684870626;62:0.004162643684870626;62:0.11121420984586713;62:0.11121420984586713;76:0.001892759584381981;76:0.001892759584381981;76:0.0022570164323950925;76:0.0022570164323950925,0.0050048828125,Yes
62,102.53798687745083,150.37535545292573,0.076171875,0.11376953125,0.03857421875,2584.0,0.0011354190120122748,32.0,0.0011354190120122748,0,0.0011354190120122748,0.0011354190120122748,61:0.010671275930493967;61:0.010671275930493967;61:0.1255751123529681;61:0.1255751123529681;63:0.00925445088847568;63:0.00925445088847568;63:0.07177196631537966;63:0.07177196631537966,61:68.0;61:68.0;61:68.0;61:68.0;63:68.0;63:68.0;63:68.0;63:68.0,61:0.004162643684870626;61:0.004162643684870626;61:0.11121420984586713;61:0.11121420984586713;63:0.050892437986398004;63:0.050892437986398004;63:0.13967779121193602;63:0.13967779121193602,0.076171875,Yes
63,225.25392178529506,298.7862850850671,0.0045166015625,0.006591796875,0.00244140625,2584.0,0.0001410642402311788,32.0,0.0001410642402311788,0,0.0001410642402311788,0.0001410642402311788,56:0.0010505465162201633;56:0.0010505465162201633;56:0.0017061926182430076;56:0.0017061926182430076;62:0.00925445088847568;62:0.00925445088847568;62:0.07177196631537966;62:0.07177196631537966;64:0.0009803545539578684;64:0.0009803545539578684;64:0.0014453359561854284;64:0.0014453359561854284,56:68.0;56:68.0;56:68.0;56:68.0;62:68.0;62:68.0;62:68.0;62:68.0;64:80.0;64:80.0;64:80.0;64:80.0,56:0.0012304194966815396;56:0.0012304194966815396;56:0.0016875989943738456;56:0.0016875989943738456;62:0.050892437986398004;62:0.050892437986398004;62:0.13967779121193602;62:0.13967779121193602;64:0.0013821982115395925;64:0.0013821982115395925;64:0.0018394526634255004;64:0.0018394526634255004,0.0045166015625,Yes
64,246.42456966636462,297.7697536124651,0.0029296875,0.005615234375,0.000244140625,2584.0,0.00022827835629268408,32.0,0.00022827835629268408,0,0.00022827835629268408,0.00022827835629268408,63:0.0009803545539578684;63:0.0009803545539578684;63:0.0014453359561854284;63:0.0014453359561854284;65:0.002154731967777629;65:0.002154731967777629;65:0.0016952159670128863;65:0.0016952159670128863,63:80.0;63:80.0;63:80.0;63:80.0;65:68.0;65:68.0;65:68.0;65:68.0,63:0.0013821982115395925;63:0.0013821982115395925;63:0.0018394526634255004;63:0.0018394526634255004;65:0.0011754726033537388;65:0.0011754726033537388;65:0.001373229931499742;65:0.001373229931499742,0.0029296875,Yes
65,268.2000063023273,283.4072683281918,0.0037841796875,0.006591796875,0.0009765625,2584.0,9.408659552619407e-05,32.0,9.408659552619407e-05,0,9.408659552619407e-05,9.408659552619407e-05,64:0.002154731967777629;64:0.002154731967777629;64:0.0016952159670128863;64:0.0016952159670128863;66:0.0010039471889149443;66:0.0010039471889149443;66:0.0009056239587501014;66:0.0009056239587501014;77:0.00121722936147306;77:0.00121722936147306;77:0.0012702289519608834;77:0.0012702289519608834,64:68.0;64:68.0;64:68.0;64:68.0;66:100.0;66:100.0;66:100.0;66:100.0;77:68.0;77:68.0;77:68.0;77:68.0,64:0.0011754726033537388;64:0.0011754726033537388;64:0.001373229931499742;64:0.001373229931499742;66:0.0010527435795012197;66:0.0010527435795012197;66:0.0010529524644343202;66:0.0010529524644343202;77:0.0011401699777601748;77:0.0011401699777601748;77:0.0013327574625956462;77:0.0013327574625956462,0.0037841796875,Yes
66,267.9909114344746,341.4193920420378,0.0040283203125,0.0068359375,0.001220703125,2584.0,0.0001656187852639098,32.0,0.0001656187852639098,0,0.0001656187852639098,0.0001656187852639098,65:0.0010039471889149443;65:0.0010039471889149443;65:0.0009056239587501014;65:0.0009056239587501014;67:0.003281222260706068;67:0.003281222260706068;67:0.0010930304616530995;67:0.0010930304616530995,65:100.0;65:100.0;65:100.0;65:100.0;67:68.0;67:68.0;67:68.0;67:68.0,65:0.0010527435795012197;65:0.0010527435795012197;65:0.0010529524644343202;65:0.0010529524644343202;67:0.0015519494669860856;67:0.0015519494669860856;67:0.0010953837272032751;67:0.0010953837272032751,0.0040283203125,Yes
67,254.55082887835775,238.84934019607903,0.00830078125,0.014892578125,0.001708984375,2584.0,0.00012275316317011945,32.0,0.00012275316317011945,0,0.00012275316317011945,0.00012275316317011945,57:0.004896290091717381;57:0.004896290091717381;57:0.001717246656925242;57:0.001717246656925242;66:0.003281222260706068;66:0.003281222260706068;66:0.0010930304616530995;66:0.0010930304616530995;68:0.001136955168037329;68:0.001136955168037329;68:0.0012480712149470219;68:0.0012480712149470219,57:68.0;57:68.0;57:68.0;57:68.0;66:68.0;66:68.0;66:68.0;66:68.0;68:68.0;68:68.0;68:68.0;68:68.0,57:0.003253329835555513;57:0.003253329835555513;57:0.0018070718588861223;57:0.0018070718588861223;66:0.0015519494669860856;66:0.0015519494669860856;66:0.0010953837272032751;66:0.0010953837272032751;68:0.0028086818191099816;68:0.0028086818191099816;68:0.0027432864652832123;68:0.0027432864652832123,0.00830078125,Yes
68,277.36449742469847,281.6804730359487,0.0123291015625,0.016357421875,0.00830078125,2584.0,0.00024621137203523734,32.0,0.00024621137203523734,0,0.00024621137203523734,0.00024621137203523734,67:0.001136955168037329;67:0.001136955168037329;67:0.0012480712149470219;67:0.0012480712149470219;69:0.0013186847685607295;69:0.0013186847685607295;69:0.003268199646269926;69:0.003268199646269926,67:68.0;67:68.0;67:68.0;67:68.0;69:68.0;69:68.0;69:68.0;69:68.0,67:0.0028086818191099816;67:0.0028086818191099816;67:0.0027432864652832123;67:0.0027432864652832123;69:0.0010152050447808092;69:0.0010152050447808092;69:0.0008845789849273311;69:0.0008845789849273311,0.0123291015625,Yes
69,239.05385088252572,321.5466148500183,0.0035400390625,0.00537109375,0.001708984375,2584.0,0.0001261904529773945,32.0,0.0001261904529773945,0,0.0001261904529773945,0.0001261904529773945,68:0.0013186847685607295;68:0.0013186847685607295;68:0.003268199646269926;68:0.003268199646269926;70:0.0009786799316841843;70:0.0009786799316841843;70:0.0024478983951054523;70:0.0024478983951054523;78:0.0015059030481606173;78:0.0015059030481606173;78:0.002037671850582373;78:0.002037671850582373,68:68.0;68:68.0;68:68.0;68:68.0;70:68.0;70:68.0;70:68.0;70:68.0;78:68.0;78:68.0;78:68.0;78:68.0,68:0.0010152050447808092;68:0.0010152050447808092;68:0.0008845789849273311;68:0.0008845789849273311;70:0.0011269100701094548;70:0.0011269100701094548;70:0.0025264502154507817;70:0.0025264502154507817;78:0.0009346255122663072;78:0.0009346255122663072;78:0.0012186907795095625;78:0.0012186907795095625,0.0035400390625,Yes
70,197.68821115493554,297.5827805886807,0.0037841796875,0.0068359375,0.000732421875,2584.0,0.00017516206031754816,32.0,0.00017516206031754816,0,0.00017516206031754816,0.00017516206031754816,69:0.0009786799316841843;69:0.0009786799316841843;69:0.0024478983951054523;69:0.0024478983951054523;71:0.002739286446306999;71:0.002739286446306999;71:0.002084197940624255;71:0.002084197940624255,69:68.0;69:68.0;69:68.0;69:68.0;71:68.0;71:68.0;71:68.0;71:68.0,69:0.0011269100701094548;69:0.0011269100701094548;69:0.0025264502154507817;69:0.0025264502154507817;71:0.0037202018031550765;71:0.0037202018031550765;71:0.003426267642797687;71:0.003426267642797687,0.0037841796875,Yes
71,197.1972076366388,315.6043741001017,0.00244140625,0.0048828125,0,2584.0,0.00011680209383135077,32.0,0.00011680209383135077,0,0.00011680209383135077,0.00011680209383135077,58:0.001010023362028517;58:0.001010023362028517;58:0.000986887499926481;58:0.000986887499926481;70:0.002739286446306999;70:0.002739286446306999;70:0.002084197940624255;70:0.002084197940624255;72:0.0010008284560114322;72:0.0010008284560114322;72:0.001001129389865435;72:0.001001129389865435,58:68.0;58:68.0;58:68.0;58:68.0;70:68.0;70:68.0;70:68.0;70:68.0;72:68.0;72:68.0;72:68.0;72:68.0,58:0.0007512248517185516;58:0.0007512248517185516;58:0.0008793301030199652;58:0.0008793301030199652;70:0.0037202018031550765;70:0.0037202018031550765;70:0.003426267642797687;70:0.003426267642797687;72:0.0008585675003460747;72:0.0008585675003460747;72:0.0009989625703974159;72:0.0009989625703974159,0.00244140625,Yes
72,205.25961210485497,246.10703922554103,0.0054931640625,0.00830078125,0.002685546875,2584.0,9.084609950725566e-05,32.0,9.084609950725566e-05,0,9.084609950725566e-05,9.084609950725566e-05,71:0.0010008284560114322;71:0.0010008284560114322;71:0.001001129389865435;71:0.001001129389865435;73:0.0014817930298924309;73:0.0014817930298924309;73:0.0012512736753829412;73:0.0012512736753829412,71:68.0;71:68.0;71:68.0;71:68.0;73:68.0;73:68.0;73:68.0;73:68.0,71:0.0008585675003460747;71:0.0008585675003460747;71:0.0009989625703974159;71:0.0009989625703974159;73:0.0009597706978522746;73:0.0009597706978522746;73:0.0011483522507778898;73:0.0011483522507778898,0.0054931640625,Yes
73,275.9460261319006,325.9127332126135,0.00439453125,0.007080078125,0.001708984375,2584.0,0.00010490716874088517,32.0,0.00010490716874088517,0,0.00010490716874088517,0.00010490716874088517,72:0.0014817930298924309;72:0.0014817930298924309;72:0.0012512736753829412;72:0.0012512736753829412;74:0.0019190319079176732;74:0.0019190319079176732;74:0.0011510570993266134;74:0.0011510570993266134;79:0.0026181468501385308;79:0.0026181468501385308;79:0.0037864486694331456;79:0.0037864486694331456,72:68.0;72:68.0;72:68.0;72:68.0;74:68.0;74:68.0;74:68.0;74:68.0;79:68.0;79:68.0;79:68.0;79:68.0,72:0.0009597706978522746;72:0.0009597706978522746;72:0.0011483522507778898;72:0.0011483522507778898;74:0.0012535244163474624;74:0.0012535244163474624;74:0.0010150299776423566;74:0.0010150299776423566;79:0.004240028307138349;79:0.004240028307138349;79:0.002804253355772446;79:0.002804253355772446,0.00439453125,Yes
74,102.95411999585451,139.56808033824484,0.00244140625,0.004150390625,0.000732421875,2584.0,0.00030207938108349816,32.0,0.00030207938108349816,0,0.00030207938108349816,0.00030207938108349816,73:0.0019190319079176732;73:0.0019190319079176732;73:0.0011510570993266134;73:0.0011510570993266134;75:0.004445685551595302;75:0.004445685551595302;75:0.0061547092236168;75:0.0061547092236168,73:68.0;73:68.0;73:68.0;73:68.0;75:68.0;75:68.0;75:68.0;75:68.0,73:0.0012535244163474624;73:0.0012535244163474624;73:0.0010150299776423566;73:0.0010150299776423566;75:0.001692447617430981;75:0.001692447617430981;75:0.0024610914558507446;75:0.0024610914558507446,0.00244140625,Yes
75,216.59494812916606,317.2089826948105,0.0029296875,0.005126953125,0.000732421875,2584.0,0.00013040873672512997,32.0,0.00013040873672512997,0,0.00013040873672512997,0.00013040873672512997,59:0.0013717241638777355;59:0.0013717241638777355;59:0.001263846404662039;59:0.001263846404662039;74:0.004445685551595302;74:0.004445685551595302;74:0.0061547092236168;74:0.0061547092236168,59:68.0;59:68.0;59:68.0;59:68.0;74:68.0;74:68.0;74:68.0;74:68.0,59:0.001138401594223154;59:0.001138401594223154;59:0.0011726687489844734;59:0.0011726687489844734;74:0.001692447617430981;74:0.001692447617430981;74:0.0024610914558507446;74:0.0024610914558507446,0.0029296875,Yes
76,77.71342749061618,113.56922849707112,0.0093994140625,0.0166015625,0.002197265625,2584.0,0.00025270023210457115,32.0,0.00025270023210457115,0,0.00025270023210457115,0.00025270023210457115,61:0.0018025297048732958;61:0.0018025297048732958;61:0.0026348483846559134;61:0.0026348483846559134;81:0.001650946451315305;81:0.001650946451315305;81:0.0014894691006713534;81:0.0014894691006713534,61:68.0;61:68.0;61:68.0;61:68.0;81:68.0;81:68.0;81:68.0;81:68.0,61:0.001892759584381981;61:0.001892759584381981;61:0.0022570164323950925;61:0.0022570164323950925;81:0.011151229204010016;81:0.011151229204010016;81:0.001394327857902583;81:0.001394327857902583,0.0093994140625,Yes
77,260.795223763879,377.81826324425504,0.0037841796875,0.006103515625,0.00146484375,2584.0,0.00013005692331461327,32.0,0.00013005692331461327,0,0.00013005692331461327,0.00013005692331461327,65:0.00121722936147306;65:0.00121722936147306;65:0.0012702289519608834;65:0.0012702289519608834;85:0.001688744309486595;85:0.001688744309486595;85:0.01338055980631378;85:0.01338055980631378,65:68.0;65:68.0;65:68.0;65:68.0;85:68.0;85:68.0;85:68.0;85:68.0,65:0.0011401699777601748;65:0.0011401699777601748;65:0.0013327574625956462;65:0.0013327574625956462;85:0.0011090499742184845;85:0.0011090499742184845;85:0.002160867985140008;85:0.002160867985140008,0.0037841796875,Yes
78,234.1401679659289,369.16275937370267,0.0025634765625,0.00341796875,0.001220703125,2584.0,0.00010464169191507252,32.0,0.00010464169191507252,0,0.00010464169191507252,0.00010464169191507252,69:0.0015059030481606173;69:0.0015059030481606173;69:0.002037671850582373;69:0.002037671850582373;89:0.001080445493688853;89:0.001080445493688853;89:0.0014282207872109431;89:0.0014282207872109431,69:68.0;69:68.0;69:68.0;69:68.0;89:68.0;89:68.0;89:68.0;89:68.0,69:0.0009346255122663072;69:0.0009346255122663072;69:0.0012186907795095625;69:0.0012186907795095625;89:0.0027906719574457284;89:0.0027906719574457284;89:0.0012930693558352857;89:0.0012930693558352857,0.0025634765625,Yes
79,219.71213725687085,344.0371149754079,0.004150390625,0.006103515625,0.002197265625,2584.0,0.00016124702463637068,32.0,0.00016124702463637068,0,0.00016124702463637068,0.00016124702463637068,73:0.0026181468501385308;73:0.0026181468501385308;73:0.0037864486694331456;73:0.0037864486694331456;93:0.0091619393120555;93:0.0091619393120555;93:0.005043316704361117;93:0.005043316704361117,73:68.0;73:68.0;73:68.0;73:68.0;93:68.0;93:68.0;93:68.0;93:68.0,73:0.004240028307138349;73:0.004240028307138349;73:0.002804253355772446;73:0.002804253355772446;93:0.0026436324808253586;93:0.0026436324808253586;93:0.0013883027213722199;93:0.0013883027213722199,0.004150390625,Yes
80,261.78234900738533,335.24114708165,0.090576171875,0.169189453125,0.011962890625,2584.0,0.00012721588809676664,32.0,0.00012721588809676664,0,0.00012721588809676664,0.00012721588809676664,81:0.0020639412814927593;81:0.0020639412814927593;81:0.001205957644131811;81:0.001205957644131811,81:68.0;81:68.0;81:68.0;81:68.0,81:0.0050546510411094425;81:0.0050546510411094425;81:0.004813272254581835;81:0.004813272254581835,0.090576171875,Yes
81,204.21756819659134,256.71476545936633,0.0079345703125,0.0107421875,0.005126953125,2584.0,0.00020992732420945266,32.0,0.00020992732420945266,0,0.00020992732420945266,0.00020992732420945266,76:0.001650946451315305;76:0.001650946451315305;76:0.0014894691006713534;76:0.0014894691006713534;80:0.0020639412814927593;80:0.0020639412814927593;80:0.001205957644131811;80:0.001205957644131811;82:0.002153921719627222;82:0.002153921719627222;82:0.0016606019576392017;82:0.0016606019576392017,76:68.0;76:68.0;76:68.0;76:68.0;80:68.0;80:68.0;80:68.0;80:68.0;82:68.0;82:68.0;82:68.0;82:68.0,76:0.011151229204010016;76:0.011151229204010016;76:0.001394327857902583;76:0.001394327857902583;80:0.0050546510411094425;80:0.0050546510411094425;80:0.004813272254581835;80:0.004813272254581835;82:0.0014001476270451008;82:0.0014001476270451008;82:0.0022693464468621083;82:0.0022693464468621083,0.0079345703125,Yes
82,216.86857202220273,299.1645842150876,0.019775390625,0.01416015625,0.025390625,2584.0,0.00034863263457672047,32.0,0.00034863263457672047,0,0.00034863263457672047,0.00034863263457672047,81:0.002153921719627222;81:0.002153921719627222;81:0.0016606019576392017;81:0.0016606019576392017;83:0.0019010453101061808;83:0.0019010453101061808;83:0.00220212384183191;83:0.00220212384183191,81:68.0;81:68.0;81:68.0;81:68.0;83:68.0;83:68.0;83:68.0;83:68.0,81:0.0014001476270451008;81:0.0014001476270451008;81:0.0022693464468621083;81:0.0022693464468621083;83:0.0016070091762921124;83:0.0016070091762921124;83:0.001556407190337783;83:0.001556407190337783,0.019775390625,Yes
83,251.66033963266864,344.4381827357863,0.005126953125,0.009765625,0.00048828125,2584.0,0.00025440571414568185,32.0,0.00025440571414568185,0,0.00025440571414568185,0.00025440571414568185,82:0.0019010453101061808;82:0.0019010453101061808;82:0.00220212384183191;82:0.00220212384183191;84:0.0019981316390027815;84:0.0019981316390027815;84:0.0026412595334157907;84:0.0026412595334157907;96:0.001818080510293002;96:0.001818080510293002;96:0.002328575194167626;96:0.002328575194167626,82:68.0;82:68.0;82:68.0;82:68.0;84:68.0;84:68.0;84:68.0;84:68.0;96:68.0;96:68.0;96:68.0;96:68.0,82:0.0016070091762921124;82:0.0016070091762921124;82:0.001556407190337783;82:0.001556407190337783;84:0.003045898255831264;84:0.003045898255831264;84:0.0032943714193962026;84:0.0032943714193962026;96:0.002063062582046471;96:0.002063062582046471;96:0.0016118395443767142;96:0.0016118395443767142,0.005126953125,Yes
84,61.907390703349165,97.66805677975583,0.0074462890625,0.01416015625,0.000732421875,2584.0,0.0002898832533984592,32.0,0.0002898832533984592,0,0.0002898832533984592,0.0002898832533984592,83:0.0019981316390027815;83:0.0019981316390027815;83:0.0026412595334157907;83:0.0026412595334157907;85:0.004210536661922587;85:0.004210536661922587;85:0.005266047486516379;85:0.005266047486516379,83:68.0;83:68.0;83:68.0;83:68.0;85:68.0;85:68.0;85:68.0;85:68.0,83:0.003045898255831264;83:0.003045898255831264;83:0.0032943714193962026;83:0.0032943714193962026;85:0.0027248517827806185;85:0.0027248517827806185;85:0.003647251024075121;85:0.003647251024075121,0.0074462890625,Yes
85,238.88915898029583,246.02176817607307,0.00537109375,0.0068359375,0.00390625,2584.0,0.0004061794163566718,32.0,0.0004061794163566718,0,0.0004061794163566718,0.0004061794163566718,77:0.001688744309486595;77:0.001688744309486595;77:0.01338055980631378;77:0.01338055980631378;84:0.004210536661922587;84:0.004210536661922587;84:0.005266047486516379;84:0.005266047486516379;86:0.0074732920403229874;86:0.0074732920403229874;86:0.013792015051451528;86:0.013792015051451528,77:68.0;77:68.0;77:68.0;77:68.0;84:68.0;84:68.0;84:68.0;84:68.0;86:68.0;86:68.0;86:68.0;86:68.0,77:0.0011090499742184845;77:0.0011090499742184845;77:0.002160867985140008;77:0.002160867985140008;84:0.0027248517827806185;84:0.0027248517827806185;84:0.003647251024075121;84:0.003647251024075121;86:0.002485212759068406;86:0.002485212759068406;86:0.0038706887740081186;86:0.0038706887740081186,0.00537109375,Yes
86,263.8076274571088,260.95693490582346,0.027099609375,0.006591796875,0.047607421875,2584.0,0.000142546708102921,32.0,0.000142546708102921,0,0.000142546708102921,0.000142546708102921,85:0.0074732920403229874;85:0.0074732920403229874;85:0.013792015051451528;85:0.013792015051451528;87:0.005997693444633384;87:0.005997693444633384;87:0.006511154370492711;87:0.006511154370492711,85:68.0;85:68.0;85:68.0;85:68.0;87:68.0;87:68.0;87:68.0;87:68.0,85:0.002485212759068406;85:0.002485212759068406;85:0.0038706887740081186;85:0.0038706887740081186;87:0.013694890190711795;87:0.013694890190711795;87:0.011684033467331961;87:0.011684033467331961,0.027099609375,Yes
87,212.43892768364353,216.62835164419351,0.0341796875,0.065673828125,0.002685546875,2584.0,0.00015240426734657454,32.0,0.00015240426734657454,0,0.00015240426734657454,0.00015240426734657454,86:0.005997693444633384;86:0.005997693444633384;86:0.006511154370492711;86:0.006511154370492711;88:0.0015583989417276012;88:0.0015583989417276012;88:0.0009910593689657077;88:0.0009910593689657077;97:0.0013040031485537507;97:0.0013040031485537507;97:0.004035566127511325;97:0.004035566127511325,86:68.0;86:68.0;86:68.0;86:68.0;88:68.0;88:68.0;88:68.0;88:68.0;97:68.0;97:68.0;97:68.0;97:68.0,86:0.013694890190711795;86:0.013694890190711795;86:0.011684033467331961;86:0.011684033467331961;88:0.0012032654498075057;88:0.0012032654498075057;88:0.0009198812798134337;88:0.0009198812798134337;97:0.002267097187864636;97:0.002267097187864636;97:0.0013044851015841519;97:0.0013044851015841519,0.0341796875,Yes
88,278.7109014890304,322.4495075136482,0.002685546875,0.00390625,0.00146484375,2584.0,0.00020673525236956583,32.0,0.00020673525236956583,0,0.00020673525236956583,0.00020673525236956583,87:0.0015583989417276012;87:0.0015583989417276012;87:0.0009910593689657077;87:0.0009910593689657077;89:0.0013596864615408044;89:0.0013596864615408044;89:0.0015464990171495385;89:0.0015464990171495385,87:68.0;87:68.0;87:68.0;87:68.0;89:68.0;89:68.0;89:68.0;89:68.0,87:0.0012032654498075057;87:0.0012032654498075057;87:0.0009198812798134337;87:0.0009198812798134337;89:0.0011180179750152897;89:0.0011180179750152897;89:0.0009058823775672797;89:0.0009058823775672797,0.002685546875,Yes
89,235.61532639616394,282.5243195871052,0.0052490234375,0.00830078125,0.002197265625,2584.0,0.00017616214114422331,32.0,0.00017616214114422331,0,0.00017616214114422331,0.00017616214114422331,78:0.001080445493688853;78:0.001080445493688853;78:0.0014282207872109431;78:0.0014282207872109431;88:0.0013596864615408044;88:0.0013596864615408044;88:0.0015464990171495385;88:0.0015464990171495385;90:0.0010626081426032552;90:0.0010626081426032552;90:0.0013867747572250122;90:0.0013867747572250122,78:68.0;78:68.0;78:68.0;78:68.0;88:68.0;88:68.0;88:68.0;88:68.0;90:68.0;90:68.0;90:68.0;90:68.0,78:0.0027906719574457284;78:0.0027906719574457284;78:0.0012930693558352857;78:0.0012930693558352857;88:0.0011180179750152897;88:0.0011180179750152897;88:0.0009058823775672797;88:0.0009058823775672797;90:0.0012911800876740376;90:0.0012911800876740376;90:0.0008980762372523821;90:0.0008980762372523821,0.0052490234375,Yes
90,240.64159330884448,305.12090157428935,0.0037841796875,0.005126953125,0.00244140625,2584.0,0.00014020777294001437,32.0,0.00014020777294001437,0,0.00014020777294001437,0.00014020777294001437,89:0.0010626081426032552;89:0.0010626081426032552;89:0.0013867747572250122;89:0.0013867747572250122;91:0.002422779637124589;91:0.002422779637124589;91:0.004336138995473776;91:0.004336138995473776,89:68.0;89:68.0;89:68.0;89:68.0;91:68.0;91:68.0;91:68.0;91:68.0,89:0.0012911800876740376;89:0.0012911800876740376;89:0.0008980762372523821;89:0.0008980762372523821;91:0.005203074771974792;91:0.005203074771974792;91:0.00416466160916712;91:0.00416466160916712,0.0037841796875,Yes
91,271.5546630136041,347.93961098476893,0.0093994140625,0.017333984375,0.00146484375,2584.0,0.0002198926447329289,32.0,0.0002198926447329289,0,0.0002198926447329289,0.0002198926447329289,90:0.002422779637124589;90:0.002422779637124589;90:0.004336138995473776;90:0.004336138995473776;92:0.0010363348863129396;92:0.0010363348863129396;92:0.0016172319692416004;92:0.0016172319692416004;98:0.0016593046146004542;98:0.0016593046146004542;98:0.0016936026174669272;98:0.0016936026174669272,90:68.0;90:68.0;90:68.0;90:68.0;92:108.0;92:108.0;92:108.0;92:108.0;98:208.0;98:208.0;98:208.0;98:208.0,90:0.005203074771974792;90:0.005203074771974792;90:0.00416466160916712;90:0.00416466160916712;92:0.025170670797686423;92:0.025170670797686423;92:0.013001196491410516;92:0.013001196491410516;98:0.10338163542899562;98:0.10338163542899562;98:0.08412232847613826;98:0.08412232847613826,0.0093994140625,Yes
92,218.42576913175316,231.45165345678805,0.013427734375,0.014404296875,0.012451171875,2584.0,0.0001295900088232575,32.0,0.0001295900088232575,0,0.0001295900088232575,0.0001295900088232575,91:0.0010363348863129396;91:0.0010363348863129396;91:0.0016172319692416004;91:0.0016172319692416004;93:0.001485173403999146;93:0.001485173403999146;93:0.0025627170992562065;93:0.0025627170992562065,91:108.0;91:108.0;91:108.0;91:108.0;93:68.0;93:68.0;93:68.0;93:68.0,91:0.025170670797686423;91:0.025170670797686423;91:0.013001196491410516;91:0.013001196491410516;93:0.012113331700311286;93:0.012113331700311286;93:0.0013575431873873167;93:0.0013575431873873167,0.013427734375,Yes
93,247.6708031921464,290.0328168294934,0.0455322265625,0.085205078125,0.005859375,2584.0,0.0003229884787660554,32.0,0.0003229884787660554,0,0.0003229884787660554,0.0003229884787660554,79:0.0091619393120555;79:0.0091619393120555;79:0.005043316704361117;79:0.005043316704361117;92:0.001485173403999146;92:0.001485173403999146;92:0.0025627170992562065;92:0.0025627170992562065;94:0.0013129257823295826;94:0.0013129257823295826;94:0.0049951221543301505;94:0.0049951221543301505,79:68.0;79:68.0;79:68.0;79:68.0;92:68.0;92:68.0;92:68.0;92:68.0;94:68.0;94:68.0;94:68.0;94:68.0,79:0.0026436324808253586;79:0.0026436324808253586;79:0.0013883027213722199;79:0.0013883027213722199;92:0.012113331700311286;92:0.012113331700311286;92:0.0013575431873873167;92:0.0013575431873873167;94:0.002261817286561385;94:0.002261817286561385;94:0.002634958818946209;94:0.002634958818946209,0.0455322265625,Yes
94,259.37330955417076,291.2014364135555,0.0069580078125,0.0087890625,0.005126953125,2584.0,0.00020319425019188437,32.0,0.00020319425019188437,0,0.00020319425019188437,0.00020319425019188437,93:0.0013129257823295826;93:0.0013129257823295826;93:0.0049951221543301505;93:0.0049951221543301505;95:0.0024674966528402953;95:0.0024674966528402953;95:0.0021408022807902494;95:0.0021408022807902494,93:68.0;93:68.0;93:68.0;93:68.0;95:68.0;95:68.0;95:68.0;95:68.0,93:0.002261817286561385;93:0.002261817286561385;93:0.002634958818946209;93:0.002634958818946209;95:0.002025294592044785;95:0.002025294592044785;95:0.0026851167487600136;95:0.0026851167487600136,0.0069580078125,Yes
95,227.50753022177608,224.33478900562457,0.0079345703125,0.0048828125,0.00390625,2584.0,0.00017041613331386383,32.0,0.00017041613331386383,0,0.00017041613331386383,0.00017041613331386383,94:0.0024674966528402953;94:0.0024674966528402953;94:0.0021408022807902494;94:0.0021408022807902494;99:0.0011618165642796885;99:0.0011618165642796885;99:0.0011271990526497688;99:0.0011271990526497688,94:68.0;94:68.0;94:68.0;94:68.0;99:68.0;99:68.0;99:68.0;99:68.0,94:0.002025294592044785;94:0.002025294592044785;94:0.0026851167487600136;94:0.0026851167487600136;99:0.0012336464387120438;99:0.0012336464387120438;99:0.0009943094851241618;99:0.0009943094851241618,0.0079345703125,Yes
96,316.7814657855372,413.4321152707284,0.06591796875,0.125,0.0068359375,2584.0,0.00018427821007891708,32.0,0.00018427821007891708,0,0.00018427821007891708,0.00018427821007891708,83:0.001818080510293002;83:0.001818080510293002;83:0.002328575194167626;83:0.002328575194167626;103:0.0022486423750564533;103:0.0022486423750564533;103:0.004368268630734112;103:0.004368268630734112,83:68.0;83:68.0;83:68.0;83:68.0;103:68.0;103:68.0;103:68.0;103:68.0,83:0.002063062582046471;83:0.002063062582046471;83:0.0016118395443767142;83:0.0016118395443767142;103:0.0039761630015268945;103:0.0039761630015268945;103:0.0012314907003766196;103:0.0012314907003766196,0.06591796875,Yes
97,263.0977081640737,417.4413913429468,0.003173828125,0.005126953125,0.001220703125,2584.0,0.00037896173744612807,32.0,0.00037896173744612807,0,0.00037896173744612807,0.00037896173744612807,87:0.0013040031485537507;87:0.0013040031485537507;87:0.004035566127511325;87:0.004035566127511325;107:0.002399066265579952;107:0.002399066265579952;107:0.0027368166258390225;107:0.0027368166258390225,87:68.0;87:68.0;87:68.0;87:68.0;107:68.0;107:68.0;107:68.0;107:68.0,87:0.002267097187864636;87:0.002267097187864636;87:0.0013044851015841519;87:0.0013044851015841519;107:0.0026842894050722044;107:0.0026842894050722044;107:0.0016623489276740844;107:0.0016623489276740844,0.003173828125,Yes
98,227.28006858434227,299.0009353018598,0.00341796875,0.0048828125,0.001953125,2584.0,0.00017565637513540063,32.0,0.00017565637513540063,0,0.00017565637513540063,0.00017565637513540063,91:0.0016593046146004542;91:0.0016593046146004542;91:0.0016936026174669272;91:0.0016936026174669272;111:0.005087138766091237;111:0.005087138766091237;111:0.0021644969530779934;111:0.0021644969530779934,91:208.0;91:208.0;91:208.0;91:208.0;111:68.0;111:68.0;111:68.0;111:68.0,91:0.10338163542899562;91:0.10338163542899562;91:0.08412232847613826;91:0.08412232847613826;111:0.0013667207074325727;111:0.0013667207074325727;111:0.001764880231012761;111:0.001764880231012761,0.00341796875,Yes
99,169.46743254526677,220.22508302616777,0.0057373046875,0.006103515625,0.00537109375,2584.0,0.00014819606206304837,32.0,0.00014819606206304837,0,0.00014819606206304837,0.00014819606206304837,95:0.0011618165642796885;95:0.0011618165642796885;95:0.0011271990526497688;95:0.0011271990526497688;115:0.009898834170886911;115:0.009898834170886911;115:0.01524726686782607;115:0.01524726686782607,95:68.0;95:68.0;95:68.0;95:68.0;115:68.0;115:68.0;115:68.0;115:68.0,95:0.0012336464387120438;95:0.0012336464387120438;95:0.0009943094851241618;95:0.0009943094851241618;115:0.02433542720439108;115:0.02433542720439108;115:0.016389284833213003;115:0.016389284833213003,0.0057373046875,Yes
100,255.5016953696517,437.95835980557507,0.004150390625,0.008056640625,0.000244140625,2584.0,8.455693384201779e-05,32.0,8.455693384201779e-05,0,8.455693384201779e-05,8.455693384201779e-05,101:0.0007553922298919324;101:0.0007553922298919324;101:0.0008721460978478035;101:0.0008721460978478035,101:68.0;101:68.0;101:68.0;101:68.0,101:0.0018668983121821747;101:0.0018668983121821747;101:0.0009911579815805316;101:0.0009911579815805316,0.004150390625,Yes
101,288.0065600363055,325.41882134355257,0.009521484375,0.01806640625,0.0009765625,2584.0,7.258036136758097e-05,32.0,7.258036136758097e-05,0,7.258036136758097e-05,7.258036136758097e-05,100:0.0007553922298919324;100:0.0007553922298919324;100:0.0008721460978478035;100:0.0008721460978478035;102:0.0015550514479983069;102:0.0015550514479983069;102:0.001894774270287336;102:0.001894774270287336;116:0.0011617537587237659;116:0.0011617537587237659;116:0.0008359100972408773;116:0.0008359100972408773,100:68.0;100:68.0;100:68.0;100:68.0;102:68.0;102:68.0;102:68.0;102:68.0;116:68.0;116:68.0;116:68.0;116:68.0,100:0.0018668983121821747;100:0.0018668983121821747;100:0.0009911579815805316;100:0.0009911579815805316;102:0.0011926345383971582;102:0.0011926345383971582;102:0.0008755411673262714;102:0.0008755411673262714;116:0.0010879271171930771;116:0.0010879271171930771;116:0.0014072282662762892;116:0.0014072282662762892,0.009521484375,Yes
102,287.94240254720705,361.7954480608456,0.0037841796875,0.005859375,0.001708984375,2584.0,0.00022752351587053914,32.0,0.00022752351587053914,0,0.00022752351587053914,0.00022752351587053914,101:0.0015550514479983069;101:0.0015550514479983069;101:0.001894774270287336;101:0.001894774270287336;103:0.0017216274821497402;103:0.0017216274821497402;103:0.0021266523600015075;103:0.0021266523600015075,101:68.0;101:68.0;101:68.0;101:68.0;103:68.0;103:68.0;103:68.0;103:68.0,101:0.0011926345383971582;101:0.0011926345383971582;101:0.0008755411673262714;101:0.0008755411673262714;103:0.0012731620735043636;103:0.0012731620735043636;103:0.001615503363688986;103:0.001615503363688986,0.0037841796875,Yes
103,261.43904658990533,338.14168059215757,0.4639892578125,0.067138671875,0.86083984375,2584.0,0.000150019467180599,32.0,0.000150019467180599,0,0.000150019467180599,0.000150019467180599,96:0.0022486423750564533;96:0.0022486423750564533;96:0.004368268630734112;96:0.004368268630734112;102:0.0017216274821497402;102:0.0017216274821497402;102:0.0021266523600015075;102:0.0021266523600015075;104:0.0007893417976891914;104:0.0007893417976891914;104:0.000810389765985714;104:0.000810389765985714,96:68.0;96:68.0;96:68.0;96:68.0;102:68.0;102:68.0;102:68.0;102:68.0;104:68.0;104:68.0;104:68.0;104:68.0,96:0.0039761630015268945;96:0.0039761630015268945;96:0.0012314907003766196;96:0.0012314907003766196;102:0.0012731620735043636;102:0.0012731620735043636;102:0.001615503363688986;102:0.001615503363688986;104:0.0012470461530276755;104:0.0012470461530276755;104:0.0010014534831510602;104:0.0010014534831510602,0.4639892578125,Yes
104,266.35778862611284,430.6580130008851,0.0025634765625,0.004150390625,0.0009765625,2584.0,0.000129961601165912,32.0,0.000129961601165912,0,0.000129961601165912,0.000129961601165912,103:0.0007893417976891914;103:0.0007893417976891914;103:0.000810389765985714;103:0.000810389765985714;105:0.0015347844436747748;105:0.0015347844436747748;105:0.0013987365589085976;105:0.0013987365589085976,103:68.0;103:68.0;103:68.0;103:68.0;105:68.0;105:68.0;105:68.0;105:68.0,103:0.0012470461530276755;103:0.0012470461530276755;103:0.0010014534831510602;103:0.0010014534831510602;105:0.001173228343680055;105:0.001173228343680055;105:0.0018683687261978055;105:0.0018683687261978055,0.0025634765625,Yes
105,288.86487906176086,244.30185768621467,0.0142822265625,0.025146484375,0.00341796875,2584.0,0.00021135535277579988,32.0,0.00021135535277579988,0,0.00021135535277579988,0.00021135535277579988,104:0.0015347844436747748;104:0.0015347844436747748;104:0.0013987365589085976;104:0.0013987365589085976;106:0.00225941556358647;106:0.00225941556358647;106:0.009616086608503799;106:0.009616086608503799;117:0.0010039329763118499;117:0.0010039329763118499;117:0.001637207470253893;117:0.001637207470253893,104:68.0;104:68.0;104:68.0;104:68.0;106:92.0;106:92.0;106:92.0;106:92.0;117:68.0;117:68.0;117:68.0;117:68.0,104:0.001173228343680055;104:0.001173228343680055;104:0.0018683687261978055;104:0.0018683687261978055;106:0.002877591351011871;106:0.002877591351011871;106:0.004167591112939684;106:0.004167591112939684;117:0.0014404777611804753;117:0.0014404777611804753;117:0.00289575238999229;117:0.00289575238999229,0.0142822265625,Yes
106,203.62204607791688,223.9754195192618,0.011474609375,0.01318359375,0.009765625,2584.0,0.00012016206625041706,32.0,0.00012016206625041706,0,0.00012016206625041706,0.00012016206625041706,105:0.00225941556358647;105:0.00225941556358647;105:0.009616086608503799;105:0.009616086608503799;107:0.0026050129945869027;107:0.0026050129945869027;107:0.0030976329268674885;107:0.0030976329268674885,105:92.0;105:92.0;105:92.0;105:92.0;107:68.0;107:68.0;107:68.0;107:68.0,105:0.002877591351011871;105:0.002877591351011871;105:0.004167591112939684;105:0.004167591112939684;107:0.0027462379903163414;107:0.0027462379903163414;107:0.0019933028505196293;107:0.0019933028505196293,0.011474609375,Yes
107,213.87354745381705,224.4703822121985,0.0068359375,0.01220703125,0.00146484375,2584.0,0.00021157908216591412,32.0,0.00021157908216591412,0,0.00021157908216591412,0.00021157908216591412,97:0.002399066265579952;97:0.002399066265579952;97:0.0027368166258390225;97:0.0027368166258390225;106:0.0026050129945869027;106:0.0026050129945869027;106:0.0030976329268674885;106:0.0030976329268674885;108:0.0015242213650518976;108:0.0015242213650518976;108:0.0010385108593939096;108:0.0010385108593939096,97:68.0;97:68.0;97:68.0;97:68.0;106:68.0;106:68.0;106:68.0;106:68.0;108:68.0;108:68.0;108:68.0;108:68.0,97:0.0026842894050722044;97:0.0026842894050722044;97:0.0016623489276740844;97:0.0016623489276740844;106:0.0027462379903163414;106:0.0027462379903163414;106:0.0019933028505196293;106:0.0019933028505196293;108:0.0015181072386037664;108:0.0015181072386037664;108:0.0009746087898815092;108:0.0009746087898815092,0.0068359375,Yes
108,201.38996805588258,114.1848745538683,0.006591796875,0.008544921875,0.004638671875,2584.0,0.0006026996610410674,32.0,0.0006026996610410674,0,0.0006026996610410674,0.0006026996610410674,107:0.0015242213650518976;107:0.0015242213650518976;107:0.0010385108593939096;107:0.0010385108593939096;109:0.001269876933445796;109:0.001269876933445796;109:0.0012824536029985012;109:0.0012824536029985012,107:68.0;107:68.0;107:68.0;107:68.0;109:68.0;109:68.0;109:68.0;109:68.0,107:0.0015181072386037664;107:0.0015181072386037664;107:0.0009746087898815092;107:0.0009746087898815092;109:0.001176465792473852;109:0.001176465792473852;109:0.0010089133356987467;109:0.0010089133356987467,0.006591796875,Yes
109,264.72274256315893,270.7984784455194,0.0052490234375,0.00927734375,0.001220703125,2584.0,0.0002517872125811198,32.0,0.0002517872125811198,0,0.0002517872125811198,0.0002517872125811198,108:0.001269876933445796;108:0.001269876933445796;108:0.0012824536029985012;108:0.0012824536029985012;110:0.0011010815714573574;110:0.0011010815714573574;110:0.001368681280724704;110:0.001368681280724704;118:0.00123930543120232;118:0.00123930543120232;118:0.001152976463889649;118:0.001152976463889649,108:68.0;108:68.0;108:68.0;108:68.0;110:68.0;110:68.0;110:68.0;110:68.0;118:68.0;118:68.0;118:68.0;118:68.0,108:0.001176465792473852;108:0.001176465792473852;108:0.0010089133356987467;108:0.0010089133356987467;110:0.0012385811920889722;110:0.0012385811920889722;110:0.0015567717621812471;110:0.0015567717621812471;118:0.0009760526601192143;118:0.0009760526601192143;118:0.0009555880599160238;118:0.0009555880599160238,0.0052490234375,Yes
110,279.8516619013879,360.4971194033623,0.0020751953125,0.003662109375,0.00048828125,2584.0,0.00021051106525352028,32.0,0.00021051106525352028,0,0.00021051106525352028,0.00021051106525352028,109:0.0011010815714573574;109:0.0011010815714573574;109:0.001368681280724704;109:0.001368681280724704;111:0.005995553509850177;111:0.005995553509850177;111:0.007251727904286354;111:0.007251727904286354,109:68.0;109:68.0;109:68.0;109:68.0;111:68.0;111:68.0;111:68.0;111:68.0,109:0.0012385811920889722;109:0.0012385811920889722;109:0.0015567717621812471;109:0.0015567717621812471;111:0.001185764077464485;111:0.001185764077464485;111:0.0015754685918397404;111:0.0015754685918397404,0.0020751953125,Yes
111,214.3746257970189,12.597828771797491,0.0047607421875,0.006103515625,0.00341796875,2584.0,0.001786281309812302,32.0,0.001786281309812302,0,0.001786281309812302,0.001786281309812302,98:0.005087138766091237;98:0.005087138766091237;98:0.0021644969530779934;98:0.0021644969530779934;110:0.005995553509850177;110:0.005995553509850177;110:0.007251727904286354;110:0.007251727904286354;112:0.003761332852933591;112:0.003761332852933591;112:0.001488173381211877;112:0.001488173381211877,98:68.0;98:68.0;98:68.0;98:68.0;110:68.0;110:68.0;110:68.0;110:68.0;112:68.0;112:68.0;112:68.0;112:68.0,98:0.0013667207074325727;98:0.0013667207074325727;98:0.001764880231012761;98:0.001764880231012761;110:0.001185764077464485;110:0.001185764077464485;110:0.0015754685918397404;110:0.0015754685918397404;112:0.001687665094435603;112:0.001687665094435603;112:0.0012304980018744693;112:0.0012304980018744693,0.0047607421875,Yes
112,245.5234586756942,367.08622705926575,0.0045166015625,0.00634765625,0.001708984375,2584.0,0.00010921311010070052,32.0,0.00010921311010070052,0,0.00010921311010070052,0.00010921311010070052,111:0.003761332852933591;111:0.003761332852933591;111:0.001488173381211877;111:0.001488173381211877;113:0.0011135842675515373;113:0.0011135842675515373;113:0.0016197826654723302;113:0.0016197826654723302,111:68.0;111:68.0;111:68.0;111:68.0;113:68.0;113:68.0;113:68.0;113:68.0,111:0.001687665094435603;111:0.001687665094435603;111:0.0012304980018744693;111:0.0012304980018744693;113:0.0019852397298814606;113:0.0019852397298814606;113:0.0008745100559280905;113:0.0008745100559280905,0.0045166015625,Yes
113,145.67962843362244,163.05679081905,0.0054931640625,0.0068359375,0.004150390625,2584.0,9.59589029289982e-05,32.0,9.59589029289982e-05,0,9.59589029289982e-05,9.59589029289982e-05,112:0.0011135842675515373;112:0.0011135842675515373;112:0.0016197826654723302;112:0.0016197826654723302;114:0.006517383818698402;114:0.006517383818698402;114:0.002017384027154484;114:0.002017384027154484;119:0.0012512044365370345;119:0.0012512044365370345;119:0.0011325944389957154;119:0.0011325944389957154,112:68.0;112:68.0;112:68.0;112:68.0;114:68.0;114:68.0;114:68.0;114:68.0;119:68.0;119:68.0;119:68.0;119:68.0,112:0.0019852397298814606;112:0.0019852397298814606;112:0.0008745100559280905;112:0.0008745100559280905;114:0.0014876181006470979;114:0.0014876181006470979;114:0.001526728628460955;114:0.001526728628460955;119:0.0013329704407205323;119:0.0013329704407205323;119:0.0008586883013069757;119:0.0008586883013069757,0.0054931640625,Yes
114,249.46340643137574,343.3351966736877,0.0048828125,0.005615234375,0.004150390625,2584.0,0.0005240056139903419,32.0,0.0005240056139903419,0,0.0005240056139903419,0.0005240056139903419,113:0.006517383818698402;113:0.006517383818698402;113:0.002017384027154484;113:0.002017384027154484;115:0.03568868025200703;115:0.03568868025200703;115:0.0414239313365293;115:0.0414239313365293,113:68.0;113:68.0;113:68.0;113:68.0;115:68.0;115:68.0;115:68.0;115:68.0,113:0.0014876181006470979;113:0.0014876181006470979;113:0.001526728628460955;113:0.001526728628460955;115:0.03412399073140979;115:0.03412399073140979;115:0.0316684405864143;115:0.0316684405864143,0.0048828125,Yes
115,223.98097438416121,295.43370037976626,0.0057373046875,0.009521484375,0.001953125,2584.0,0.0002683694737194314,32.0,0.0002683694737194314,0,0.0002683694737194314,0.0002683694737194314,99:0.009898834170886911;99:0.009898834170886911;99:0.01524726686782607;99:0.01524726686782607;114:0.03568868025200703;114:0.03568868025200703;114:0.0414239313365293;114:0.0414239313365293,99:68.0;99:68.0;99:68.0;99:68.0;114:68.0;114:68.0;114:68.0;114:68.0,99:0.02433542720439108;99:0.02433542720439108;99:0.016389284833213003;99:0.016389284833213003;114:0.03412399073140979;114:0.03412399073140979;114:0.0316684405864143;114:0.0316684405864143,0.0057373046875,Yes
116,234.38967323107929,321.82347708167714,0.0030517578125,0.005126953125,0.0009765625,2584.0,0.00028106636282298315,32.0,0.00028106636282298315,0,0.00028106636282298315,0.00028106636282298315,101:0.0011617537587237659;101:0.0011617537587237659;101:0.0008359100972408773;101:0.0008359100972408773;121:0.0014498000023396573;121:0.0014498000023396573;121:0.0035210922181312665;121:0.0035210922181312665,101:68.0;101:68.0;101:68.0;101:68.0;121:68.0;121:68.0;121:68.0;121:68.0,101:0.0010879271171930771;101:0.0010879271171930771;101:0.0014072282662762892;101:0.0014072282662762892;121:0.0022843305022159366;121:0.0022843305022159366;121:0.0013118507534077006;121:0.0013118507534077006,0.0030517578125,Yes
117,198.45099641703968,228.7884036185071,0.0096435546875,0.015380859375,0.00390625,2584.0,0.00018662199384648475,32.0,0.00018662199384648475,0,0.00018662199384648475,0.00018662199384648475,105:0.0010039329763118499;105:0.0010039329763118499;105:0.001637207470253893;105:0.001637207470253893;125:0.0012335963290208973;125:0.0012335963290208973;125:0.0008112619958259015;125:0.0008112619958259015,105:68.0;105:68.0;105:68.0;105:68.0;125:68.0;125:68.0;125:68.0;125:68.0,105:0.0014404777611804753;105:0.0014404777611804753;105:0.00289575238999229;105:0.00289575238999229;125:0.0050538287096630885;125:0.0050538287096630885;125:0.0008687958580360644;125:0.0008687958580360644,0.0096435546875,Yes
118,205.42577236824593,295.18597591923094,0.03125,0.0380859375,0.0244140625,2584.0,0.00013307412605852734,32.0,0.00013307412605852734,0,0.00013307412605852734,0.00013307412605852734,109:0.00123930543120232;109:0.00123930543120232;109:0.001152976463889649;109:0.001152976463889649;129:0.001593968986277311;129:0.001593968986277311;129:0.006329818609284221;129:0.006329818609284221,109:68.0;109:68.0;109:68.0;109:68.0;129:68.0;129:68.0;129:68.0;129:68.0,109:0.0009760526601192143;109:0.0009760526601192143;109:0.0009555880599160238;109:0.0009555880599160238;129:0.0011727383317114703;129:0.0011727383317114703;129:0.0033292940226097023;129:0.0033292940226097023,0.03125,Yes
119,217.66289657422556,361.79783129154447,0.0054931640625,0.007080078125,0.00390625,2584.0,0.000279846578392614,32.0,0.000279846578392614,0,0.000279846578392614,0.000279846578392614,113:0.0012512044365370345;113:0.0012512044365370345;113:0.0011325944389957154;113:0.0011325944389957154;133:0.0025543957579472754;133:0.0025543957579472754;133:0.005050186877804508;133:0.005050186877804508,113:68.0;113:68.0;113:68.0;113:68.0;133:68.0;133:68.0;133:68.0;133:68.0,113:0.0013329704407205323;113:0.0013329704407205323;113:0.0008586883013069757;113:0.0008586883013069757;133:0.0010414974485981054;133:0.0010414974485981054;133:0.0016307743028894095;133:0.0016307743028894095,0.0054931640625,Yes
120,317.9406192845925,385.89299875542395,0.0042724609375,0.0078125,0.000732421875,2584.0,0.00022773758542918177,32.0,0.00022773758542918177,0,0.00022773758542918177,0.00022773758542918177,121:0.001110128387925735;121:0.001110128387925735;121:0.0009844124691654743;121:0.0009844124691654743,121:68.0;121:68.0;121:68.0;121:68.0,121:0.0009124445713225848;121:0.0009124445713225848;121:0.0010425323275916887;121:0.0010425323275916887,0.0042724609375,Yes
121,277.90309125354224,285.4014336482027,0.00439453125,0.005126953125,0.003662109375,2584.0,0.00022609048482053867,32.0,0.00022609048482053867,0,0.00022609048482053867,0.00022609048482053867,116:0.0014498000023396573;116:0.0014498000023396573;116:0.0035210922181312665;116:0.0035210922181312665;120:0.001110128387925735;120:0.001110128387925735;120:0.0009844124691654743;120:0.0009844124691654743;122:0.0012990430554404298;122:0.0012990430554404298;122:0.0014872295251889545;122:0.0014872295251889545,116:68.0;116:68.0;116:68.0;116:68.0;120:68.0;120:68.0;120:68.0;120:68.0;122:68.0;122:68.0;122:68.0;122:68.0,116:0.0022843305022159366;116:0.0022843305022159366;116:0.0013118507534077006;116:0.0013118507534077006;120:0.0009124445713225848;120:0.0009124445713225848;120:0.0010425323275916887;120:0.0010425323275916887;122:0.0024675785166612674;122:0.0024675785166612674;122:0.0022818199689434993;122:0.0022818199689434993,0.00439453125,Yes
122,300.6079235263364,312.4077852842234,0.00341796875,0.004150390625,0.002685546875,2584.0,9.457232389445527e-05,32.0,9.457232389445527e-05,0,9.457232389445527e-05,9.457232389445527e-05,121:0.0012990430554404298;121:0.0012990430554404298;121:0.0014872295251889545;121:0.0014872295251889545;123:0.00113535007958393;123:0.00113535007958393;123:0.0009251674357635686;123:0.0009251674357635686,121:68.0;121:68.0;121:68.0;121:68.0;123:68.0;123:68.0;123:68.0;123:68.0,121:0.0024675785166612674;121:0.0024675785166612674;121:0.0022818199689434993;121:0.0022818199689434993;123:0.0011591507398159284;123:0.0011591507398159284;123:0.0013689866547580976;123:0.0013689866547580976,0.00341796875,Yes
123,292.84661515122525,442.2481210841264,0.008544921875,0.007568359375,0.009521484375,2584.0,0.0002770152783435436,32.0,0.0002770152783435436,0,0.0002770152783435436,0.0002770152783435436,122:0.00113535007958393;122:0.00113535007958393;122:0.0009251674357635686;122:0.0009251674357635686;124:0.0025148696194781106;124:0.0025148696194781106;124:0.0028439961758094656;124:0.0028439961758094656;136:0.0011845278113358504;136:0.0011845278113358504;136:0.0031341964801220867;136:0.0031341964801220867,122:68.0;122:68.0;122:68.0;122:68.0;124:68.0;124:68.0;124:68.0;124:68.0;136:68.0;136:68.0;136:68.0;136:68.0,122:0.0011591507398159284;122:0.0011591507398159284;122:0.0013689866547580976;122:0.0013689866547580976;124:0.003923140209447423;124:0.003923140209447423;124:0.006512632170514315;124:0.006512632170514315;136:0.0009498608542070075;136:0.0009498608542070075;136:0.0010022530660581952;136:0.0010022530660581952,0.008544921875,Yes
124,270.2273711695743,221.27965353792817,0.0045166015625,0.004638671875,0.00439453125,2584.0,0.0002516370042217217,32.0,0.0002516370042217217,0,0.0002516370042217217,0.0002516370042217217,123:0.0025148696194781106;123:0.0025148696194781106;123:0.0028439961758094656;123:0.0028439961758094656;125:0.0015031855797251747;125:0.0015031855797251747;125:0.0012753849556260688;125:0.0012753849556260688,123:68.0;123:68.0;123:68.0;123:68.0;125:68.0;125:68.0;125:68.0;125:68.0,123:0.003923140209447423;123:0.003923140209447423;123:0.006512632170514315;123:0.006512632170514315;125:0.002072494229528904;125:0.002072494229528904;125:0.004661550673883352;125:0.004661550673883352,0.0045166015625,Yes
125,233.17216515282075,194.1402170413959,0.0052490234375,0.008544921875,0.001953125,2584.0,0.00019116525989799026,32.0,0.00019116525989799026,0,0.00019116525989799026,0.00019116525989799026,117:0.0012335963290208973;117:0.0012335963290208973;117:0.0008112619958259015;117:0.0008112619958259015;124:0.0015031855797251747;124:0.0015031855797251747;124:0.0012753849556260688;124:0.0012753849556260688;126:0.001488503442443223;126:0.001488503442443223;126:0.0016264228252271251;126:0.0016264228252271251,117:68.0;117:68.0;117:68.0;117:68.0;124:68.0;124:68.0;124:68.0;124:68.0;126:68.0;126:68.0;126:68.0;126:68.0,117:0.0050538287096630885;117:0.0050538287096630885;117:0.0008687958580360644;117:0.0008687958580360644;124:0.002072494229528904;124:0.002072494229528904;124:0.004661550673883352;124:0.004661550673883352;126:0.0015165038753236215;126:0.0015165038753236215;126:0.0013933203723638377;126:0.0013933203723638377,0.0052490234375,Yes
126,236.18147239935485,245.7246207146946,0.0062255859375,0.0048828125,0.007568359375,2584.0,0.0006657997557690649,32.0,0.0006657997557690649,0,0.0006657997557690649,0.0006657997557690649,125:0.001488503442443223;125:0.001488503442443223;125:0.0016264228252271251;125:0.0016264228252271251;127:0.0016875977112967844;127:0.0016875977112967844;127:0.001674512974331771;127:0.001674512974331771,125:68.0;125:68.0;125:68.0;125:68.0;127:68.0;127:68.0;127:68.0;127:68.0,125:0.0015165038753236215;125:0.0015165038753236215;125:0.0013933203723638377;125:0.0013933203723638377;127:0.0033985626903240973;127:0.0033985626903240973;127:0.003830047896144162;127:0.003830047896144162,0.0062255859375,Yes
127,191.7873973248846,269.9710021601109,0.0068359375,0.01171875,0.001953125,2584.0,0.00011335774961837591,32.0,0.00011335774961837591,0,0.00011335774961837591,0.00011335774961837591,126:0.0016875977112967844;126:0.0016875977112967844;126:0.001674512974331771;126:0.001674512974331771;128:0.012727819060413453;128:0.012727819060413453;128:0.007055327864187971;128:0.007055327864187971;137:0.001024953483424712;137:0.001024953483424712;137:0.00102744255221221;137:0.00102744255221221,126:68.0;126:68.0;126:68.0;126:68.0;128:68.0;128:68.0;128:68.0;128:68.0;137:68.0;137:68.0;137:68.0;137:68.0,126:0.0033985626903240973;126:0.0033985626903240973;126:0.003830047896144162;126:0.003830047896144162;128:0.008377059915175428;128:0.008377059915175428;128:0.010487408268953002;128:0.010487408268953002;137:0.0010780463807725238;137:0.0010780463807725238;137:0.0008520829660767781;137:0.0008520829660767781,0.0068359375,Yes
128,295.60784720835284,354.1840931861469,0.0103759765625,0.0185546875,0.002197265625,2584.0,9.287106710560718e-05,32.0,9.287106710560718e-05,0,9.287106710560718e-05,9.287106710560718e-05,127:0.012727819060413453;127:0.012727819060413453;127:0.007055327864187971;127:0.007055327864187971;129:0.001435148137857556;129:0.001435148137857556;129:0.0039018462639258122;129:0.0039018462639258122,127:68.0;127:68.0;127:68.0;127:68.0;129:68.0;129:68.0;129:68.0;129:68.0,127:0.008377059915175428;127:0.008377059915175428;127:0.010487408268953002;127:0.010487408268953002;129:0.0010711261573480568;129:0.0010711261573480568;129:0.0027536966850168765;129:0.0027536966850168765,0.0103759765625,Yes
129,206.9468585100384,209.4927067816482,0.0054931640625,0.00830078125,0.001220703125,2584.0,0.0002009759356491382,32.0,0.0002009759356491382,0,0.0002009759356491382,0.0002009759356491382,118:0.001593968986277311;118:0.001593968986277311;118:0.006329818609284221;118:0.006329818609284221;128:0.001435148137857556;128:0.001435148137857556;128:0.0039018462639258122;128:0.0039018462639258122;130:0.0009894186499877777;130:0.0009894186499877777;130:0.002763552884097187;130:0.002763552884097187,118:68.0;118:68.0;118:68.0;118:68.0;128:68.0;128:68.0;128:68.0;128:68.0;130:68.0;130:68.0;130:68.0;130:68.0,118:0.0011727383317114703;118:0.0011727383317114703;118:0.0033292940226097023;118:0.0033292940226097023;128:0.0010711261573480568;128:0.0010711261573480568;128:0.0027536966850168765;128:0.0027536966850168765;130:0.0023013717697552005;130:0.0023013717697552005;130:0.002612124162965551;130:0.002612124162965551,0.0054931640625,Yes
130,281.27078265079643,263.1267252532001,0.00830078125,0.013916015625,0.002685546875,2584.0,0.00019574851751571524,32.0,0.00019574851751571524,0,0.00019574851751571524,0.00019574851751571524,129:0.0009894186499877777;129:0.0009894186499877777;129:0.002763552884097187;129:0.002763552884097187;131:0.0018082742302979737;131:0.0018082742302979737;131:0.0022409558684212683;131:0.0022409558684212683,129:68.0;129:68.0;129:68.0;129:68.0;131:68.0;131:68.0;131:68.0;131:68.0,129:0.0023013717697552005;129:0.0023013717697552005;129:0.002612124162965551;129:0.002612124162965551;131:0.0014197163843704952;131:0.0014197163843704952;131:0.0018743630259761002;131:0.0018743630259761002,0.00830078125,Yes
131,342.7690673059529,351.3319943516144,0.004150390625,0.005126953125,0.003173828125,2584.0,0.00020218123298532166,32.0,0.00020218123298532166,0,0.00020218123298532166,0.00020218123298532166,130:0.0018082742302979737;130:0.0018082742302979737;130:0.0022409558684212683;130:0.0022409558684212683;132:0.00126318724592403;132:0.00126318724592403;132:0.001165854438829661;132:0.001165854438829661;138:0.0017958372544986667;138:0.0017958372544986667;138:0.001588236893894479;138:0.001588236893894479,130:68.0;130:68.0;130:68.0;130:68.0;132:68.0;132:68.0;132:68.0;132:68.0;138:68.0;138:68.0;138:68.0;138:68.0,130:0.0014197163843704952;130:0.0014197163843704952;130:0.0018743630259761002;130:0.0018743630259761002;132:0.0010958604043452835;132:0.0010958604043452835;132:0.0017024756123564244;132:0.0017024756123564244;138:0.0010655264674737652;138:0.0010655264674737652;138:0.0020840845321314916;138:0.0020840845321314916,0.004150390625,Yes
132,265.4514081082767,378.1981040924026,0.00390625,0.00537109375,0.00244140625,2584.0,0.00010598680267472906,32.0,0.00010598680267472906,0,0.00010598680267472906,0.00010598680267472906,131:0.00126318724592403;131:0.00126318724592403;131:0.001165854438829661;131:0.001165854438829661;133:0.0021634532323488997;133:0.0021634532323488997;133:0.001245316618853548;133:0.001245316618853548,131:68.0;131:68.0;131:68.0;131:68.0;133:68.0;133:68.0;133:68.0;133:68.0,131:0.0010958604043452835;131:0.0010958604043452835;131:0.0017024756123564244;131:0.0017024756123564244;133:0.0009908114635236165;133:0.0009908114635236165;133:0.0011939337590951005;133:0.0011939337590951005,0.00390625,Yes
133,301.06095378185864,215.60055837026871,0.00830078125,0.00830078125,0.00830078125,2584.0,0.00013612584895543524,32.0,0.00013612584895543524,0,0.00013612584895543524,0.00013612584895543524,119:0.0025543957579472754;119:0.0025543957579472754;119:0.005050186877804508;119:0.005050186877804508;132:0.0021634532323488997;132:0.0021634532323488997;132:0.001245316618853548;132:0.001245316618853548;134:0.00211178883020105;134:0.00211178883020105;134:0.001582220030959508;134:0.001582220030959508,119:68.0;119:68.0;119:68.0;119:68.0;132:68.0;132:68.0;132:68.0;132:68.0;134:68.0;134:68.0;134:68.0;134:68.0,119:0.0010414974485981054;119:0.0010414974485981054;119:0.0016307743028894095;119:0.0016307743028894095;132:0.0009908114635236165;132:0.0009908114635236165;132:0.0011939337590951005;132:0.0011939337590951005;134:0.0013613951108933098;134:0.0013613951108933098;134:0.0014764564676163494;134:0.0014764564676163494,0.00830078125,Yes
134,246.1538885627068,302.1916855185602,0.004638671875,0.007568359375,0.001708984375,2584.0,0.00016087468301207992,32.0,0.00016087468301207992,0,0.00016087468301207992,0.00016087468301207992,133:0.00211178883020105;133:0.00211178883020105;133:0.001582220030959508;133:0.001582220030959508;135:0.0015528205242071047;135:0.0015528205242071047;135:0.0011637517506027928;135:0.0011637517506027928,133:68.0;133:68.0;133:68.0;133:68.0;135:68.0;135:68.0;135:68.0;135:68.0,133:0.0013613951108933098;133:0.0013613951108933098;133:0.0014764564676163494;133:0.0014764564676163494;135:0.0010995765657404732;135:0.0010995765657404732;135:0.0015690264663282827;135:0.0015690264663282827,0.004638671875,Yes
135,279.64869461034266,301.73258962222985,0.007080078125,0.005126953125,0.009033203125,2584.0,0.0003835016674623641,32.0,0.0003835016674623641,0,0.0003835016674623641,0.0003835016674623641,134:0.0015528205242071047;134:0.0015528205242071047;134:0.0011637517506027928;134:0.0011637517506027928;139:0.001250453963520387;139:0.001250453963520387;139:0.0013699551722865244;139:0.0013699551722865244,134:68.0;134:68.0;134:68.0;134:68.0;139:68.0;139:68.0;139:68.0;139:68.0,134:0.0010995765657404732;134:0.0010995765657404732;134:0.0015690264663282827;134:0.0015690264663282827;139:0.0016276027706304264;139:0.0016276027706304264;139:0.0011598396414716494;139:0.0011598396414716494,0.007080078125,Yes
136,273.3280726546787,353.4081948429227,0.002685546875,0.00439453125,0.0009765625,2584.0,0.00011921722684565452,32.0,0.00011921722684565452,0,0.00011921722684565452,0.00011921722684565452,123:0.0011845278113358504;123:0.0011845278113358504;123:0.0031341964801220867;123:0.0031341964801220867;143:0.0031782654084288875;143:0.0031782654084288875;143:0.0023292534434254664;143:0.0023292534434254664,123:68.0;123:68.0;123:68.0;123:68.0;143:68.0;143:68.0;143:68.0;143:68.0,123:0.0009498608542070075;123:0.0009498608542070075;123:0.0010022530660581952;123:0.0010022530660581952;143:0.0038711634304025577;143:0.0038711634304025577;143:0.0050657883962558214;143:0.0050657883962558214,0.002685546875,Yes
137,126.20518349081071,154.45142775939672,0.003173828125,0.00439453125,0.001953125,2584.0,0.00013403372135360362,32.0,0.00013403372135360362,0,0.00013403372135360362,0.00013403372135360362,127:0.001024953483424712;127:0.001024953483424712;127:0.00102744255221221;127:0.00102744255221221;147:0.010587589243925;147:0.010587589243925;147:0.007728754685295991;147:0.007728754685295991,127:68.0;127:68.0;127:68.0;127:68.0;147:68.0;147:68.0;147:68.0;147:68.0,127:0.0010780463807725238;127:0.0010780463807725238;127:0.0008520829660767781;127:0.0008520829660767781;147:0.004671944538629902;147:0.004671944538629902;147:0.004736534468466169;147:0.004736534468466169,0.003173828125,Yes
138,245.83331707530718,388.3793799354943,0.0435791015625,0.08349609375,0.003662109375,2584.0,0.0001266938367912395,32.0,0.0001266938367912395,0,0.0001266938367912395,0.0001266938367912395,131:0.0017958372544986667;131:0.0017958372544986667;131:0.001588236893894479;131:0.001588236893894479;151:0.0016298330010924844;151:0.0016298330010924844;151:0.001154262478100021;151:0.001154262478100021,131:68.0;131:68.0;131:68.0;131:68.0;151:68.0;151:68.0;151:68.0;151:68.0,131:0.0010655264674737652;131:0.0010655264674737652;131:0.0020840845321314916;131:0.0020840845321314916;151:0.0010532718430838472;151:0.0010532718430838472;151:0.0009593336122886154;151:0.0009593336122886154,0.0435791015625,Yes
139,137.3749838087498,155.3106383428551,0.0032958984375,0.00341796875,0.003173828125,2584.0,0.00018066630453954672,32.0,0.00018066630453954672,0,0.00018066630453954672,0.00018066630453954672,135:0.001250453963520387;135:0.001250453963520387;135:0.0013699551722865244;135:0.0013699551722865244;155:0.0009453535507392974;155:0.0009453535507392974;155:0.0012357090216995326;155:0.0012357090216995326,135:68.0;135:68.0;135:68.0;135:68.0;155:68.0;155:68.0;155:68.0;155:68.0,135:0.0016276027706304264;135:0.0016276027706304264;135:0.0011598396414716494;135:0.0011598396414716494;155:0.000867482074695114;155:0.000867482074695114;155:0.0008278030679555737;155:0.0008278030679555737,0.0032958984375,Yes
140,289.56089025274423,485.8803383964435,0.0072021484375,0.012451171875,0.001953125,2584.0,0.00011880608314554556,32.0,0.00011880608314554556,0,0.00011880608314554556,0.00011880608314554556,141:0.00123633565481851;141:0.00123633565481851;141:0.0010123661916656423;141:0.0010123661916656423,141:68.0;141:68.0;141:68.0;141:68.0,141:0.004195077990918561;141:0.004195077990918561;141:0.0037589046222304134;141:0.0037589046222304134,0.0072021484375,Yes
141,293.8184521381708,386.0893203372436,0.007080078125,0.013671875,0.00048828125,2584.0,0.00011556739554512819,32.0,0.00011556739554512819,0,0.00011556739554512819,0.00011556739554512819,140:0.00123633565481851;140:0.00123633565481851;140:0.0010123661916656423;140:0.0010123661916656423;142:0.0027264421668457273;142:0.0027264421668457273;142:0.002095564246587106;142:0.002095564246587106,140:68.0;140:68.0;140:68.0;140:68.0;142:128.0;142:128.0;142:128.0;142:128.0,140:0.004195077990918561;140:0.004195077990918561;140:0.0037589046222304134;140:0.0037589046222304134;142:0.008460210403009732;142:0.008460210403009732;142:0.011336788235067174;142:0.011336788235067174,0.007080078125,Yes
142,212.30087047489474,263.7391023460767,0.00390625,0.00439453125,0.00341796875,2584.0,0.0002318953299755148,32.0,0.0002318953299755148,0,0.0002318953299755148,0.0002318953299755148,141:0.0027264421668457273;141:0.0027264421668457273;141:0.002095564246587106;141:0.002095564246587106;143:0.005362459007250131;143:0.005362459007250131;143:0.0026757820560915913;143:0.0026757820560915913,141:128.0;141:128.0;141:128.0;141:128.0;143:68.0;143:68.0;143:68.0;143:68.0,141:0.008460210403009732;141:0.008460210403009732;141:0.011336788235067174;141:0.011336788235067174;143:0.000941077135742513;143:0.000941077135742513;143:0.0057834264052178674;143:0.0057834264052178674,0.00390625,Yes
143,241.74638520139888,24.49885933565983,0.0081787109375,0.012451171875,0.00390625,2584.0,0.0007110753180089022,32.0,0.0007110753180089022,0,0.0007110753180089022,0.0007110753180089022,136:0.0031782654084288875;136:0.0031782654084288875;136:0.0023292534434254664;136:0.0023292534434254664;142:0.005362459007250131;142:0.005362459007250131;142:0.0026757820560915913;142:0.0026757820560915913;144:0.0036061737862059517;144:0.0036061737862059517;144:0.003073599748543876;144:0.003073599748543876,136:68.0;136:68.0;136:68.0;136:68.0;142:68.0;142:68.0;142:68.0;142:68.0;144:68.0;144:68.0;144:68.0;144:68.0,136:0.0038711634304025577;136:0.0038711634304025577;136:0.0050657883962558214;136:0.0050657883962558214;142:0.000941077135742513;142:0.000941077135742513;142:0.0057834264052178674;142:0.0057834264052178674;144:0.001526285520609294;144:0.001526285520609294;144:0.005362561320480019;144:0.005362561320480019,0.0081787109375,Yes
144,242.37495183341244,290.22151684393117,0.0107421875,0.01953125,0.001953125,2584.0,0.0002028663654248921,32.0,0.0002028663654248921,0,0.0002028663654248921,0.0002028663654248921,143:0.0036061737862059517;143:0.0036061737862059517;143:0.003073599748543876;143:0.003073599748543876;145:0.003324258405795505;145:0.003324258405795505;145:0.0014791688918746326;145:0.0014791688918746326,143:68.0;143:68.0;143:68.0;143:68.0;145:68.0;145:68.0;145:68.0;145:68.0,143:0.001526285520609294;143:0.001526285520609294;143:0.005362561320480019;143:0.005362561320480019;145:0.0009678435849682365;145:0.0009678435849682365;145:0.0012547594198479284;145:0.0012547594198479284,0.0107421875,Yes
145,275.2812414419084,291.70868906201844,0.0068359375,0.011474609375,0.002197265625,2584.0,0.0005428255215321677,32.0,0.0005428255215321677,0,0.0005428255215321677,0.0005428255215321677,144:0.003324258405795505;144:0.003324258405795505;144:0.0014791688918746326;144:0.0014791688918746326;146:1;146:1;146:1.0;146:1.0,144:68.0;144:68.0;144:68.0;144:68.0;146:68.0;146:68.0;146:68.0;146:68.0,144:0.0009678435849682365;144:0.0009678435849682365;144:0.0012547594198479284;144:0.0012547594198479284;146:1;146:1;146:1.0;146:1.0,0.0068359375,Yes
146,309.2862288115078,355.79754338990676,0.003662109375,0.00341796875,0.002685546875,2584.0,0.00015604305953102117,32.0,0.00015604305953102117,0,0.00015604305953102117,0.00015604305953102117,145:1;145:1;145:1.0;145:1.0;147:0.0012686297493662846;147:0.0012686297493662846;147:0.0018237810993251558;147:0.0018237810993251558,145:68.0;145:68.0;145:68.0;145:68.0;147:68.0;147:68.0;147:68.0;147:68.0,145:1;145:1;145:1.0;145:1.0;147:0.0012005422980715663;147:0.0012005422980715663;147:0.0009453436829982564;147:0.0009453436829982564,0.003662109375,Yes
147,211.0612153637928,181.1048520492291,0.01953125,0.036865234375,0.002197265625,2584.0,0.0002054207497455991,32.0,0.0002054207497455991,0,0.0002054207497455991,0.0002054207497455991,137:0.010587589243925;137:0.010587589243925;137:0.007728754685295991;137:0.007728754685295991;146:0.0012686297493662846;146:0.0012686297493662846;146:0.0018237810993251558;146:0.0018237810993251558;148:0.0011161854963590567;148:0.0011161854963590567;148:0.0030971968004119554;148:0.0030971968004119554,137:68.0;137:68.0;137:68.0;137:68.0;146:68.0;146:68.0;146:68.0;146:68.0;148:68.0;148:68.0;148:68.0;148:68.0,137:0.004671944538629902;137:0.004671944538629902;137:0.004736534468466169;137:0.004736534468466169;146:0.0012005422980715663;146:0.0012005422980715663;146:0.0009453436829982564;146:0.0009453436829982564;148:0.0011577111484503966;148:0.0011577111484503966;148:0.0033186798325660627;148:0.0033186798325660627,0.01953125,Yes
148,225.78190007333455,210.11819234938616,0.0052490234375,0.0068359375,0.003662109375,2584.0,0.0002443118378464798,32.0,0.0002443118378464798,0,0.0002443118378464798,0.0002443118378464798,147:0.0011161854963590567;147:0.0011161854963590567;147:0.0030971968004119554;147:0.0030971968004119554;149:0.0010330237914430718;149:0.0010330237914430718;149:0.00123652702996066;149:0.00123652702996066,147:68.0;147:68.0;147:68.0;147:68.0;149:68.0;149:68.0;149:68.0;149:68.0,147:0.0011577111484503966;147:0.0011577111484503966;147:0.0033186798325660627;147:0.0033186798325660627;149:0.0008559483714264127;149:0.0008559483714264127;149:0.0015363880514665806;149:0.0015363880514665806,0.0052490234375,Yes
149,303.6023413859558,321.97923228917676,0.03271484375,0.02392578125,0.04150390625,2584.0,9.007547453765291e-05,32.0,9.007547453765291e-05,0,9.007547453765291e-05,9.007547453765291e-05,148:0.0010330237914430718;148:0.0010330237914430718;148:0.00123652702996066;148:0.00123652702996066;150:0.0010328139296536254;150:0.0010328139296536254;150:0.0008207186105392006;150:0.0008207186105392006,148:68.0;148:68.0;148:68.0;148:68.0;150:68.0;150:68.0;150:68.0;150:68.0,148:0.0008559483714264127;148:0.0008559483714264127;148:0.0015363880514665806;148:0.0015363880514665806;150:0.001002266611051822;150:0.001002266611051822;150:0.0008632033204045708;150:0.0008632033204045708,0.03271484375,Yes
150,299.8696236497995,269.64398076883253,0.0042724609375,0.005615234375,0.0029296875,2584.0,0.00014627422394716523,32.0,0.00014627422394716523,0,0.00014627422394716523,0.00014627422394716523,149:0.0010328139296536254;149:0.0010328139296536254;149:0.0008207186105392006;149:0.0008207186105392006;151:0.0013371599670680412;151:0.0013371599670680412;151:0.0017142904884064336;151:0.0017142904884064336,149:68.0;149:68.0;149:68.0;149:68.0;151:68.0;151:68.0;151:68.0;151:68.0,149:0.001002266611051822;149:0.001002266611051822;149:0.0008632033204045708;149:0.0008632033204045708;151:0.0040538762789509575;151:0.0040538762789509575;151:0.0014423828809869699;151:0.0014423828809869699,0.0042724609375,Yes
151,304.21916320972804,321.6591902854658,0.00341796875,0.004638671875,0.002197265625,2584.0,0.0001347106143354071,32.0,0.0001347106143354071,0,0.0001347106143354071,0.0001347106143354071,138:0.0016298330010924844;138:0.0016298330010924844;138:0.001154262478100021;138:0.001154262478100021;150:0.0013371599670680412;150:0.0013371599670680412;150:0.0017142904884064336;150:0.0017142904884064336;152:0.001146778438394308;152:0.001146778438394308;152:0.0017097799498380362;152:0.0017097799498380362,138:68.0;138:68.0;138:68.0;138:68.0;150:68.0;150:68.0;150:68.0;150:68.0;152:68.0;152:68.0;152:68.0;152:68.0,138:0.0010532718430838472;138:0.0010532718430838472;138:0.0009593336122886154;138:0.0009593336122886154;150:0.0040538762789509575;150:0.0040538762789509575;150:0.0014423828809869699;150:0.0014423828809869699;152:0.0008346872182288245;152:0.0008346872182288245;152:0.0010052391107528702;152:0.0010052391107528702,0.00341796875,Yes
152,255.09242105397,264.48370051932494,0.010009765625,0.007080078125,0.012939453125,2584.0,0.00015713038149572038,32.0,0.00015713038149572038,0,0.00015713038149572038,0.00015713038149572038,151:0.001146778438394308;151:0.001146778438394308;151:0.0017097799498380362;151:0.0017097799498380362;153:1;153:1;153:1.0;153:1.0,151:68.0;151:68.0;151:68.0;151:68.0;153:68.0;153:68.0;153:68.0;153:68.0,151:0.0008346872182288245;151:0.0008346872182288245;151:0.0010052391107528702;151:0.0010052391107528702;153:1;153:1;153:1.0;153:1.0,0.010009765625,Yes
153,337.77284104946153,409.4394727423459,0.026611328125,0.04248046875,0.0107421875,2584.0,9.618150455258429e-05,32.0,9.618150455258429e-05,0,9.618150455258429e-05,9.618150455258429e-05,152:1;152:1;152:1.0;152:1.0;154:1;154:1;154:1.0;154:1.0,152:68.0;152:68.0;152:68.0;152:68.0;154:68.0;154:68.0;154:68.0;154:68.0,152:1;152:1;152:1.0;152:1.0;154:1;154:1;154:1.0;154:1.0,0.026611328125,Yes
154,259.46674802749345,254.22793993840747,0.01025390625,0.008544921875,0.011962890625,2584.0,0.00015411742844754735,32.0,0.00015411742844754735,0,0.00015411742844754735,0.00015411742844754735,153:1;153:1;153:1.0;153:1.0;155:0.0012837130660715013;155:0.0012837130660715013;155:0.0016727574125154354;155:0.0016727574125154354,153:68.0;153:68.0;153:68.0;153:68.0;155:68.0;155:68.0;155:68.0;155:68.0,153:1;153:1;153:1.0;153:1.0;155:0.0011188027882925722;155:0.0011188027882925722;155:0.0014330710687475157;155:0.0014330710687475157,0.01025390625,Yes
155,257.8260753930791,274.09044482848856,0.0047607421875,0.005126953125,0.00439453125,2584.0,0.00014327561787196897,32.0,0.00014327561787196897,0,0.00014327561787196897,0.00014327561787196897,139:0.0009453535507392974;139:0.0009453535507392974;139:0.0012357090216995326;139:0.0012357090216995326;154:0.0012837130660715013;154:0.0012837130660715013;154:0.0016727574125154354;154:0.0016727574125154354,139:68.0;139:68.0;139:68.0;139:68.0;154:68.0;154:68.0;154:68.0;154:68.0,139:0.000867482074695114;139:0.000867482074695114;139:0.0008278030679555737;139:0.0008278030679555737;154:0.0011188027882925722;154:0.0011188027882925722;154:0.0014330710687475157;154:0.0014330710687475157,0.0047607421875,Yes
