Qubit,T1 (us),T2 (us),Readout assignment error,Prob meas0 prep1,Prob meas1 prep0,Readout length (ns),ID error,Single-qubit gate length (ns),RX error,Z-axis rotation (rz) error,√x (sx) error,Pauli-X error,CZ error,Gate length (ns),RZZ error,MEASURE error,Operational
0,269.58520094643734,283.1869848126821,0.0045166015625,0.003662109375,0.00537109375,2584.0,9.143062077266752e-05,32.0,9.143062077266752e-05,0,9.143062077266752e-05,9.143062077266752e-05,1:0.0014483119266235078;1:0.0014483119266235078;1:0.0007652373430031001;1:0.0007652373430031001,1:68.0;1:68.0;1:68.0;1:68.0,1:0.001561775378044472;1:0.001561775378044472;1:0.0013227861306995548;1:0.0013227861306995548,0.0045166015625,Yes
1,280.1417743412555,358.5941346580879,0.0069580078125,0.01123046875,0.002685546875,2584.0,0.0002780465271279384,32.0,0.0002780465271279384,0,0.0002780465271279384,0.0002780465271279384,0:0.0014483119266235078;0:0.0014483119266235078;0:0.0007652373430031001;0:0.0007652373430031001;2:0.002814926420949271;2:0.002814926420949271;2:0.0018232767204711398;2:0.0018232767204711398,0:68.0;0:68.0;0:68.0;0:68.0;2:108.0;2:108.0;2:108.0;2:108.0,0:0.001561775378044472;0:0.001561775378044472;0:0.0013227861306995548;0:0.0013227861306995548;2:1;2:1;2:0.14751819889137888;2:0.14751819889137888,0.0069580078125,Yes
2,217.27899555897847,262.0176578541238,0.0052490234375,0.0048828125,0.005615234375,2584.0,0.0002648928987129961,32.0,0.0002648928987129961,0,0.0002648928987129961,0.0002648928987129961,1:0.002814926420949271;1:0.002814926420949271;1:0.0018232767204711398;1:0.0018232767204711398;3:0.0019340607072258764;3:0.0019340607072258764;3:0.0020795967975390517;3:0.0020795967975390517,1:108.0;1:108.0;1:108.0;1:108.0;3:108.0;3:108.0;3:108.0;3:108.0,1:1;1:1;1:0.14751819889137888;1:0.14751819889137888;3:0.002655351402609918;3:0.002655351402609918;3:0.002948864087770564;3:0.002948864087770564,0.0052490234375,Yes
3,262.2437720113498,384.81898160883844,0.0054931640625,0.0087890625,0.002197265625,2584.0,0.0002451583700162131,32.0,0.0002451583700162131,0,0.0002451583700162131,0.0002451583700162131,2:0.0019340607072258764;2:0.0019340607072258764;2:0.0020795967975390517;2:0.0020795967975390517;4:0.001645549226299059;4:0.001645549226299059;4:0.009860860899865709;4:0.009860860899865709;16:0.001102982831170024;16:0.001102982831170024;16:0.007359944281663144;16:0.007359944281663144,2:108.0;2:108.0;2:108.0;2:108.0;4:68.0;4:68.0;4:68.0;4:68.0;16:68.0;16:68.0;16:68.0;16:68.0,2:0.002655351402609918;2:0.002655351402609918;2:0.002948864087770564;2:0.002948864087770564;4:0.00470771103649123;4:0.00470771103649123;4:0.0027031178752740803;4:0.0027031178752740803;16:0.0010254734213117067;16:0.0010254734213117067;16:0.0010197301548968418;16:0.0010197301548968418,0.0054931640625,Yes
4,290.45568873277927,448.01670460036553,0.0054931640625,0.006591796875,0.00439453125,2584.0,0.0001470894667547397,32.0,0.0001470894667547397,0,0.0001470894667547397,0.0001470894667547397,3:0.001645549226299059;3:0.001645549226299059;3:0.009860860899865709;3:0.009860860899865709;5:0.03657172934560082;5:0.03657172934560082;5:0.0022872443008895293;5:0.0022872443008895293,3:68.0;3:68.0;3:68.0;3:68.0;5:68.0;5:68.0;5:68.0;5:68.0,3:0.00470771103649123;3:0.00470771103649123;3:0.0027031178752740803;3:0.0027031178752740803;5:0.007395984161039815;5:0.007395984161039815;5:0.004268524769012877;5:0.004268524769012877,0.0054931640625,Yes
5,307.9646161212326,404.1336735681147,0.0040283203125,0.0048828125,0.003173828125,2584.0,0.000276613565679208,32.0,0.000276613565679208,0,0.000276613565679208,0.000276613565679208,4:0.03657172934560082;4:0.03657172934560082;4:0.0022872443008895293;4:0.0022872443008895293;6:0.0007656433021443199;6:0.0007656433021443199;6:0.0007379342333971584;6:0.0007379342333971584,4:68.0;4:68.0;4:68.0;4:68.0;6:68.0;6:68.0;6:68.0;6:68.0,4:0.007395984161039815;4:0.007395984161039815;4:0.004268524769012877;4:0.004268524769012877;6:0.0006649679170554756;6:0.0006649679170554756;6:0.0006547780802736158;6:0.0006547780802736158,0.0040283203125,Yes
6,286.95114400363167,326.7833496757556,0.00390625,0.00634765625,0.00146484375,2584.0,0.00013941097427455578,32.0,0.00013941097427455578,0,0.00013941097427455578,0.00013941097427455578,5:0.0007656433021443199;5:0.0007656433021443199;5:0.0007379342333971584;5:0.0007379342333971584;7:0.0008390248789182098;7:0.0008390248789182098;7:0.0006744490444957063;7:0.0006744490444957063,5:68.0;5:68.0;5:68.0;5:68.0;7:68.0;7:68.0;7:68.0;7:68.0,5:0.0006649679170554756;5:0.0006649679170554756;5:0.0006547780802736158;5:0.0006547780802736158;7:0.0008293445776307307;7:0.0008293445776307307;7:0.0009852957642144111;7:0.0009852957642144111,0.00390625,Yes
7,254.83036106288196,296.77760113327724,0.016357421875,0.025634765625,0.007080078125,2584.0,0.00019622302034593924,32.0,0.00019622302034593924,0,0.00019622302034593924,0.00019622302034593924,6:0.0008390248789182098;6:0.0008390248789182098;6:0.0006744490444957063;6:0.0006744490444957063;8:0.0018249755772762055;8:0.0018249755772762055;8:0.0026627233399721395;8:0.0026627233399721395;17:0.001377024353152373;17:0.001377024353152373;17:0.00304603772006809;17:0.00304603772006809,6:68.0;6:68.0;6:68.0;6:68.0;8:208.0;8:208.0;8:208.0;8:208.0;17:68.0;17:68.0;17:68.0;17:68.0,6:0.0008293445776307307;6:0.0008293445776307307;6:0.0009852957642144111;6:0.0009852957642144111;8:0.010525909742166939;8:0.010525909742166939;8:0.007976521030420985;8:0.007976521030420985;17:0.0010200339528732838;17:0.0010200339528732838;17:0.0014052737088928458;17:0.0014052737088928458,0.016357421875,Yes
8,319.5240745116968,398.9286139773968,0.011474609375,0.004150390625,0.018798828125,2584.0,8.176619501876684e-05,32.0,8.176619501876684e-05,0,8.176619501876684e-05,8.176619501876684e-05,7:0.0018249755772762055;7:0.0018249755772762055;7:0.0026627233399721395;7:0.0026627233399721395;9:0.0033817274574892142;9:0.0033817274574892142;9:0.002070578874501572;9:0.002070578874501572,7:208.0;7:208.0;7:208.0;7:208.0;9:68.0;9:68.0;9:68.0;9:68.0,7:0.010525909742166939;7:0.010525909742166939;7:0.007976521030420985;7:0.007976521030420985;9:0.002143868992121961;9:0.002143868992121961;9:0.0012118434293695024;9:0.0012118434293695024,0.011474609375,Yes
9,270.47633002473816,352.65687408316955,0.0032958984375,0.004638671875,0.001953125,2584.0,0.00017609220576783472,32.0,0.00017609220576783472,0,0.00017609220576783472,0.00017609220576783472,8:0.0033817274574892142;8:0.0033817274574892142;8:0.002070578874501572;8:0.002070578874501572;10:0.001131621052125359;10:0.001131621052125359;10:0.0016314901517047176;10:0.0016314901517047176,8:68.0;8:68.0;8:68.0;8:68.0;10:68.0;10:68.0;10:68.0;10:68.0,8:0.002143868992121961;8:0.002143868992121961;8:0.0012118434293695024;8:0.0012118434293695024;10:0.0029180939110432236;10:0.0029180939110432236;10:0.002681426690709393;10:0.002681426690709393,0.0032958984375,Yes
10,303.6369998727522,337.82341515668566,0.006591796875,0.0078125,0.00341796875,2584.0,0.00017036020235349788,32.0,0.00017036020235349788,0,0.00017036020235349788,0.00017036020235349788,9:0.001131621052125359;9:0.001131621052125359;9:0.0016314901517047176;9:0.0016314901517047176;11:0.000668816890703694;11:0.000668816890703694;11:0.0011162786066303831;11:0.0011162786066303831,9:68.0;9:68.0;9:68.0;9:68.0;11:68.0;11:68.0;11:68.0;11:68.0,9:0.0029180939110432236;9:0.0029180939110432236;9:0.002681426690709393;9:0.002681426690709393;11:0.0014900101876119398;11:0.0014900101876119398;11:0.0015815973494364144;11:0.0015815973494364144,0.006591796875,Yes
11,279.4372776737683,365.3499247873536,0.0042724609375,0.0078125,0.000732421875,2584.0,0.00019127305272010803,32.0,0.00019127305272010803,0,0.00019127305272010803,0.00019127305272010803,10:0.000668816890703694;10:0.000668816890703694;10:0.0011162786066303831;10:0.0011162786066303831;12:0.0019427399152178448;12:0.0019427399152178448;12:0.0017861370069168214;12:0.0017861370069168214;18:0.032823231820317045;18:0.032823231820317045;18:0.01904309433956175;18:0.01904309433956175,10:68.0;10:68.0;10:68.0;10:68.0;12:68.0;12:68.0;12:68.0;12:68.0;18:68.0;18:68.0;18:68.0;18:68.0,10:0.0014900101876119398;10:0.0014900101876119398;10:0.0015815973494364144;10:0.0015815973494364144;12:0.001184075866691059;12:0.001184075866691059;12:0.0012308521375171966;12:0.0012308521375171966;18:0.019957062301967116;18:0.019957062301967116;18:0.012571129093390615;18:0.012571129093390615,0.0042724609375,Yes
12,264.7179523120128,288.03474793616385,0.001953125,0.00341796875,0.00048828125,2584.0,0.00022556416667031962,32.0,0.00022556416667031962,0,0.00022556416667031962,0.00022556416667031962,11:0.0019427399152178448;11:0.0019427399152178448;11:0.0017861370069168214;11:0.0017861370069168214;13:0.0011053756369123202;13:0.0011053756369123202;13:0.0012729209778813144;13:0.0012729209778813144,11:68.0;11:68.0;11:68.0;11:68.0;13:68.0;13:68.0;13:68.0;13:68.0,11:0.001184075866691059;11:0.001184075866691059;11:0.0012308521375171966;11:0.0012308521375171966;13:0.0016991018887616005;13:0.0016991018887616005;13:0.000889990105250732;13:0.000889990105250732,0.001953125,Yes
13,275.12635583319263,406.1005451059819,0.0054931640625,0.004638671875,0.00634765625,2584.0,0.0001695805904384641,32.0,0.0001695805904384641,0,0.0001695805904384641,0.0001695805904384641,12:0.0011053756369123202;12:0.0011053756369123202;12:0.0012729209778813144;12:0.0012729209778813144;14:0.0007958648746864971;14:0.0007958648746864971;14:0.0009332147442508154;14:0.0009332147442508154,12:68.0;12:68.0;12:68.0;12:68.0;14:68.0;14:68.0;14:68.0;14:68.0,12:0.0016991018887616005;12:0.0016991018887616005;12:0.000889990105250732;12:0.000889990105250732;14:0.0014440783096372756;14:0.0014440783096372756;14:0.0010293319832028747;14:0.0010293319832028747,0.0054931640625,Yes
14,305.2979800523261,346.8977361086972,0.003173828125,0.005126953125,0.001220703125,2584.0,0.0002749106409159241,32.0,0.0002749106409159241,0,0.0002749106409159241,0.0002749106409159241,13:0.0007958648746864971;13:0.0007958648746864971;13:0.0009332147442508154;13:0.0009332147442508154;15:0.001300544013487115;15:0.001300544013487115;15:0.0010947977284297694;15:0.0010947977284297694,13:68.0;13:68.0;13:68.0;13:68.0;15:68.0;15:68.0;15:68.0;15:68.0,13:0.0014440783096372756;13:0.0014440783096372756;13:0.0010293319832028747;13:0.0010293319832028747;15:0.0012979849560289247;15:0.0012979849560289247;15:0.000814288605000768;15:0.000814288605000768,0.003173828125,Yes
15,310.9072780900816,414.7862365891938,0.0245361328125,0.0185546875,0.030517578125,2584.0,0.00015056490901347807,32.0,0.00015056490901347807,0,0.00015056490901347807,0.00015056490901347807,14:0.001300544013487115;14:0.001300544013487115;14:0.0010947977284297694;14:0.0010947977284297694;19:0.0011277480634805659;19:0.0011277480634805659;19:0.0016896365683655434;19:0.0016896365683655434,14:68.0;14:68.0;14:68.0;14:68.0;19:68.0;19:68.0;19:68.0;19:68.0,14:0.0012979849560289247;14:0.0012979849560289247;14:0.000814288605000768;14:0.000814288605000768;19:0.0011792888803473234;19:0.0011792888803473234;19:0.0010243158259352347;19:0.0010243158259352347,0.0245361328125,Yes
16,14.969662582506585,406.77093003924523,0.0054931640625,0.00634765625,0.004638671875,2584.0,0.00029203311187574584,32.0,0.00029203311187574584,0,0.00029203311187574584,0.00029203311187574584,3:0.001102982831170024;3:0.001102982831170024;3:0.007359944281663144;3:0.007359944281663144;23:0.0010039395989324684;23:0.0010039395989324684;23:0.002865857684017592;23:0.002865857684017592,3:68.0;3:68.0;3:68.0;3:68.0;23:68.0;23:68.0;23:68.0;23:68.0,3:0.0010254734213117067;3:0.0010254734213117067;3:0.0010197301548968418;3:0.0010197301548968418;23:0.0012854029942323264;23:0.0012854029942323264;23:0.002466240955105836;23:0.002466240955105836,0.0054931640625,Yes
17,268.01261363422157,381.80476522019393,0.00439453125,0.003662109375,0.005126953125,2584.0,0.0001978498866379581,32.0,0.0001978498866379581,0,0.0001978498866379581,0.0001978498866379581,7:0.001377024353152373;7:0.001377024353152373;7:0.00304603772006809;7:0.00304603772006809;27:0.0013811224622634344;27:0.0013811224622634344;27:0.002556938457476704;27:0.002556938457476704,7:68.0;7:68.0;7:68.0;7:68.0;27:68.0;27:68.0;27:68.0;27:68.0,7:0.0010200339528732838;7:0.0010200339528732838;7:0.0014052737088928458;7:0.0014052737088928458;27:0.0010292385967229922;27:0.0010292385967229922;27:0.0012281828940557682;27:0.0012281828940557682,0.00439453125,Yes
18,99.00939261791105,160.10131328141813,0.008544921875,0.014892578125,0.002197265625,2584.0,0.00019504514770685556,32.0,0.00019504514770685556,0,0.00019504514770685556,0.00019504514770685556,11:0.032823231820317045;11:0.032823231820317045;11:0.01904309433956175;11:0.01904309433956175;31:0.00475429932108154;31:0.00475429932108154;31:0.004423541388497182;31:0.004423541388497182,11:68.0;11:68.0;11:68.0;11:68.0;31:68.0;31:68.0;31:68.0;31:68.0,11:0.019957062301967116;11:0.019957062301967116;11:0.012571129093390615;11:0.012571129093390615;31:0.0021873880947812507;31:0.0021873880947812507;31:0.0021325536847218995;31:0.0021325536847218995,0.008544921875,Yes
19,282.2635481499368,396.0113404315013,0.0076904296875,0.010498046875,0.0048828125,2584.0,0.00016507524822484534,32.0,0.00016507524822484534,0,0.00016507524822484534,0.00016507524822484534,15:0.0011277480634805659;15:0.0011277480634805659;15:0.0016896365683655434;15:0.0016896365683655434;35:0.0009691530242888768;35:0.0009691530242888768;35:0.005350918617259753;35:0.005350918617259753,15:68.0;15:68.0;15:68.0;15:68.0;35:68.0;35:68.0;35:68.0;35:68.0,15:0.0011792888803473234;15:0.0011792888803473234;15:0.0010243158259352347;15:0.0010243158259352347;35:0.0009088220529250013;35:0.0009088220529250013;35:0.0007480954831950715;35:0.0007480954831950715,0.0076904296875,Yes
20,131.99793959469014,182.24393865426566,0.0068359375,0.010009765625,0.003662109375,2584.0,0.00017827546929797232,32.0,0.00017827546929797232,0,0.00017827546929797232,0.00017827546929797232,21:0.0013391577399451682;21:0.0013391577399451682;21:0.0015229899155429494;21:0.0015229899155429494,21:68.0;21:68.0;21:68.0;21:68.0,21:0.001498596901754412;21:0.001498596901754412;21:0.0013846501417774382;21:0.0013846501417774382,0.0068359375,Yes
21,183.38117161935193,225.85455731046346,0.0030517578125,0.00439453125,0.001708984375,2584.0,0.00012841600946803967,32.0,0.00012841600946803967,0,0.00012841600946803967,0.00012841600946803967,20:0.0013391577399451682;20:0.0013391577399451682;20:0.0015229899155429494;20:0.0015229899155429494;22:0.0007738315397797513;22:0.0007738315397797513;22:0.0008261994103309633;22:0.0008261994103309633;36:0.0006628337048450172;36:0.0006628337048450172;36:0.0008779872223288188;36:0.0008779872223288188,20:68.0;20:68.0;20:68.0;20:68.0;22:96.0;22:96.0;22:96.0;22:96.0;36:68.0;36:68.0;36:68.0;36:68.0,20:0.001498596901754412;20:0.001498596901754412;20:0.0013846501417774382;20:0.0013846501417774382;22:0.00135784306136838;22:0.00135784306136838;22:0.0011756881761655902;22:0.0011756881761655902;36:0.0008576949463006411;36:0.0008576949463006411;36:0.0007332872600763485;36:0.0007332872600763485,0.0030517578125,Yes
22,235.12850710642616,276.69793094667364,0.006103515625,0.010009765625,0.002197265625,2584.0,0.00022976927548863242,32.0,0.00022976927548863242,0,0.00022976927548863242,0.00022976927548863242,21:0.0007738315397797513;21:0.0007738315397797513;21:0.0008261994103309633;21:0.0008261994103309633;23:0.002548489980038815;23:0.002548489980038815;23:0.0058480715105589665;23:0.0058480715105589665,21:96.0;21:96.0;21:96.0;21:96.0;23:68.0;23:68.0;23:68.0;23:68.0,21:0.00135784306136838;21:0.00135784306136838;21:0.0011756881761655902;21:0.0011756881761655902;23:0.003131234622174184;23:0.003131234622174184;23:0.006494374293308958;23:0.006494374293308958,0.006103515625,Yes
23,232.61483599318353,278.31769155056793,0.0030517578125,0.00341796875,0.002685546875,2584.0,0.00030192966615323955,32.0,0.00030192966615323955,0,0.00030192966615323955,0.00030192966615323955,16:0.0010039395989324684;16:0.0010039395989324684;16:0.002865857684017592;16:0.002865857684017592;22:0.002548489980038815;22:0.002548489980038815;22:0.0058480715105589665;22:0.0058480715105589665;24:0.0010365200701711041;24:0.0010365200701711041;24:0.00526774258932583;24:0.00526774258932583,16:68.0;16:68.0;16:68.0;16:68.0;22:68.0;22:68.0;22:68.0;22:68.0;24:68.0;24:68.0;24:68.0;24:68.0,16:0.0012854029942323264;16:0.0012854029942323264;16:0.002466240955105836;16:0.002466240955105836;22:0.003131234622174184;22:0.003131234622174184;22:0.006494374293308958;22:0.006494374293308958;24:0.0009069410534524036;24:0.0009069410534524036;24:0.002201935627142243;24:0.002201935627142243,0.0030517578125,Yes
24,217.89408075967762,285.00677213324803,0.004638671875,0.006591796875,0.002685546875,2584.0,0.00013100465068240563,32.0,0.00013100465068240563,0,0.00013100465068240563,0.00013100465068240563,23:0.0010365200701711041;23:0.0010365200701711041;23:0.00526774258932583;23:0.00526774258932583;25:0.0029059636379632214;25:0.0029059636379632214;25:0.0014428346443701723;25:0.0014428346443701723,23:68.0;23:68.0;23:68.0;23:68.0;25:68.0;25:68.0;25:68.0;25:68.0,23:0.0009069410534524036;23:0.0009069410534524036;23:0.002201935627142243;23:0.002201935627142243;25:0.001625320193833435;25:0.001625320193833435;25:0.0009914044815212408;25:0.0009914044815212408,0.004638671875,Yes
25,323.95953041704803,373.6863144026299,0.004638671875,0.00537109375,0.00390625,2584.0,8.655973913419227e-05,32.0,8.655973913419227e-05,0,8.655973913419227e-05,8.655973913419227e-05,24:0.0029059636379632214;24:0.0029059636379632214;24:0.0014428346443701723;24:0.0014428346443701723;26:0.0019079045504484804;26:0.0019079045504484804;26:0.0014035269402839223;26:0.0014035269402839223;37:0.004736189275652752;37:0.004736189275652752;37:0.0040938200366546496;37:0.0040938200366546496,24:68.0;24:68.0;24:68.0;24:68.0;26:68.0;26:68.0;26:68.0;26:68.0;37:68.0;37:68.0;37:68.0;37:68.0,24:0.001625320193833435;24:0.001625320193833435;24:0.0009914044815212408;24:0.0009914044815212408;26:0.0020816007100042666;26:0.0020816007100042666;26:0.0011237908374148176;26:0.0011237908374148176;37:0.0023329728201684774;37:0.0023329728201684774;37:0.0026477218576126393;37:0.0026477218576126393,0.004638671875,Yes
26,213.92918568788258,329.8260146442081,0.01708984375,0.01904296875,0.01513671875,2584.0,0.0004674586751603285,32.0,0.0004674586751603285,0,0.0004674586751603285,0.0004674586751603285,25:0.0019079045504484804;25:0.0019079045504484804;25:0.0014035269402839223;25:0.0014035269402839223;27:0.0015023018580131997;27:0.0015023018580131997;27:0.004123916730592703;27:0.004123916730592703,25:68.0;25:68.0;25:68.0;25:68.0;27:68.0;27:68.0;27:68.0;27:68.0,25:0.0020816007100042666;25:0.0020816007100042666;25:0.0011237908374148176;25:0.0011237908374148176;27:0.001276481913347144;27:0.001276481913347144;27:0.0012954876252060377;27:0.0012954876252060377,0.01708984375,Yes
27,255.58602560288855,171.76361198831688,0.0074462890625,0.0078125,0.008056640625,2584.0,0.000236682559667345,32.0,0.000236682559667345,0,0.000236682559667345,0.000236682559667345,17:0.0013811224622634344;17:0.0013811224622634344;17:0.002556938457476704;17:0.002556938457476704;26:0.0015023018580131997;26:0.0015023018580131997;26:0.004123916730592703;26:0.004123916730592703;28:0.001189453610979857;28:0.001189453610979857;28:0.0024196635653181697;28:0.0024196635653181697,17:68.0;17:68.0;17:68.0;17:68.0;26:68.0;26:68.0;26:68.0;26:68.0;28:68.0;28:68.0;28:68.0;28:68.0,17:0.0010292385967229922;17:0.0010292385967229922;17:0.0012281828940557682;17:0.0012281828940557682;26:0.001276481913347144;26:0.001276481913347144;26:0.0012954876252060377;26:0.0012954876252060377;28:0.000936520358458176;28:0.000936520358458176;28:0.001124589367176132;28:0.001124589367176132,0.0074462890625,Yes
28,243.4399151662898,358.9939359653599,0.0211181640625,0.024658203125,0.017578125,2584.0,0.00015085620230813524,32.0,0.00015085620230813524,0,0.00015085620230813524,0.00015085620230813524,27:0.001189453610979857;27:0.001189453610979857;27:0.0024196635653181697;27:0.0024196635653181697;29:0.0027728213463703577;29:0.0027728213463703577;29:0.0041699995122673195;29:0.0041699995122673195,27:68.0;27:68.0;27:68.0;27:68.0;29:68.0;29:68.0;29:68.0;29:68.0,27:0.000936520358458176;27:0.000936520358458176;27:0.001124589367176132;27:0.001124589367176132;29:0.0036633459831846016;29:0.0036633459831846016;29:0.0032036041410960503;29:0.0032036041410960503,0.0211181640625,Yes
29,300.4023656123473,382.3229536813109,0.0035400390625,0.00439453125,0.002685546875,2584.0,0.00012500966061062963,32.0,0.00012500966061062963,0,0.00012500966061062963,0.00012500966061062963,28:0.0027728213463703577;28:0.0027728213463703577;28:0.0041699995122673195;28:0.0041699995122673195;30:0.0010713494580351646;30:0.0010713494580351646;30:0.004681541687057533;30:0.004681541687057533;38:0.0007602423153710014;38:0.0007602423153710014;38:0.0009226815779149189;38:0.0009226815779149189,28:68.0;28:68.0;28:68.0;28:68.0;30:68.0;30:68.0;30:68.0;30:68.0;38:68.0;38:68.0;38:68.0;38:68.0,28:0.0036633459831846016;28:0.0036633459831846016;28:0.0032036041410960503;28:0.0032036041410960503;30:0.0008403329218425182;30:0.0008403329218425182;30:0.0011330985108477243;30:0.0011330985108477243;38:0.0010997182541269968;38:0.0010997182541269968;38:0.0014694190714532873;38:0.0014694190714532873,0.0035400390625,Yes
30,190.23050725906404,226.14636976283296,0.009765625,0.012451171875,0.007080078125,2584.0,0.00015080569224040498,32.0,0.00015080569224040498,0,0.00015080569224040498,0.00015080569224040498,29:0.0010713494580351646;29:0.0010713494580351646;29:0.004681541687057533;29:0.004681541687057533;31:0.003170712613796922;31:0.003170712613796922;31:0.002679105494174744;31:0.002679105494174744,29:68.0;29:68.0;29:68.0;29:68.0;31:68.0;31:68.0;31:68.0;31:68.0,29:0.0008403329218425182;29:0.0008403329218425182;29:0.0011330985108477243;29:0.0011330985108477243;31:0.0014249900826031059;31:0.0014249900826031059;31:0.0014438165298455152;31:0.0014438165298455152,0.009765625,Yes
31,133.37885720853114,165.48253433305146,0.00390625,0.006591796875,0.001220703125,2584.0,0.0003671177559099747,32.0,0.0003671177559099747,0,0.0003671177559099747,0.0003671177559099747,18:0.00475429932108154;18:0.00475429932108154;18:0.004423541388497182;18:0.004423541388497182;30:0.003170712613796922;30:0.003170712613796922;30:0.002679105494174744;30:0.002679105494174744;32:0.0017647988065643272;32:0.0017647988065643272;32:0.002131922119648244;32:0.002131922119648244,18:68.0;18:68.0;18:68.0;18:68.0;30:68.0;30:68.0;30:68.0;30:68.0;32:80.0;32:80.0;32:80.0;32:80.0,18:0.0021873880947812507;18:0.0021873880947812507;18:0.0021325536847218995;18:0.0021325536847218995;30:0.0014249900826031059;30:0.0014249900826031059;30:0.0014438165298455152;30:0.0014438165298455152;32:0.0023042469767411977;32:0.0023042469767411977;32:0.0025414827539154694;32:0.0025414827539154694,0.00390625,Yes
32,140.17889904832418,198.38334767428265,0.005126953125,0.0078125,0.00244140625,2584.0,0.00026434826498233715,32.0,0.00026434826498233715,0,0.00026434826498233715,0.00026434826498233715,31:0.0017647988065643272;31:0.0017647988065643272;31:0.002131922119648244;31:0.002131922119648244;33:0.02538222932887141;33:0.02538222932887141;33:0.02452571778925558;33:0.02452571778925558,31:80.0;31:80.0;31:80.0;31:80.0;33:68.0;33:68.0;33:68.0;33:68.0,31:0.0023042469767411977;31:0.0023042469767411977;31:0.0025414827539154694;31:0.0025414827539154694;33:0.0024445287134689797;33:0.0024445287134689797;33:0.0020547775707467075;33:0.0020547775707467075,0.005126953125,Yes
33,238.8292249609697,261.5071099429738,0.0059814453125,0.009033203125,0.0029296875,2584.0,0.00032874864771365015,32.0,0.00032874864771365015,0,0.00032874864771365015,0.00032874864771365015,32:0.02538222932887141;32:0.02538222932887141;32:0.02452571778925558;32:0.02452571778925558;34:0.0017115798542261529;34:0.0017115798542261529;34:0.000828095693606451;34:0.000828095693606451;39:0.001374198364452489;39:0.001374198364452489;39:0.003014793667591942;39:0.003014793667591942,32:68.0;32:68.0;32:68.0;32:68.0;34:68.0;34:68.0;34:68.0;34:68.0;39:68.0;39:68.0;39:68.0;39:68.0,32:0.0024445287134689797;32:0.0024445287134689797;32:0.0020547775707467075;32:0.0020547775707467075;34:0.001108904581742426;34:0.001108904581742426;34:0.0010260335061276493;34:0.0010260335061276493;39:0.0014145068786710069;39:0.0014145068786710069;39:0.001557374555358454;39:0.001557374555358454,0.0059814453125,Yes
34,210.05464451303257,222.11799192898417,0.0040283203125,0.003662109375,0.00439453125,2584.0,0.00011644092560712787,32.0,0.00011644092560712787,0,0.00011644092560712787,0.00011644092560712787,33:0.0017115798542261529;33:0.0017115798542261529;33:0.000828095693606451;33:0.000828095693606451;35:0.0013785762290322578;35:0.0013785762290322578;35:0.0047042502541671805;35:0.0047042502541671805,33:68.0;33:68.0;33:68.0;33:68.0;35:68.0;35:68.0;35:68.0;35:68.0,33:0.001108904581742426;33:0.001108904581742426;33:0.0010260335061276493;33:0.0010260335061276493;35:0.003443745447388874;35:0.003443745447388874;35:0.003382452104276207;35:0.003382452104276207,0.0040283203125,Yes
35,289.1682824825238,420.8617858157608,0.013427734375,0.011474609375,0.015380859375,2584.0,0.0001600839814198754,32.0,0.0001600839814198754,0,0.0001600839814198754,0.0001600839814198754,19:0.0009691530242888768;19:0.0009691530242888768;19:0.005350918617259753;19:0.005350918617259753;34:0.0013785762290322578;34:0.0013785762290322578;34:0.0047042502541671805;34:0.0047042502541671805,19:68.0;19:68.0;19:68.0;19:68.0;34:68.0;34:68.0;34:68.0;34:68.0,19:0.0009088220529250013;19:0.0009088220529250013;19:0.0007480954831950715;19:0.0007480954831950715;34:0.003443745447388874;34:0.003443745447388874;34:0.003382452104276207;34:0.003382452104276207,0.013427734375,Yes
36,210.81752442131238,321.4120220884951,0.004150390625,0.006103515625,0.002197265625,2584.0,0.0002209412558449375,32.0,0.0002209412558449375,0,0.0002209412558449375,0.0002209412558449375,21:0.0006628337048450172;21:0.0006628337048450172;21:0.0008779872223288188;21:0.0008779872223288188;41:0.0008074245500045429;41:0.0008074245500045429;41:0.0008939818443994552;41:0.0008939818443994552,21:68.0;21:68.0;21:68.0;21:68.0;41:68.0;41:68.0;41:68.0;41:68.0,21:0.0008576949463006411;21:0.0008576949463006411;21:0.0007332872600763485;21:0.0007332872600763485;41:0.0006545404382292397;41:0.0006545404382292397;41:0.0008581546024209741;41:0.0008581546024209741,0.004150390625,Yes
37,196.89867626176704,258.33521569841974,0.0087890625,0.009765625,0.0078125,2584.0,0.0001718961810849314,32.0,0.0001718961810849314,0,0.0001718961810849314,0.0001718961810849314,25:0.004736189275652752;25:0.004736189275652752;25:0.0040938200366546496;25:0.0040938200366546496;45:0.0060662974983220486;45:0.0060662974983220486;45:0.010378420555298112;45:0.010378420555298112,25:68.0;25:68.0;25:68.0;25:68.0;45:68.0;45:68.0;45:68.0;45:68.0,25:0.0023329728201684774;25:0.0023329728201684774;25:0.0026477218576126393;25:0.0026477218576126393;45:0.00397040111099653;45:0.00397040111099653;45:0.002762298768892585;45:0.002762298768892585,0.0087890625,Yes
38,184.6302220342472,273.44077645674923,0.0037841796875,0.006591796875,0.0009765625,2584.0,0.0003923901323006827,32.0,0.0003923901323006827,0,0.0003923901323006827,0.0003923901323006827,29:0.0007602423153710014;29:0.0007602423153710014;29:0.0009226815779149189;29:0.0009226815779149189;49:0.002900605327414707;49:0.002900605327414707;49:0.001667767418412014;49:0.001667767418412014,29:68.0;29:68.0;29:68.0;29:68.0;49:68.0;49:68.0;49:68.0;49:68.0,29:0.0010997182541269968;29:0.0010997182541269968;29:0.0014694190714532873;29:0.0014694190714532873;49:0.0015330506260348153;49:0.0015330506260348153;49:0.0018265150985141976;49:0.0018265150985141976,0.0037841796875,Yes
39,173.99753795212843,257.4638799098868,0.0096435546875,0.0087890625,0.010498046875,2584.0,0.0001830743461659187,32.0,0.0001830743461659187,0,0.0001830743461659187,0.0001830743461659187,33:0.001374198364452489;33:0.001374198364452489;33:0.003014793667591942;33:0.003014793667591942;53:0.0009674330343701354;53:0.0009674330343701354;53:0.0010596269891270105;53:0.0010596269891270105,33:68.0;33:68.0;33:68.0;33:68.0;53:68.0;53:68.0;53:68.0;53:68.0,33:0.0014145068786710069;33:0.0014145068786710069;33:0.001557374555358454;33:0.001557374555358454;53:0.0011028961805107929;53:0.0011028961805107929;53:0.001335807046279558;53:0.001335807046279558,0.0096435546875,Yes
40,157.10583937499646,241.4010229482738,0.0054931640625,0.005859375,0.005126953125,2584.0,0.00018709090955937365,32.0,0.00018709090955937365,0,0.00018709090955937365,0.00018709090955937365,41:0.00086846298166951;41:0.00086846298166951;41:0.0008112803178810246;41:0.0008112803178810246,41:68.0;41:68.0;41:68.0;41:68.0,41:0.0011001731703827455;41:0.0011001731703827455;41:0.0006876683433371111;41:0.0006876683433371111,0.0054931640625,Yes
41,275.0345293568787,317.7725194552461,0.005859375,0.0068359375,0.0048828125,2584.0,0.00012558679870900745,32.0,0.00012558679870900745,0,0.00012558679870900745,0.00012558679870900745,36:0.0008074245500045429;36:0.0008074245500045429;36:0.0008939818443994552;36:0.0008939818443994552;40:0.00086846298166951;40:0.00086846298166951;40:0.0008112803178810246;40:0.0008112803178810246;42:0.0018088043263911613;42:0.0018088043263911613;42:0.0018739679143574273;42:0.0018739679143574273,36:68.0;36:68.0;36:68.0;36:68.0;40:68.0;40:68.0;40:68.0;40:68.0;42:68.0;42:68.0;42:68.0;42:68.0,36:0.0006545404382292397;36:0.0006545404382292397;36:0.0008581546024209741;36:0.0008581546024209741;40:0.0011001731703827455;40:0.0011001731703827455;40:0.0006876683433371111;40:0.0006876683433371111;42:0.11013296280576762;42:0.11013296280576762;42:0.14005740442675071;42:0.14005740442675071,0.005859375,Yes
42,289.3920366964924,351.1371554840908,0.0272216796875,0.01123046875,0.043212890625,2584.0,0.000254371376613804,32.0,0.000254371376613804,0,0.000254371376613804,0.000254371376613804,41:0.0018088043263911613;41:0.0018088043263911613;41:0.0018739679143574273;41:0.0018739679143574273;43:0.0013931185340105567;43:0.0013931185340105567;43:0.0017102365725123747;43:0.0017102365725123747,41:68.0;41:68.0;41:68.0;41:68.0;43:68.0;43:68.0;43:68.0;43:68.0,41:0.11013296280576762;41:0.11013296280576762;41:0.14005740442675071;41:0.14005740442675071;43:1;43:1;43:1.0;43:1.0,0.0272216796875,Yes
43,278.1291246933492,375.62677157222055,0.0838623046875,0.111328125,0.056396484375,2584.0,0.00015057705948361553,32.0,0.00015057705948361553,0,0.00015057705948361553,0.00015057705948361553,42:0.0013931185340105567;42:0.0013931185340105567;42:0.0017102365725123747;42:0.0017102365725123747;44:0.0010187790334169333;44:0.0010187790334169333;44:0.0008704895697112247;44:0.0008704895697112247;56:0.0012424611898234073;56:0.0012424611898234073;56:0.0011919417048807668;56:0.0011919417048807668,42:68.0;42:68.0;42:68.0;42:68.0;44:68.0;44:68.0;44:68.0;44:68.0;56:68.0;56:68.0;56:68.0;56:68.0,42:1;42:1;42:1.0;42:1.0;44:0.0008214436776284861;44:0.0008214436776284861;44:0.0010894964206614177;44:0.0010894964206614177;56:0.0012839095413437196;56:0.0012839095413437196;56:0.0013434773822555979;56:0.0013434773822555979,0.0838623046875,Yes
44,196.58082928975855,255.33746950582068,0.0035400390625,0.0048828125,0.00244140625,2584.0,0.0005399944628067579,32.0,0.0005399944628067579,0,0.0005399944628067579,0.0005399944628067579,43:0.0010187790334169333;43:0.0010187790334169333;43:0.0008704895697112247;43:0.0008704895697112247;45:0.0008822933917320419;45:0.0008822933917320419;45:0.003846549648215375;45:0.003846549648215375,43:68.0;43:68.0;43:68.0;43:68.0;45:68.0;45:68.0;45:68.0;45:68.0,43:0.0008214436776284861;43:0.0008214436776284861;43:0.0010894964206614177;43:0.0010894964206614177;45:0.003090536955668355;45:0.003090536955668355;45:0.0010872644814324817;45:0.0010872644814324817,0.0035400390625,Yes
45,312.629694765151,245.3046272849941,0.0028076171875,0.002685546875,0.0029296875,2584.0,0.0003862710194560919,32.0,0.0003862710194560919,0,0.0003862710194560919,0.0003862710194560919,37:0.0060662974983220486;37:0.0060662974983220486;37:0.010378420555298112;37:0.010378420555298112;44:0.0008822933917320419;44:0.0008822933917320419;44:0.003846549648215375;44:0.003846549648215375;46:0.0030651090165004224;46:0.0030651090165004224;46:0.003963697947147626;46:0.003963697947147626,37:68.0;37:68.0;37:68.0;37:68.0;44:68.0;44:68.0;44:68.0;44:68.0;46:68.0;46:68.0;46:68.0;46:68.0,37:0.00397040111099653;37:0.00397040111099653;37:0.002762298768892585;37:0.002762298768892585;44:0.003090536955668355;44:0.003090536955668355;44:0.0010872644814324817;44:0.0010872644814324817;46:0.0031676315065947147;46:0.0031676315065947147;46:0.0031681076710221856;46:0.0031681076710221856,0.0028076171875,Yes
46,40.06824108626518,72.11871795352747,0.0234375,0.04443359375,0.00244140625,2584.0,0.0014828095633036636,32.0,0.0014828095633036636,0,0.0014828095633036636,0.0014828095633036636,45:0.0030651090165004224;45:0.0030651090165004224;45:0.003963697947147626;45:0.003963697947147626;47:0.00466156040546073;47:0.00466156040546073;47:0.004954462279607108;47:0.004954462279607108,45:68.0;45:68.0;45:68.0;45:68.0;47:68.0;47:68.0;47:68.0;47:68.0,45:0.0031676315065947147;45:0.0031676315065947147;45:0.0031681076710221856;45:0.0031681076710221856;47:0.016623752773170852;47:0.016623752773170852;47:0.01926797420763357;47:0.01926797420763357,0.0234375,Yes
47,98.65225856098446,158.28127336210244,0.0050048828125,0.00634765625,0.003662109375,2584.0,0.00013433237679682372,32.0,0.00013433237679682372,0,0.00013433237679682372,0.00013433237679682372,46:0.00466156040546073;46:0.00466156040546073;46:0.004954462279607108;46:0.004954462279607108;48:0.013390122223093354;48:0.013390122223093354;48:0.021985755066548096;48:0.021985755066548096;57:0.0019169978135553933;57:0.0019169978135553933;57:0.001930870370449117;57:0.001930870370449117,46:68.0;46:68.0;46:68.0;46:68.0;48:68.0;48:68.0;48:68.0;48:68.0;57:68.0;57:68.0;57:68.0;57:68.0,46:0.016623752773170852;46:0.016623752773170852;46:0.01926797420763357;46:0.01926797420763357;48:0.009193797335598136;48:0.009193797335598136;48:0.010687620298822975;48:0.010687620298822975;57:0.0012845879337553823;57:0.0012845879337553823;57:0.0015847807097829902;57:0.0015847807097829902,0.0050048828125,Yes
48,240.86790438098652,397.4774340833988,0.0023193359375,0.0029296875,0.001708984375,2584.0,0.00013227907512928768,32.0,0.00013227907512928768,0,0.00013227907512928768,0.00013227907512928768,47:0.013390122223093354;47:0.013390122223093354;47:0.021985755066548096;47:0.021985755066548096;49:0.0009776575907246288;49:0.0009776575907246288;49:0.0009532243738097634;49:0.0009532243738097634,47:68.0;47:68.0;47:68.0;47:68.0;49:68.0;49:68.0;49:68.0;49:68.0,47:0.009193797335598136;47:0.009193797335598136;47:0.010687620298822975;47:0.010687620298822975;49:0.0009308507834998314;49:0.0009308507834998314;49:0.000792100221732206;49:0.000792100221732206,0.0023193359375,Yes
49,259.3735798412929,521.5615570429025,0.01220703125,0.020751953125,0.003662109375,2584.0,0.00013962692414276704,32.0,0.00013962692414276704,0,0.00013962692414276704,0.00013962692414276704,38:0.002900605327414707;38:0.002900605327414707;38:0.001667767418412014;38:0.001667767418412014;48:0.0009776575907246288;48:0.0009776575907246288;48:0.0009532243738097634;48:0.0009532243738097634;50:0.026046033249672168;50:0.026046033249672168;50:0.028885710147954657;50:0.028885710147954657,38:68.0;38:68.0;38:68.0;38:68.0;48:68.0;48:68.0;48:68.0;48:68.0;50:68.0;50:68.0;50:68.0;50:68.0,38:0.0015330506260348153;38:0.0015330506260348153;38:0.0018265150985141976;38:0.0018265150985141976;48:0.0009308507834998314;48:0.0009308507834998314;48:0.000792100221732206;48:0.000792100221732206;50:0.009678714793559112;50:0.009678714793559112;50:0.011216423775338241;50:0.011216423775338241,0.01220703125,Yes
50,147.79696729133798,158.05986138590518,0.00732421875,0.010009765625,0.004638671875,2584.0,0.00021495418492053462,32.0,0.00021495418492053462,0,0.00021495418492053462,0.00021495418492053462,49:0.026046033249672168;49:0.026046033249672168;49:0.028885710147954657;49:0.028885710147954657;51:0.0018246873688736454;51:0.0018246873688736454;51:0.001824782887821813;51:0.001824782887821813,49:68.0;49:68.0;49:68.0;49:68.0;51:68.0;51:68.0;51:68.0;51:68.0,49:0.009678714793559112;49:0.009678714793559112;49:0.011216423775338241;49:0.011216423775338241;51:0.001826684841666898;51:0.001826684841666898;51:0.0021546195161402937;51:0.0021546195161402937,0.00732421875,Yes
51,224.7478755843892,409.13806752296324,0.0068359375,0.00830078125,0.00537109375,2584.0,0.00019279534027041086,32.0,0.00019279534027041086,0,0.00019279534027041086,0.00019279534027041086,50:0.0018246873688736454;50:0.0018246873688736454;50:0.001824782887821813;50:0.001824782887821813;52:0.0015735089735658403;52:0.0015735089735658403;52:0.0012301365573905432;52:0.0012301365573905432;58:0.002367587407811428;58:0.002367587407811428;58:0.0008787654264508782;58:0.0008787654264508782,50:68.0;50:68.0;50:68.0;50:68.0;52:68.0;52:68.0;52:68.0;52:68.0;58:68.0;58:68.0;58:68.0;58:68.0,50:0.001826684841666898;50:0.001826684841666898;50:0.0021546195161402937;50:0.0021546195161402937;52:0.0028738301343435024;52:0.0028738301343435024;52:0.0023860144437501396;52:0.0023860144437501396;58:0.0013595153248792957;58:0.0013595153248792957;58:0.003833196121062754;58:0.003833196121062754,0.0068359375,Yes
52,302.10893675573305,432.0038428793359,0.0096435546875,0.010498046875,0.0087890625,2584.0,0.0002854904209588036,32.0,0.0002854904209588036,0,0.0002854904209588036,0.0002854904209588036,51:0.0015735089735658403;51:0.0015735089735658403;51:0.0012301365573905432;51:0.0012301365573905432;53:0.001698204536177611;53:0.001698204536177611;53:0.0022602497445752545;53:0.0022602497445752545,51:68.0;51:68.0;51:68.0;51:68.0;53:68.0;53:68.0;53:68.0;53:68.0,51:0.0028738301343435024;51:0.0028738301343435024;51:0.0023860144437501396;51:0.0023860144437501396;53:0.005060269589448024;53:0.005060269589448024;53:0.002648043010211071;53:0.002648043010211071,0.0096435546875,Yes
53,293.6532422286022,273.4037782289206,0.01318359375,0.009765625,0.0166015625,2584.0,0.00022584873996012267,32.0,0.00022584873996012267,0,0.00022584873996012267,0.00022584873996012267,39:0.0009674330343701354;39:0.0009674330343701354;39:0.0010596269891270105;39:0.0010596269891270105;52:0.001698204536177611;52:0.001698204536177611;52:0.0022602497445752545;52:0.0022602497445752545;54:0.0013923759289569404;54:0.0013923759289569404;54:0.0008080855412073984;54:0.0008080855412073984,39:68.0;39:68.0;39:68.0;39:68.0;52:68.0;52:68.0;52:68.0;52:68.0;54:68.0;54:68.0;54:68.0;54:68.0,39:0.0011028961805107929;39:0.0011028961805107929;39:0.001335807046279558;39:0.001335807046279558;52:0.005060269589448024;52:0.005060269589448024;52:0.002648043010211071;52:0.002648043010211071;54:0.001372534781597351;54:0.001372534781597351;54:0.0008908814938514142;54:0.0008908814938514142,0.01318359375,Yes
54,185.68619038548613,264.78861690352846,0.0072021484375,0.006103515625,0.00830078125,2584.0,0.00030500634462319096,32.0,0.00030500634462319096,0,0.00030500634462319096,0.00030500634462319096,53:0.0013923759289569404;53:0.0013923759289569404;53:0.0008080855412073984;53:0.0008080855412073984;55:0.0018253904511214003;55:0.0018253904511214003;55:0.0040309392738929195;55:0.0040309392738929195,53:68.0;53:68.0;53:68.0;53:68.0;55:68.0;55:68.0;55:68.0;55:68.0,53:0.001372534781597351;53:0.001372534781597351;53:0.0008908814938514142;53:0.0008908814938514142;55:0.001227363286826516;55:0.001227363286826516;55:0.0010844501195379497;55:0.0010844501195379497,0.0072021484375,Yes
55,139.83083594043575,206.01737838221587,0.0072021484375,0.01123046875,0.003173828125,2584.0,0.0001336093858879388,32.0,0.0001336093858879388,0,0.0001336093858879388,0.0001336093858879388,54:0.0018253904511214003;54:0.0018253904511214003;54:0.0040309392738929195;54:0.0040309392738929195;59:0.003908961061563687;59:0.003908961061563687;59:0.005522090230773907;59:0.005522090230773907,54:68.0;54:68.0;54:68.0;54:68.0;59:68.0;59:68.0;59:68.0;59:68.0,54:0.001227363286826516;54:0.001227363286826516;54:0.0010844501195379497;54:0.0010844501195379497;59:0.0029676994493813835;59:0.0029676994493813835;59:0.002949955457777098;59:0.002949955457777098,0.0072021484375,Yes
56,261.6384313141541,382.1469208863623,0.0067138671875,0.010498046875,0.0029296875,2584.0,0.00024266071607840044,32.0,0.00024266071607840044,0,0.00024266071607840044,0.00024266071607840044,43:0.0012424611898234073;43:0.0012424611898234073;43:0.0011919417048807668;43:0.0011919417048807668;63:0.002972265996716489;63:0.002972265996716489;63:0.0017061926182430076;63:0.0017061926182430076,43:68.0;43:68.0;43:68.0;43:68.0;63:68.0;63:68.0;63:68.0;63:68.0,43:0.0012839095413437196;43:0.0012839095413437196;43:0.0013434773822555979;43:0.0013434773822555979;63:0.0028611101378681336;63:0.0028611101378681336;63:0.0016875989943738456;63:0.0016875989943738456,0.0067138671875,Yes
57,220.22129762044116,332.99266603816903,0.0035400390625,0.006103515625,0.0009765625,2584.0,0.0002505846401962428,32.0,0.0002505846401962428,0,0.0002505846401962428,0.0002505846401962428,47:0.0019169978135553933;47:0.0019169978135553933;47:0.001930870370449117;47:0.001930870370449117;67:0.0013066216043000622;67:0.0013066216043000622;67:0.001717246656925242;67:0.001717246656925242,47:68.0;47:68.0;47:68.0;47:68.0;67:68.0;67:68.0;67:68.0;67:68.0,47:0.0012845879337553823;47:0.0012845879337553823;47:0.0015847807097829902;47:0.0015847807097829902;67:0.0014808828165308319;67:0.0014808828165308319;67:0.0018070718588861223;67:0.0018070718588861223,0.0035400390625,Yes
58,254.50518095688676,366.6588705231035,0.0054931640625,0.005859375,0.005126953125,2584.0,0.00018616447275079394,32.0,0.00018616447275079394,0,0.00018616447275079394,0.00018616447275079394,51:0.002367587407811428;51:0.002367587407811428;51:0.0008787654264508782;51:0.0008787654264508782;71:0.0009944047343969642;71:0.0009944047343969642;71:0.000986887499926481;71:0.000986887499926481,51:68.0;51:68.0;51:68.0;51:68.0;71:68.0;71:68.0;71:68.0;71:68.0,51:0.0013595153248792957;51:0.0013595153248792957;51:0.003833196121062754;51:0.003833196121062754;71:0.0008630232447939812;71:0.0008630232447939812;71:0.0008793301030199652;71:0.0008793301030199652,0.0054931640625,Yes
59,179.6599963865,220.94884895885315,0.0098876953125,0.013916015625,0.005859375,2584.0,0.00034282064922492694,32.0,0.00034282064922492694,0,0.00034282064922492694,0.00034282064922492694,55:0.003908961061563687;55:0.003908961061563687;55:0.005522090230773907;55:0.005522090230773907;75:0.0013244850468967784;75:0.0013244850468967784;75:0.001263846404662039;75:0.001263846404662039,55:68.0;55:68.0;55:68.0;55:68.0;75:68.0;75:68.0;75:68.0;75:68.0,55:0.0029676994493813835;55:0.0029676994493813835;55:0.002949955457777098;55:0.002949955457777098;75:0.0010910462198051862;75:0.0010910462198051862;75:0.0011726687489844734;75:0.0011726687489844734,0.0098876953125,Yes
60,240.55716278151917,415.80463713541815,0.0064697265625,0.007568359375,0.00537109375,2584.0,0.00025386077798399863,32.0,0.00025386077798399863,0,0.00025386077798399863,0.00025386077798399863,61:0.002027997449792901;61:0.002027997449792901;61:0.0014985361582793288;61:0.0014985361582793288,61:68.0;61:68.0;61:68.0;61:68.0,61:0.0012272205796934887;61:0.0012272205796934887;61:0.0014494496646346444;61:0.0014494496646346444,0.0064697265625,Yes
61,233.35123740875585,285.80888372537225,0.0050048828125,0.00732421875,0.00439453125,2584.0,0.0001821128890373684,32.0,0.0001821128890373684,0,0.0001821128890373684,0.0001821128890373684,60:0.002027997449792901;60:0.002027997449792901;60:0.0014985361582793288;60:0.0014985361582793288;62:0.0659694817762303;62:0.0659694817762303;62:0.1255751123529681;62:0.1255751123529681;76:0.0024902009317143425;76:0.0024902009317143425;76:0.0026348483846559134;76:0.0026348483846559134,60:68.0;60:68.0;60:68.0;60:68.0;62:68.0;62:68.0;62:68.0;62:68.0;76:68.0;76:68.0;76:68.0;76:68.0,60:0.0012272205796934887;60:0.0012272205796934887;60:0.0014494496646346444;60:0.0014494496646346444;62:0.11121420984586713;62:0.11121420984586713;62:0.11121420984586713;62:0.11121420984586713;76:0.0027611514223289113;76:0.0027611514223289113;76:0.0022570164323950925;76:0.0022570164323950925,0.0050048828125,Yes
62,58.92233100378539,64.52604768555625,0.1214599609375,0.112548828125,0.13037109375,2584.0,0.008060436357831604,32.0,0.008060436357831604,0,0.008060436357831604,0.008060436357831604,61:0.0659694817762303;61:0.0659694817762303;61:0.1255751123529681;61:0.1255751123529681;63:0.07131194169606306;63:0.07131194169606306;63:0.07177196631537966;63:0.07177196631537966,61:68.0;61:68.0;61:68.0;61:68.0;63:68.0;63:68.0;63:68.0;63:68.0,61:0.11121420984586713;61:0.11121420984586713;61:0.11121420984586713;61:0.11121420984586713;63:0.1578408667698745;63:0.1578408667698745;63:0.13967779121193602;63:0.13967779121193602,0.1214599609375,Yes
63,253.88321100093222,305.8122243219349,0.0245361328125,0.038330078125,0.0107421875,2584.0,0.0006973566576465271,32.0,0.0006973566576465271,0,0.0006973566576465271,0.0006973566576465271,56:0.002972265996716489;56:0.002972265996716489;56:0.0017061926182430076;56:0.0017061926182430076;62:0.07131194169606306;62:0.07131194169606306;62:0.07177196631537966;62:0.07177196631537966;64:0.011652305258831125;64:0.011652305258831125;64:0.0014453359561854284;64:0.0014453359561854284,56:68.0;56:68.0;56:68.0;56:68.0;62:68.0;62:68.0;62:68.0;62:68.0;64:80.0;64:80.0;64:80.0;64:80.0,56:0.0028611101378681336;56:0.0028611101378681336;56:0.0016875989943738456;56:0.0016875989943738456;62:0.1578408667698745;62:0.1578408667698745;62:0.13967779121193602;62:0.13967779121193602;64:0.008151473089910238;64:0.008151473089910238;64:0.0018394526634255004;64:0.0018394526634255004,0.0245361328125,Yes
64,202.39821146389363,228.53626410260964,0.004150390625,0.006591796875,0.001708984375,2584.0,0.00018953162747822717,32.0,0.00018953162747822717,0,0.00018953162747822717,0.00018953162747822717,63:0.011652305258831125;63:0.011652305258831125;63:0.0014453359561854284;63:0.0014453359561854284;65:0.0071849754162794655;65:0.0071849754162794655;65:0.0016952159670128863;65:0.0016952159670128863,63:80.0;63:80.0;63:80.0;63:80.0;65:68.0;65:68.0;65:68.0;65:68.0,63:0.008151473089910238;63:0.008151473089910238;63:0.0018394526634255004;63:0.0018394526634255004;65:0.005049756760853369;65:0.005049756760853369;65:0.001373229931499742;65:0.001373229931499742,0.004150390625,Yes
65,162.98773524747742,170.5950652517381,0.0028076171875,0.002197265625,0.00341796875,2584.0,0.0002464758762083312,32.0,0.0002464758762083312,0,0.0002464758762083312,0.0002464758762083312,64:0.0071849754162794655;64:0.0071849754162794655;64:0.0016952159670128863;64:0.0016952159670128863;66:0.00080614217224248;66:0.00080614217224248;66:0.0009056239587501014;66:0.0009056239587501014;77:0.00135757612033785;77:0.00135757612033785;77:0.0012702289519608834;77:0.0012702289519608834,64:68.0;64:68.0;64:68.0;64:68.0;66:100.0;66:100.0;66:100.0;66:100.0;77:68.0;77:68.0;77:68.0;77:68.0,64:0.005049756760853369;64:0.005049756760853369;64:0.001373229931499742;64:0.001373229931499742;66:0.0008401032092223426;66:0.0008401032092223426;66:0.0010529524644343202;66:0.0010529524644343202;77:0.0010639703432192282;77:0.0010639703432192282;77:0.0013327574625956462;77:0.0013327574625956462,0.0028076171875,Yes
66,160.0764829305835,173.6469378860039,0.005126953125,0.006591796875,0.003662109375,2584.0,0.00013801362284977564,32.0,0.00013801362284977564,0,0.00013801362284977564,0.00013801362284977564,65:0.00080614217224248;65:0.00080614217224248;65:0.0009056239587501014;65:0.0009056239587501014;67:0.0010800094255516701;67:0.0010800094255516701;67:0.0010930304616530995;67:0.0010930304616530995,65:100.0;65:100.0;65:100.0;65:100.0;67:68.0;67:68.0;67:68.0;67:68.0,65:0.0008401032092223426;65:0.0008401032092223426;65:0.0010529524644343202;65:0.0010529524644343202;67:0.0010131530621108609;67:0.0010131530621108609;67:0.0010953837272032751;67:0.0010953837272032751,0.005126953125,Yes
67,355.69195005278345,295.878772008767,0.006103515625,0.009765625,0.00244140625,2584.0,0.00022716762940668925,32.0,0.00022716762940668925,0,0.00022716762940668925,0.00022716762940668925,57:0.0013066216043000622;57:0.0013066216043000622;57:0.001717246656925242;57:0.001717246656925242;66:0.0010800094255516701;66:0.0010800094255516701;66:0.0010930304616530995;66:0.0010930304616530995;68:0.0024365392132181807;68:0.0024365392132181807;68:0.0012480712149470219;68:0.0012480712149470219,57:68.0;57:68.0;57:68.0;57:68.0;66:68.0;66:68.0;66:68.0;66:68.0;68:68.0;68:68.0;68:68.0;68:68.0,57:0.0014808828165308319;57:0.0014808828165308319;57:0.0018070718588861223;57:0.0018070718588861223;66:0.0010131530621108609;66:0.0010131530621108609;66:0.0010953837272032751;66:0.0010953837272032751;68:0.0019331111870972695;68:0.0019331111870972695;68:0.0027432864652832123;68:0.0027432864652832123,0.006103515625,Yes
68,285.5539022320003,279.42608276675406,0.0035400390625,0.004638671875,0.00244140625,2584.0,0.000114443140626284,32.0,0.000114443140626284,0,0.000114443140626284,0.000114443140626284,67:0.0024365392132181807;67:0.0024365392132181807;67:0.0012480712149470219;67:0.0012480712149470219;69:0.004064261293795113;69:0.004064261293795113;69:0.003268199646269926;69:0.003268199646269926,67:68.0;67:68.0;67:68.0;67:68.0;69:68.0;69:68.0;69:68.0;69:68.0,67:0.0019331111870972695;67:0.0019331111870972695;67:0.0027432864652832123;67:0.0027432864652832123;69:0.004963906221086362;69:0.004963906221086362;69:0.0008845789849273311;69:0.0008845789849273311,0.0035400390625,Yes
69,255.09377424433447,338.35359067360696,0.02294921875,0.038818359375,0.007080078125,2584.0,0.00021052126677825067,32.0,0.00021052126677825067,0,0.00021052126677825067,0.00021052126677825067,68:0.004064261293795113;68:0.004064261293795113;68:0.003268199646269926;68:0.003268199646269926;70:0.001656598421267197;70:0.001656598421267197;70:0.0024478983951054523;70:0.0024478983951054523;78:0.0014981886449979276;78:0.0014981886449979276;78:0.002037671850582373;78:0.002037671850582373,68:68.0;68:68.0;68:68.0;68:68.0;70:68.0;70:68.0;70:68.0;70:68.0;78:68.0;78:68.0;78:68.0;78:68.0,68:0.004963906221086362;68:0.004963906221086362;68:0.0008845789849273311;68:0.0008845789849273311;70:0.0009674196858134587;70:0.0009674196858134587;70:0.0025264502154507817;70:0.0025264502154507817;78:0.0010108413670779637;78:0.0010108413670779637;78:0.0012186907795095625;78:0.0012186907795095625,0.02294921875,Yes
70,233.65623956058323,326.13036028158814,0.004150390625,0.007080078125,0.001220703125,2584.0,0.0001401210318856334,32.0,0.0001401210318856334,0,0.0001401210318856334,0.0001401210318856334,69:0.001656598421267197;69:0.001656598421267197;69:0.0024478983951054523;69:0.0024478983951054523;71:0.0020730587860946503;71:0.0020730587860946503;71:0.002084197940624255;71:0.002084197940624255,69:68.0;69:68.0;69:68.0;69:68.0;71:68.0;71:68.0;71:68.0;71:68.0,69:0.0009674196858134587;69:0.0009674196858134587;69:0.0025264502154507817;69:0.0025264502154507817;71:0.0029473928761143964;71:0.0029473928761143964;71:0.003426267642797687;71:0.003426267642797687,0.004150390625,Yes
71,323.5294668559202,359.1764116314858,0.0052490234375,0.008056640625,0.00244140625,2584.0,0.000157056273169441,32.0,0.000157056273169441,0,0.000157056273169441,0.000157056273169441,58:0.0009944047343969642;58:0.0009944047343969642;58:0.000986887499926481;58:0.000986887499926481;70:0.0020730587860946503;70:0.0020730587860946503;70:0.002084197940624255;70:0.002084197940624255;72:0.0009526348177861799;72:0.0009526348177861799;72:0.001001129389865435;72:0.001001129389865435,58:68.0;58:68.0;58:68.0;58:68.0;70:68.0;70:68.0;70:68.0;70:68.0;72:68.0;72:68.0;72:68.0;72:68.0,58:0.0008630232447939812;58:0.0008630232447939812;58:0.0008793301030199652;58:0.0008793301030199652;70:0.0029473928761143964;70:0.0029473928761143964;70:0.003426267642797687;70:0.003426267642797687;72:0.0007757105859061975;72:0.0007757105859061975;72:0.0009989625703974159;72:0.0009989625703974159,0.0052490234375,Yes
72,185.88228856493865,209.93832448267744,0.008056640625,0.010986328125,0.005126953125,2584.0,0.00014294520046160967,32.0,0.00014294520046160967,0,0.00014294520046160967,0.00014294520046160967,71:0.0009526348177861799;71:0.0009526348177861799;71:0.001001129389865435;71:0.001001129389865435;73:0.001051998667897236;73:0.001051998667897236;73:0.0012512736753829412;73:0.0012512736753829412,71:68.0;71:68.0;71:68.0;71:68.0;73:68.0;73:68.0;73:68.0;73:68.0,71:0.0007757105859061975;71:0.0007757105859061975;71:0.0009989625703974159;71:0.0009989625703974159;73:0.0008983858648232146;73:0.0008983858648232146;73:0.0011483522507778898;73:0.0011483522507778898,0.008056640625,Yes
73,295.2954977619678,341.80297886996755,0.007568359375,0.008056640625,0.007080078125,2584.0,0.00027435698292067027,32.0,0.00027435698292067027,0,0.00027435698292067027,0.00027435698292067027,72:0.001051998667897236;72:0.001051998667897236;72:0.0012512736753829412;72:0.0012512736753829412;74:0.0012311174391894941;74:0.0012311174391894941;74:0.0011510570993266134;74:0.0011510570993266134;79:0.004721639492920288;79:0.004721639492920288;79:0.0037864486694331456;79:0.0037864486694331456,72:68.0;72:68.0;72:68.0;72:68.0;74:68.0;74:68.0;74:68.0;74:68.0;79:68.0;79:68.0;79:68.0;79:68.0,72:0.0008983858648232146;72:0.0008983858648232146;72:0.0011483522507778898;72:0.0011483522507778898;74:0.0009723327659539316;74:0.0009723327659539316;74:0.0010150299776423566;74:0.0010150299776423566;79:0.0028881176674442066;79:0.0028881176674442066;79:0.002804253355772446;79:0.002804253355772446,0.007568359375,Yes
74,242.1935544926295,329.3897865071082,0.00537109375,0.00634765625,0.00439453125,2584.0,0.00033560549681343175,32.0,0.00033560549681343175,0,0.00033560549681343175,0.00033560549681343175,73:0.0012311174391894941;73:0.0012311174391894941;73:0.0011510570993266134;73:0.0011510570993266134;75:0.008461617044972142;75:0.008461617044972142;75:0.0061547092236168;75:0.0061547092236168,73:68.0;73:68.0;73:68.0;73:68.0;75:68.0;75:68.0;75:68.0;75:68.0,73:0.0009723327659539316;73:0.0009723327659539316;73:0.0010150299776423566;73:0.0010150299776423566;75:0.0018214549363937127;75:0.0018214549363937127;75:0.0024610914558507446;75:0.0024610914558507446,0.00537109375,Yes
75,213.9605192096739,287.9752487691523,0.0054931640625,0.0078125,0.003173828125,2584.0,0.00022169185391476335,32.0,0.00022169185391476335,0,0.00022169185391476335,0.00022169185391476335,59:0.0013244850468967784;59:0.0013244850468967784;59:0.001263846404662039;59:0.001263846404662039;74:0.008461617044972142;74:0.008461617044972142;74:0.0061547092236168;74:0.0061547092236168,59:68.0;59:68.0;59:68.0;59:68.0;74:68.0;74:68.0;74:68.0;74:68.0,59:0.0010910462198051862;59:0.0010910462198051862;59:0.0011726687489844734;59:0.0011726687489844734;74:0.0018214549363937127;74:0.0018214549363937127;74:0.0024610914558507446;74:0.0024610914558507446,0.0054931640625,Yes
76,179.2715222627117,241.91682027706108,0.003662109375,0.005859375,0.00146484375,2584.0,0.0003430384685197021,32.0,0.0003430384685197021,0,0.0003430384685197021,0.0003430384685197021,61:0.0024902009317143425;61:0.0024902009317143425;61:0.0026348483846559134;61:0.0026348483846559134;81:0.0015541726046243154;81:0.0015541726046243154;81:0.0014894691006713534;81:0.0014894691006713534,61:68.0;61:68.0;61:68.0;61:68.0;81:68.0;81:68.0;81:68.0;81:68.0,61:0.0027611514223289113;61:0.0027611514223289113;61:0.0022570164323950925;61:0.0022570164323950925;81:0.0015885497344635957;81:0.0015885497344635957;81:0.001394327857902583;81:0.001394327857902583,0.003662109375,Yes
77,208.1119960674173,260.0454146521861,0.004638671875,0.0078125,0.00146484375,2584.0,0.0001693852829318417,32.0,0.0001693852829318417,0,0.0001693852829318417,0.0001693852829318417,65:0.00135757612033785;65:0.00135757612033785;65:0.0012702289519608834;65:0.0012702289519608834;85:0.001536730576981199;85:0.001536730576981199;85:0.01338055980631378;85:0.01338055980631378,65:68.0;65:68.0;65:68.0;65:68.0;85:68.0;85:68.0;85:68.0;85:68.0,65:0.0010639703432192282;65:0.0010639703432192282;65:0.0013327574625956462;65:0.0013327574625956462;85:0.0014597739678235966;85:0.0014597739678235966;85:0.002160867985140008;85:0.002160867985140008,0.004638671875,Yes
78,234.09180029523273,355.5433361795565,0.00390625,0.015625,0.001953125,2584.0,0.00013555200933828337,32.0,0.00013555200933828337,0,0.00013555200933828337,0.00013555200933828337,69:0.0014981886449979276;69:0.0014981886449979276;69:0.002037671850582373;69:0.002037671850582373;89:0.0012382179577099806;89:0.0012382179577099806;89:0.0014282207872109431;89:0.0014282207872109431,69:68.0;69:68.0;69:68.0;69:68.0;89:68.0;89:68.0;89:68.0;89:68.0,69:0.0010108413670779637;69:0.0010108413670779637;69:0.0012186907795095625;69:0.0012186907795095625;89:0.0013146772835603837;89:0.0013146772835603837;89:0.0012930693558352857;89:0.0012930693558352857,0.00390625,Yes
79,213.60753353255956,346.08701006016827,0.0067138671875,0.006103515625,0.00732421875,2584.0,0.00019744497222593823,32.0,0.00019744497222593823,0,0.00019744497222593823,0.00019744497222593823,73:0.004721639492920288;73:0.004721639492920288;73:0.0037864486694331456;73:0.0037864486694331456;93:0.0015049146560656146;93:0.0015049146560656146;93:0.005043316704361117;93:0.005043316704361117,73:68.0;73:68.0;73:68.0;73:68.0;93:68.0;93:68.0;93:68.0;93:68.0,73:0.0028881176674442066;73:0.0028881176674442066;73:0.002804253355772446;73:0.002804253355772446;93:0.0056774886622877885;93:0.0056774886622877885;93:0.0013883027213722199;93:0.0013883027213722199,0.0067138671875,Yes
80,295.3904067944521,416.493951763561,0.0162353515625,0.020751953125,0.01171875,2584.0,9.956360711009704e-05,32.0,9.956360711009704e-05,0,9.956360711009704e-05,9.956360711009704e-05,81:1;81:1;81:0.001205957644131811;81:0.001205957644131811,81:68.0;81:68.0;81:68.0;81:68.0,81:1;81:1;81:0.004813272254581835;81:0.004813272254581835,0.0162353515625,Yes
81,149.2351524928386,161.3051807269344,0.003662109375,0.00537109375,0.001953125,2584.0,0.00028666029590469647,32.0,0.00028666029590469647,0,0.00028666029590469647,0.00028666029590469647,76:0.0015541726046243154;76:0.0015541726046243154;76:0.0014894691006713534;76:0.0014894691006713534;80:1;80:1;80:0.001205957644131811;80:0.001205957644131811;82:0.0020417453089525694;82:0.0020417453089525694;82:0.0016606019576392017;82:0.0016606019576392017,76:68.0;76:68.0;76:68.0;76:68.0;80:68.0;80:68.0;80:68.0;80:68.0;82:68.0;82:68.0;82:68.0;82:68.0,76:0.0015885497344635957;76:0.0015885497344635957;76:0.001394327857902583;76:0.001394327857902583;80:1;80:1;80:0.004813272254581835;80:0.004813272254581835;82:0.001668144125974158;82:0.001668144125974158;82:0.0022693464468621083;82:0.0022693464468621083,0.003662109375,Yes
82,151.78016367226746,211.2827892406454,0.0267333984375,0.0322265625,0.021240234375,2584.0,0.0005618602762804289,32.0,0.0005618602762804289,0,0.0005618602762804289,0.0005618602762804289,81:0.0020417453089525694;81:0.0020417453089525694;81:0.0016606019576392017;81:0.0016606019576392017;83:0.001920910951285909;83:0.001920910951285909;83:0.00220212384183191;83:0.00220212384183191,81:68.0;81:68.0;81:68.0;81:68.0;83:68.0;83:68.0;83:68.0;83:68.0,81:0.001668144125974158;81:0.001668144125974158;81:0.0022693464468621083;81:0.0022693464468621083;83:0.0017142724662242703;83:0.0017142724662242703;83:0.001556407190337783;83:0.001556407190337783,0.0267333984375,Yes
83,290.46474727616084,368.6189189504307,0.00439453125,0.00732421875,0.00146484375,2584.0,0.00047004346444236793,32.0,0.00047004346444236793,0,0.00047004346444236793,0.00047004346444236793,82:0.001920910951285909;82:0.001920910951285909;82:0.00220212384183191;82:0.00220212384183191;84:0.0019438134526963413;84:0.0019438134526963413;84:0.0026412595334157907;84:0.0026412595334157907;96:0.007239495165730914;96:0.007239495165730914;96:0.002328575194167626;96:0.002328575194167626,82:68.0;82:68.0;82:68.0;82:68.0;84:68.0;84:68.0;84:68.0;84:68.0;96:68.0;96:68.0;96:68.0;96:68.0,82:0.0017142724662242703;82:0.0017142724662242703;82:0.001556407190337783;82:0.001556407190337783;84:0.002290846848205741;84:0.002290846848205741;84:0.0032943714193962026;84:0.0032943714193962026;96:0.0016942660162247714;96:0.0016942660162247714;96:0.0016118395443767142;96:0.0016118395443767142,0.00439453125,Yes
84,67.1827275749969,106.89247208130884,0.0098876953125,0.013671875,0.006103515625,2584.0,0.0002340541854793421,32.0,0.0002340541854793421,0,0.0002340541854793421,0.0002340541854793421,83:0.0019438134526963413;83:0.0019438134526963413;83:0.0026412595334157907;83:0.0026412595334157907;85:0.0038197683015857575;85:0.0038197683015857575;85:0.005266047486516379;85:0.005266047486516379,83:68.0;83:68.0;83:68.0;83:68.0;85:68.0;85:68.0;85:68.0;85:68.0,83:0.002290846848205741;83:0.002290846848205741;83:0.0032943714193962026;83:0.0032943714193962026;85:0.002873640936118166;85:0.002873640936118166;85:0.003647251024075121;85:0.003647251024075121,0.0098876953125,Yes
85,326.29230203800665,298.52513216969936,0.00830078125,0.009765625,0.0068359375,2584.0,0.0002987122377502628,32.0,0.0002987122377502628,0,0.0002987122377502628,0.0002987122377502628,77:0.001536730576981199;77:0.001536730576981199;77:0.01338055980631378;77:0.01338055980631378;84:0.0038197683015857575;84:0.0038197683015857575;84:0.005266047486516379;84:0.005266047486516379;86:0.010511342648389627;86:0.010511342648389627;86:0.013792015051451528;86:0.013792015051451528,77:68.0;77:68.0;77:68.0;77:68.0;84:68.0;84:68.0;84:68.0;84:68.0;86:68.0;86:68.0;86:68.0;86:68.0,77:0.0014597739678235966;77:0.0014597739678235966;77:0.002160867985140008;77:0.002160867985140008;84:0.002873640936118166;84:0.002873640936118166;84:0.003647251024075121;84:0.003647251024075121;86:0.003104277928300425;86:0.003104277928300425;86:0.0038706887740081186;86:0.0038706887740081186,0.00830078125,Yes
86,274.69972542714237,302.18969017000995,0.0228271484375,0.005615234375,0.0400390625,2584.0,0.0003603688616719413,32.0,0.0003603688616719413,0,0.0003603688616719413,0.0003603688616719413,85:0.010511342648389627;85:0.010511342648389627;85:0.013792015051451528;85:0.013792015051451528;87:0.007567537333864949;87:0.007567537333864949;87:0.006511154370492711;87:0.006511154370492711,85:68.0;85:68.0;85:68.0;85:68.0;87:68.0;87:68.0;87:68.0;87:68.0,85:0.003104277928300425;85:0.003104277928300425;85:0.0038706887740081186;85:0.0038706887740081186;87:0.01782542144926777;87:0.01782542144926777;87:0.011684033467331961;87:0.011684033467331961,0.0228271484375,Yes
87,251.3638281725825,229.84115789262506,0.0472412109375,0.05810546875,0.036376953125,2584.0,0.0002243127858976548,32.0,0.0002243127858976548,0,0.0002243127858976548,0.0002243127858976548,86:0.007567537333864949;86:0.007567537333864949;86:0.006511154370492711;86:0.006511154370492711;88:0.0010944405929581569;88:0.0010944405929581569;88:0.0009910593689657077;88:0.0009910593689657077;97:0.0019260633690598439;97:0.0019260633690598439;97:0.004035566127511325;97:0.004035566127511325,86:68.0;86:68.0;86:68.0;86:68.0;88:68.0;88:68.0;88:68.0;88:68.0;97:68.0;97:68.0;97:68.0;97:68.0,86:0.01782542144926777;86:0.01782542144926777;86:0.011684033467331961;86:0.011684033467331961;88:0.0013550700790275483;88:0.0013550700790275483;88:0.0009198812798134337;88:0.0009198812798134337;97:0.001486673963349422;97:0.001486673963349422;97:0.0013044851015841519;97:0.0013044851015841519,0.0472412109375,Yes
88,155.93704642674015,280.4001118607848,0.0137939453125,0.024169921875,0.00341796875,2584.0,0.0003805401390775818,32.0,0.0003805401390775818,0,0.0003805401390775818,0.0003805401390775818,87:0.0010944405929581569;87:0.0010944405929581569;87:0.0009910593689657077;87:0.0009910593689657077;89:0.0015827478195922229;89:0.0015827478195922229;89:0.0015464990171495385;89:0.0015464990171495385,87:68.0;87:68.0;87:68.0;87:68.0;89:68.0;89:68.0;89:68.0;89:68.0,87:0.0013550700790275483;87:0.0013550700790275483;87:0.0009198812798134337;87:0.0009198812798134337;89:0.000992919834738648;89:0.000992919834738648;89:0.0009058823775672797;89:0.0009058823775672797,0.0137939453125,Yes
89,215.49965030016284,223.8829194838213,0.005859375,0.0078125,0.00390625,2584.0,0.00018876688713503458,32.0,0.00018876688713503458,0,0.00018876688713503458,0.00018876688713503458,78:0.0012382179577099806;78:0.0012382179577099806;78:0.0014282207872109431;78:0.0014282207872109431;88:0.0015827478195922229;88:0.0015827478195922229;88:0.0015464990171495385;88:0.0015464990171495385;90:0.0017381095108764955;90:0.0017381095108764955;90:0.0013867747572250122;90:0.0013867747572250122,78:68.0;78:68.0;78:68.0;78:68.0;88:68.0;88:68.0;88:68.0;88:68.0;90:68.0;90:68.0;90:68.0;90:68.0,78:0.0013146772835603837;78:0.0013146772835603837;78:0.0012930693558352857;78:0.0012930693558352857;88:0.000992919834738648;88:0.000992919834738648;88:0.0009058823775672797;88:0.0009058823775672797;90:0.0008476431109585569;90:0.0008476431109585569;90:0.0008980762372523821;90:0.0008980762372523821,0.005859375,Yes
90,262.4830943777308,345.852900587967,0.0047607421875,0.005859375,0.003662109375,2584.0,0.00018742821846189789,32.0,0.00018742821846189789,0,0.00018742821846189789,0.00018742821846189789,89:0.0017381095108764955;89:0.0017381095108764955;89:0.0013867747572250122;89:0.0013867747572250122;91:0.002388785103439983;91:0.002388785103439983;91:0.004336138995473776;91:0.004336138995473776,89:68.0;89:68.0;89:68.0;89:68.0;91:68.0;91:68.0;91:68.0;91:68.0,89:0.0008476431109585569;89:0.0008476431109585569;89:0.0008980762372523821;89:0.0008980762372523821;91:0.0034313870308403382;91:0.0034313870308403382;91:0.00416466160916712;91:0.00416466160916712,0.0047607421875,Yes
91,309.72214294587803,322.7476479673136,0.07666015625,0.08740234375,0.06591796875,2584.0,0.00018988771650458805,32.0,0.00018988771650458805,0,0.00018988771650458805,0.00018988771650458805,90:0.002388785103439983;90:0.002388785103439983;90:0.004336138995473776;90:0.004336138995473776;92:0.0012931679249256756;92:0.0012931679249256756;92:0.0016172319692416004;92:0.0016172319692416004;98:0.002039893945796706;98:0.002039893945796706;98:0.0016936026174669272;98:0.0016936026174669272,90:68.0;90:68.0;90:68.0;90:68.0;92:108.0;92:108.0;92:108.0;92:108.0;98:208.0;98:208.0;98:208.0;98:208.0,90:0.0034313870308403382;90:0.0034313870308403382;90:0.00416466160916712;90:0.00416466160916712;92:0.01211240067526706;92:0.01211240067526706;92:0.013001196491410516;92:0.013001196491410516;98:0.11561321772295424;98:0.11561321772295424;98:0.08412232847613826;98:0.08412232847613826,0.07666015625,Yes
92,272.7769155827794,412.5789091188354,0.017333984375,0.014892578125,0.019775390625,2584.0,0.0003825826546477903,32.0,0.0003825826546477903,0,0.0003825826546477903,0.0003825826546477903,91:0.0012931679249256756;91:0.0012931679249256756;91:0.0016172319692416004;91:0.0016172319692416004;93:0.0030412095006727147;93:0.0030412095006727147;93:0.0025627170992562065;93:0.0025627170992562065,91:108.0;91:108.0;91:108.0;91:108.0;93:68.0;93:68.0;93:68.0;93:68.0,91:0.01211240067526706;91:0.01211240067526706;91:0.013001196491410516;91:0.013001196491410516;93:0.006642967026541324;93:0.006642967026541324;93:0.0013575431873873167;93:0.0013575431873873167,0.017333984375,Yes
93,186.03865466016808,196.69028884768233,0.004150390625,0.00537109375,0.0029296875,2584.0,0.0005058860157421492,32.0,0.0005058860157421492,0,0.0005058860157421492,0.0005058860157421492,79:0.0015049146560656146;79:0.0015049146560656146;79:0.005043316704361117;79:0.005043316704361117;92:0.0030412095006727147;92:0.0030412095006727147;92:0.0025627170992562065;92:0.0025627170992562065;94:0.0011717570564680757;94:0.0011717570564680757;94:0.0049951221543301505;94:0.0049951221543301505,79:68.0;79:68.0;79:68.0;79:68.0;92:68.0;92:68.0;92:68.0;92:68.0;94:68.0;94:68.0;94:68.0;94:68.0,79:0.0056774886622877885;79:0.0056774886622877885;79:0.0013883027213722199;79:0.0013883027213722199;92:0.006642967026541324;92:0.006642967026541324;92:0.0013575431873873167;92:0.0013575431873873167;94:0.006994503526493223;94:0.006994503526493223;94:0.002634958818946209;94:0.002634958818946209,0.004150390625,Yes
94,258.0986570368543,238.4022454180457,0.007568359375,0.010986328125,0.004150390625,2584.0,0.00021353413782782086,32.0,0.00021353413782782086,0,0.00021353413782782086,0.00021353413782782086,93:0.0011717570564680757;93:0.0011717570564680757;93:0.0049951221543301505;93:0.0049951221543301505;95:0.0018479568208796537;95:0.0018479568208796537;95:0.0021408022807902494;95:0.0021408022807902494,93:68.0;93:68.0;93:68.0;93:68.0;95:68.0;95:68.0;95:68.0;95:68.0,93:0.006994503526493223;93:0.006994503526493223;93:0.002634958818946209;93:0.002634958818946209;95:0.00207840607999657;95:0.00207840607999657;95:0.0026851167487600136;95:0.0026851167487600136,0.007568359375,Yes
95,258.7986174880695,281.8507660339731,0.005859375,0.01025390625,0.003662109375,2584.0,0.00013873344048784454,32.0,0.00013873344048784454,0,0.00013873344048784454,0.00013873344048784454,94:0.0018479568208796537;94:0.0018479568208796537;94:0.0021408022807902494;94:0.0021408022807902494;99:0.0017936434700464854;99:0.0017936434700464854;99:0.0011271990526497688;99:0.0011271990526497688,94:68.0;94:68.0;94:68.0;94:68.0;99:68.0;99:68.0;99:68.0;99:68.0,94:0.00207840607999657;94:0.00207840607999657;94:0.0026851167487600136;94:0.0026851167487600136;99:0.0009938016181236242;99:0.0009938016181236242;99:0.0009943094851241618;99:0.0009943094851241618,0.005859375,Yes
96,255.65278012647468,379.4082770696916,0.0159912109375,0.0224609375,0.009521484375,2584.0,0.00046268741130513213,32.0,0.00046268741130513213,0,0.00046268741130513213,0.00046268741130513213,83:0.007239495165730914;83:0.007239495165730914;83:0.002328575194167626;83:0.002328575194167626;103:0.003239626067119583;103:0.003239626067119583;103:0.004368268630734112;103:0.004368268630734112,83:68.0;83:68.0;83:68.0;83:68.0;103:68.0;103:68.0;103:68.0;103:68.0,83:0.0016942660162247714;83:0.0016942660162247714;83:0.0016118395443767142;83:0.0016118395443767142;103:0.001790037283271373;103:0.001790037283271373;103:0.0012314907003766196;103:0.0012314907003766196,0.0159912109375,Yes
97,233.1327815222307,444.18223770727286,0.00390625,0.0048828125,0.0029296875,2584.0,0.0004079419323574558,32.0,0.0004079419323574558,0,0.0004079419323574558,0.0004079419323574558,87:0.0019260633690598439;87:0.0019260633690598439;87:0.004035566127511325;87:0.004035566127511325;107:0.002950056852783156;107:0.002950056852783156;107:0.0027368166258390225;107:0.0027368166258390225,87:68.0;87:68.0;87:68.0;87:68.0;107:68.0;107:68.0;107:68.0;107:68.0,87:0.001486673963349422;87:0.001486673963349422;87:0.0013044851015841519;87:0.0013044851015841519;107:0.002461083616596915;107:0.002461083616596915;107:0.0016623489276740844;107:0.0016623489276740844,0.00390625,Yes
98,268.12722138822835,402.82164434798614,0.004150390625,0.00634765625,0.001953125,2584.0,0.0001978809675941901,32.0,0.0001978809675941901,0,0.0001978809675941901,0.0001978809675941901,91:0.002039893945796706;91:0.002039893945796706;91:0.0016936026174669272;91:0.0016936026174669272;111:0.0026212191940589713;111:0.0026212191940589713;111:0.0021644969530779934;111:0.0021644969530779934,91:208.0;91:208.0;91:208.0;91:208.0;111:68.0;111:68.0;111:68.0;111:68.0,91:0.11561321772295424;91:0.11561321772295424;91:0.08412232847613826;91:0.08412232847613826;111:0.0024035066268000838;111:0.0024035066268000838;111:0.001764880231012761;111:0.001764880231012761,0.004150390625,Yes
99,202.36260499928898,192.654628842815,0.0054931640625,0.007080078125,0.00390625,2584.0,0.00014259130192967028,32.0,0.00014259130192967028,0,0.00014259130192967028,0.00014259130192967028,95:0.0017936434700464854;95:0.0017936434700464854;95:0.0011271990526497688;95:0.0011271990526497688;115:0.010086631024429388;115:0.010086631024429388;115:0.01524726686782607;115:0.01524726686782607,95:68.0;95:68.0;95:68.0;95:68.0;115:68.0;115:68.0;115:68.0;115:68.0,95:0.0009938016181236242;95:0.0009938016181236242;95:0.0009943094851241618;95:0.0009943094851241618;115:0.01901421239046225;115:0.01901421239046225;115:0.016389284833213003;115:0.016389284833213003,0.0054931640625,Yes
100,135.55409212754307,56.85438534933121,0.01025390625,0.013427734375,0.007080078125,2584.0,0.00013934375090357743,32.0,0.00013934375090357743,0,0.00013934375090357743,0.00013934375090357743,101:0.002289789577934742;101:0.002289789577934742;101:0.0008721460978478035;101:0.0008721460978478035,101:68.0;101:68.0;101:68.0;101:68.0,101:0.0008034764625161062;101:0.0008034764625161062;101:0.0009911579815805316;101:0.0009911579815805316,0.01025390625,Yes
101,337.5071185245639,394.856473585431,0.003173828125,0.005615234375,0.000732421875,2584.0,0.00012560681331736726,32.0,0.00012560681331736726,0,0.00012560681331736726,0.00012560681331736726,100:0.002289789577934742;100:0.002289789577934742;100:0.0008721460978478035;100:0.0008721460978478035;102:0.0016143891788694964;102:0.0016143891788694964;102:0.001894774270287336;102:0.001894774270287336;116:0.0014079817654758242;116:0.0014079817654758242;116:0.0008359100972408773;116:0.0008359100972408773,100:68.0;100:68.0;100:68.0;100:68.0;102:68.0;102:68.0;102:68.0;102:68.0;116:68.0;116:68.0;116:68.0;116:68.0,100:0.0008034764625161062;100:0.0008034764625161062;100:0.0009911579815805316;100:0.0009911579815805316;102:0.0008836273931201455;102:0.0008836273931201455;102:0.0008755411673262714;102:0.0008755411673262714;116:0.0017928769813340684;116:0.0017928769813340684;116:0.0014072282662762892;116:0.0014072282662762892,0.003173828125,Yes
102,277.90862114992325,350.55753820482573,0.0050048828125,0.0078125,0.002197265625,2584.0,0.0002934974236351253,32.0,0.0002934974236351253,0,0.0002934974236351253,0.0002934974236351253,101:0.0016143891788694964;101:0.0016143891788694964;101:0.001894774270287336;101:0.001894774270287336;103:0.0019265678787046547;103:0.0019265678787046547;103:0.0021266523600015075;103:0.0021266523600015075,101:68.0;101:68.0;101:68.0;101:68.0;103:68.0;103:68.0;103:68.0;103:68.0,101:0.0008836273931201455;101:0.0008836273931201455;101:0.0008755411673262714;101:0.0008755411673262714;103:0.001547942625299309;103:0.001547942625299309;103:0.001615503363688986;103:0.001615503363688986,0.0050048828125,Yes
103,351.88076559947973,467.378611695696,0.014892578125,0.027099609375,0.002685546875,2584.0,0.00013486316476605127,32.0,0.00013486316476605127,0,0.00013486316476605127,0.00013486316476605127,96:0.003239626067119583;96:0.003239626067119583;96:0.004368268630734112;96:0.004368268630734112;102:0.0019265678787046547;102:0.0019265678787046547;102:0.0021266523600015075;102:0.0021266523600015075;104:0.000878698790070298;104:0.000878698790070298;104:0.000810389765985714;104:0.000810389765985714,96:68.0;96:68.0;96:68.0;96:68.0;102:68.0;102:68.0;102:68.0;102:68.0;104:68.0;104:68.0;104:68.0;104:68.0,96:0.001790037283271373;96:0.001790037283271373;96:0.0012314907003766196;96:0.0012314907003766196;102:0.001547942625299309;102:0.001547942625299309;102:0.001615503363688986;102:0.001615503363688986;104:0.0009666478866465489;104:0.0009666478866465489;104:0.0010014534831510602;104:0.0010014534831510602,0.014892578125,Yes
104,227.06123029341566,302.85363526652935,0.00537109375,0.0078125,0.0029296875,2584.0,0.0004498015261585758,32.0,0.0004498015261585758,0,0.0004498015261585758,0.0004498015261585758,103:0.000878698790070298;103:0.000878698790070298;103:0.000810389765985714;103:0.000810389765985714;105:0.0016245504589824933;105:0.0016245504589824933;105:0.0013987365589085976;105:0.0013987365589085976,103:68.0;103:68.0;103:68.0;103:68.0;105:68.0;105:68.0;105:68.0;105:68.0,103:0.0009666478866465489;103:0.0009666478866465489;103:0.0010014534831510602;103:0.0010014534831510602;105:0.0021045439451932157;105:0.0021045439451932157;105:0.0018683687261978055;105:0.0018683687261978055,0.00537109375,Yes
105,94.8877641430102,84.75067767610845,0.0050048828125,0.010009765625,0,2584.0,0.00013133056034407854,32.0,0.00013133056034407854,0,0.00013133056034407854,0.00013133056034407854,104:0.0016245504589824933;104:0.0016245504589824933;104:0.0013987365589085976;104:0.0013987365589085976;106:0.009665219003382297;106:0.009665219003382297;106:0.009616086608503799;106:0.009616086608503799;117:0.0010912815314279567;117:0.0010912815314279567;117:0.001637207470253893;117:0.001637207470253893,104:68.0;104:68.0;104:68.0;104:68.0;106:92.0;106:92.0;106:92.0;106:92.0;117:68.0;117:68.0;117:68.0;117:68.0,104:0.0021045439451932157;104:0.0021045439451932157;104:0.0018683687261978055;104:0.0018683687261978055;106:0.004045394117487416;106:0.004045394117487416;106:0.004167591112939684;106:0.004167591112939684;117:0.0017422242944601096;117:0.0017422242944601096;117:0.00289575238999229;117:0.00289575238999229,0.0050048828125,Yes
106,208.7472378683078,243.06428706151755,0.0135498046875,0.015625,0.011474609375,2584.0,0.00021435729147764528,32.0,0.00021435729147764528,0,0.00021435729147764528,0.00021435729147764528,105:0.009665219003382297;105:0.009665219003382297;105:0.009616086608503799;105:0.009616086608503799;107:0.005049011849634161;107:0.005049011849634161;107:0.0030976329268674885;107:0.0030976329268674885,105:92.0;105:92.0;105:92.0;105:92.0;107:68.0;107:68.0;107:68.0;107:68.0,105:0.004045394117487416;105:0.004045394117487416;105:0.004167591112939684;105:0.004167591112939684;107:0.0019375778461603876;107:0.0019375778461603876;107:0.0019933028505196293;107:0.0019933028505196293,0.0135498046875,Yes
107,196.56457444268082,209.0399285410363,0.0045166015625,0.00537109375,0.003662109375,2584.0,0.0002103411465166208,32.0,0.0002103411465166208,0,0.0002103411465166208,0.0002103411465166208,97:0.002950056852783156;97:0.002950056852783156;97:0.0027368166258390225;97:0.0027368166258390225;106:0.005049011849634161;106:0.005049011849634161;106:0.0030976329268674885;106:0.0030976329268674885;108:0.0017218041138646611;108:0.0017218041138646611;108:0.0010385108593939096;108:0.0010385108593939096,97:68.0;97:68.0;97:68.0;97:68.0;106:68.0;106:68.0;106:68.0;106:68.0;108:68.0;108:68.0;108:68.0;108:68.0,97:0.002461083616596915;97:0.002461083616596915;97:0.0016623489276740844;97:0.0016623489276740844;106:0.0019375778461603876;106:0.0019375778461603876;106:0.0019933028505196293;106:0.0019933028505196293;108:0.0008585895610490057;108:0.0008585895610490057;108:0.0009746087898815092;108:0.0009746087898815092,0.0045166015625,Yes
108,301.42060360765385,284.85399360259385,0.00537109375,0.004638671875,0.006103515625,2584.0,0.00015772777774255436,32.0,0.00015772777774255436,0,0.00015772777774255436,0.00015772777774255436,107:0.0017218041138646611;107:0.0017218041138646611;107:0.0010385108593939096;107:0.0010385108593939096;109:0.0020651967463604926;109:0.0020651967463604926;109:0.0012824536029985012;109:0.0012824536029985012,107:68.0;107:68.0;107:68.0;107:68.0;109:68.0;109:68.0;109:68.0;109:68.0,107:0.0008585895610490057;107:0.0008585895610490057;107:0.0009746087898815092;107:0.0009746087898815092;109:0.0021576029267197927;109:0.0021576029267197927;109:0.0010089133356987467;109:0.0010089133356987467,0.00537109375,Yes
109,259.1725844423046,259.85289300538625,0.0042724609375,0.004638671875,0.00390625,2584.0,0.00017936140557928967,32.0,0.00017936140557928967,0,0.00017936140557928967,0.00017936140557928967,108:0.0020651967463604926;108:0.0020651967463604926;108:0.0012824536029985012;108:0.0012824536029985012;110:0.002018179586299379;110:0.002018179586299379;110:0.001368681280724704;110:0.001368681280724704;118:0.0021509031900670827;118:0.0021509031900670827;118:0.001152976463889649;118:0.001152976463889649,108:68.0;108:68.0;108:68.0;108:68.0;110:68.0;110:68.0;110:68.0;110:68.0;118:68.0;118:68.0;118:68.0;118:68.0,108:0.0021576029267197927;108:0.0021576029267197927;108:0.0010089133356987467;108:0.0010089133356987467;110:0.002186052396018906;110:0.002186052396018906;110:0.0015567717621812471;110:0.0015567717621812471;118:0.002063942756292292;118:0.002063942756292292;118:0.0009555880599160238;118:0.0009555880599160238,0.0042724609375,Yes
110,269.003409275525,348.6765527303869,0.00341796875,0.00537109375,0.00146484375,2584.0,0.00033278263496747747,32.0,0.00033278263496747747,0,0.00033278263496747747,0.00033278263496747747,109:0.002018179586299379;109:0.002018179586299379;109:0.001368681280724704;109:0.001368681280724704;111:0.0024832883108756865;111:0.0024832883108756865;111:0.007251727904286354;111:0.007251727904286354,109:68.0;109:68.0;109:68.0;109:68.0;111:68.0;111:68.0;111:68.0;111:68.0,109:0.002186052396018906;109:0.002186052396018906;109:0.0015567717621812471;109:0.0015567717621812471;111:0.001579800781395413;111:0.001579800781395413;111:0.0015754685918397404;111:0.0015754685918397404,0.00341796875,Yes
111,250.94530577073888,309.2491720475516,0.00537109375,0.00830078125,0.00244140625,2584.0,0.00012253916485057662,32.0,0.00012253916485057662,0,0.00012253916485057662,0.00012253916485057662,98:0.0026212191940589713;98:0.0026212191940589713;98:0.0021644969530779934;98:0.0021644969530779934;110:0.0024832883108756865;110:0.0024832883108756865;110:0.007251727904286354;110:0.007251727904286354;112:0.00129532980669686;112:0.00129532980669686;112:0.001488173381211877;112:0.001488173381211877,98:68.0;98:68.0;98:68.0;98:68.0;110:68.0;110:68.0;110:68.0;110:68.0;112:68.0;112:68.0;112:68.0;112:68.0,98:0.0024035066268000838;98:0.0024035066268000838;98:0.001764880231012761;98:0.001764880231012761;110:0.001579800781395413;110:0.001579800781395413;110:0.0015754685918397404;110:0.0015754685918397404;112:0.0013439952148767975;112:0.0013439952148767975;112:0.0012304980018744693;112:0.0012304980018744693,0.00537109375,Yes
112,263.65504773254503,400.65075891983264,0.004150390625,0.005859375,0.00341796875,2584.0,0.00015713275689484033,32.0,0.00015713275689484033,0,0.00015713275689484033,0.00015713275689484033,111:0.00129532980669686;111:0.00129532980669686;111:0.001488173381211877;111:0.001488173381211877;113:0.001242829904699122;113:0.001242829904699122;113:0.0016197826654723302;113:0.0016197826654723302,111:68.0;111:68.0;111:68.0;111:68.0;113:68.0;113:68.0;113:68.0;113:68.0,111:0.0013439952148767975;111:0.0013439952148767975;111:0.0012304980018744693;111:0.0012304980018744693;113:0.00112239605799494;113:0.00112239605799494;113:0.0008745100559280905;113:0.0008745100559280905,0.004150390625,Yes
113,260.3237939704669,312.5739862647307,0.0096435546875,0.0078125,0.011474609375,2584.0,0.00042158879512567415,32.0,0.00042158879512567415,0,0.00042158879512567415,0.00042158879512567415,112:0.001242829904699122;112:0.001242829904699122;112:0.0016197826654723302;112:0.0016197826654723302;114:0.003289069509105902;114:0.003289069509105902;114:0.002017384027154484;114:0.002017384027154484;119:0.0013377071875063373;119:0.0013377071875063373;119:0.0011325944389957154;119:0.0011325944389957154,112:68.0;112:68.0;112:68.0;112:68.0;114:68.0;114:68.0;114:68.0;114:68.0;119:68.0;119:68.0;119:68.0;119:68.0,112:0.00112239605799494;112:0.00112239605799494;112:0.0008745100559280905;112:0.0008745100559280905;114:0.0020360636751562966;114:0.0020360636751562966;114:0.001526728628460955;114:0.001526728628460955;119:0.0021441202645456625;119:0.0021441202645456625;119:0.0008586883013069757;119:0.0008586883013069757,0.0096435546875,Yes
114,275.0025182556586,389.6104154874362,0.0081787109375,0.009521484375,0.0068359375,2584.0,0.00026711519547816903,32.0,0.00026711519547816903,0,0.00026711519547816903,0.00026711519547816903,113:0.003289069509105902;113:0.003289069509105902;113:0.002017384027154484;113:0.002017384027154484;115:0.034576947255908624;115:0.034576947255908624;115:0.0414239313365293;115:0.0414239313365293,113:68.0;113:68.0;113:68.0;113:68.0;115:68.0;115:68.0;115:68.0;115:68.0,113:0.0020360636751562966;113:0.0020360636751562966;113:0.001526728628460955;113:0.001526728628460955;115:0.032219157057067294;115:0.032219157057067294;115:0.0316684405864143;115:0.0316684405864143,0.0081787109375,Yes
115,145.0807258648449,271.3797024285841,0.0059814453125,0.009521484375,0.00244140625,2584.0,0.0002282709868527911,32.0,0.0002282709868527911,0,0.0002282709868527911,0.0002282709868527911,99:0.010086631024429388;99:0.010086631024429388;99:0.01524726686782607;99:0.01524726686782607;114:0.034576947255908624;114:0.034576947255908624;114:0.0414239313365293;114:0.0414239313365293,99:68.0;99:68.0;99:68.0;99:68.0;114:68.0;114:68.0;114:68.0;114:68.0,99:0.01901421239046225;99:0.01901421239046225;99:0.016389284833213003;99:0.016389284833213003;114:0.032219157057067294;114:0.032219157057067294;114:0.0316684405864143;114:0.0316684405864143,0.0059814453125,Yes
116,219.55961156543376,299.35836947856984,0.0032958984375,0.005126953125,0.00146484375,2584.0,0.0003218002875408788,32.0,0.0003218002875408788,0,0.0003218002875408788,0.0003218002875408788,101:0.0014079817654758242;101:0.0014079817654758242;101:0.0008359100972408773;101:0.0008359100972408773;121:0.001881245011449012;121:0.001881245011449012;121:0.0035210922181312665;121:0.0035210922181312665,101:68.0;101:68.0;101:68.0;101:68.0;121:68.0;121:68.0;121:68.0;121:68.0,101:0.0017928769813340684;101:0.0017928769813340684;101:0.0014072282662762892;101:0.0014072282662762892;121:0.0013041613121924367;121:0.0013041613121924367;121:0.0013118507534077006;121:0.0013118507534077006,0.0032958984375,Yes
117,264.0047321245535,313.9653248300234,0.0062255859375,0.00927734375,0.003173828125,2584.0,0.000435836194939654,32.0,0.000435836194939654,0,0.000435836194939654,0.000435836194939654,105:0.0010912815314279567;105:0.0010912815314279567;105:0.001637207470253893;105:0.001637207470253893;125:0.0007772250519744173;125:0.0007772250519744173;125:0.0008112619958259015;125:0.0008112619958259015,105:68.0;105:68.0;105:68.0;105:68.0;125:68.0;125:68.0;125:68.0;125:68.0,105:0.0017422242944601096;105:0.0017422242944601096;105:0.00289575238999229;105:0.00289575238999229;125:0.001007806727277849;125:0.001007806727277849;125:0.0008687958580360644;125:0.0008687958580360644,0.0062255859375,Yes
118,285.0000400931519,395.0369191900925,0.040771484375,0.0439453125,0.03759765625,2584.0,0.00020401932555092685,32.0,0.00020401932555092685,0,0.00020401932555092685,0.00020401932555092685,109:0.0021509031900670827;109:0.0021509031900670827;109:0.001152976463889649;109:0.001152976463889649;129:0.002852447173153222;129:0.002852447173153222;129:0.006329818609284221;129:0.006329818609284221,109:68.0;109:68.0;109:68.0;109:68.0;129:68.0;129:68.0;129:68.0;129:68.0,109:0.002063942756292292;109:0.002063942756292292;109:0.0009555880599160238;109:0.0009555880599160238;129:0.0036485455470226247;129:0.0036485455470226247;129:0.0033292940226097023;129:0.0033292940226097023,0.040771484375,Yes
119,164.06159619430596,238.91060906530308,0.00244140625,0.00390625,0.0009765625,2584.0,0.00039257240567728495,32.0,0.00039257240567728495,0,0.00039257240567728495,0.00039257240567728495,113:0.0013377071875063373;113:0.0013377071875063373;113:0.0011325944389957154;113:0.0011325944389957154;133:0.002766217955036787;133:0.002766217955036787;133:0.005050186877804508;133:0.005050186877804508,113:68.0;113:68.0;113:68.0;113:68.0;133:68.0;133:68.0;133:68.0;133:68.0,113:0.0021441202645456625;113:0.0021441202645456625;113:0.0008586883013069757;113:0.0008586883013069757;133:0.002434530484928893;133:0.002434530484928893;133:0.0016307743028894095;133:0.0016307743028894095,0.00244140625,Yes
120,263.9172340172607,405.8059112992608,0.0045166015625,0.0068359375,0.002197265625,2584.0,0.0002397445910903527,32.0,0.0002397445910903527,0,0.0002397445910903527,0.0002397445910903527,121:0.0011904280398520317;121:0.0011904280398520317;121:0.0009844124691654743;121:0.0009844124691654743,121:68.0;121:68.0;121:68.0;121:68.0,121:0.0008884862065234311;121:0.0008884862065234311;121:0.0010425323275916887;121:0.0010425323275916887,0.0045166015625,Yes
121,309.36274815688375,342.79832742138933,0.0091552734375,0.008056640625,0.01025390625,2584.0,0.000404777055324042,32.0,0.000404777055324042,0,0.000404777055324042,0.000404777055324042,116:0.001881245011449012;116:0.001881245011449012;116:0.0035210922181312665;116:0.0035210922181312665;120:0.0011904280398520317;120:0.0011904280398520317;120:0.0009844124691654743;120:0.0009844124691654743;122:0.0013144408350942438;122:0.0013144408350942438;122:0.0014872295251889545;122:0.0014872295251889545,116:68.0;116:68.0;116:68.0;116:68.0;120:68.0;120:68.0;120:68.0;120:68.0;122:68.0;122:68.0;122:68.0;122:68.0,116:0.0013041613121924367;116:0.0013041613121924367;116:0.0013118507534077006;116:0.0013118507534077006;120:0.0008884862065234311;120:0.0008884862065234311;120:0.0010425323275916887;120:0.0010425323275916887;122:0.00209970562089834;122:0.00209970562089834;122:0.0022818199689434993;122:0.0022818199689434993,0.0091552734375,Yes
122,291.34883320392345,293.5571161311676,0.004638671875,0.00537109375,0.00390625,2584.0,0.0001234234948475569,32.0,0.0001234234948475569,0,0.0001234234948475569,0.0001234234948475569,121:0.0013144408350942438;121:0.0013144408350942438;121:0.0014872295251889545;121:0.0014872295251889545;123:0.001035608858946463;123:0.001035608858946463;123:0.0009251674357635686;123:0.0009251674357635686,121:68.0;121:68.0;121:68.0;121:68.0;123:68.0;123:68.0;123:68.0;123:68.0,121:0.00209970562089834;121:0.00209970562089834;121:0.0022818199689434993;121:0.0022818199689434993;123:0.0012855068964824634;123:0.0012855068964824634;123:0.0013689866547580976;123:0.0013689866547580976,0.004638671875,Yes
123,281.64449478234724,446.6026446786808,0.004150390625,0.005615234375,0.002685546875,2584.0,0.00020586457332380243,32.0,0.00020586457332380243,0,0.00020586457332380243,0.00020586457332380243,122:0.001035608858946463;122:0.001035608858946463;122:0.0009251674357635686;122:0.0009251674357635686;124:0.004187322362192825;124:0.004187322362192825;124:0.0028439961758094656;124:0.0028439961758094656;136:0.0011923646140363786;136:0.0011923646140363786;136:0.0031341964801220867;136:0.0031341964801220867,122:68.0;122:68.0;122:68.0;122:68.0;124:68.0;124:68.0;124:68.0;124:68.0;136:68.0;136:68.0;136:68.0;136:68.0,122:0.0012855068964824634;122:0.0012855068964824634;122:0.0013689866547580976;122:0.0013689866547580976;124:0.0036864868310069743;124:0.0036864868310069743;124:0.006512632170514315;124:0.006512632170514315;136:0.0009933322023611968;136:0.0009933322023611968;136:0.0010022530660581952;136:0.0010022530660581952,0.004150390625,Yes
124,269.94186258968,248.0390154258868,0.004150390625,0.00537109375,0.0029296875,2584.0,0.00015285388527484025,32.0,0.00015285388527484025,0,0.00015285388527484025,0.00015285388527484025,123:0.004187322362192825;123:0.004187322362192825;123:0.0028439961758094656;123:0.0028439961758094656;125:0.0017721625281170994;125:0.0017721625281170994;125:0.0012753849556260688;125:0.0012753849556260688,123:68.0;123:68.0;123:68.0;123:68.0;125:68.0;125:68.0;125:68.0;125:68.0,123:0.0036864868310069743;123:0.0036864868310069743;123:0.006512632170514315;123:0.006512632170514315;125:0.003650464516130325;125:0.003650464516130325;125:0.004661550673883352;125:0.004661550673883352,0.004150390625,Yes
125,306.5013123454653,211.19541033472876,0.004150390625,0.00732421875,0.0009765625,2584.0,0.0005123626922708669,32.0,0.0005123626922708669,0,0.0005123626922708669,0.0005123626922708669,117:0.0007772250519744173;117:0.0007772250519744173;117:0.0008112619958259015;117:0.0008112619958259015;124:0.0017721625281170994;124:0.0017721625281170994;124:0.0012753849556260688;124:0.0012753849556260688;126:0.0015162595330365514;126:0.0015162595330365514;126:0.0016264228252271251;126:0.0016264228252271251,117:68.0;117:68.0;117:68.0;117:68.0;124:68.0;124:68.0;124:68.0;124:68.0;126:68.0;126:68.0;126:68.0;126:68.0,117:0.001007806727277849;117:0.001007806727277849;117:0.0008687958580360644;117:0.0008687958580360644;124:0.003650464516130325;124:0.003650464516130325;124:0.004661550673883352;124:0.004661550673883352;126:0.001421091190730167;126:0.001421091190730167;126:0.0013933203723638377;126:0.0013933203723638377,0.004150390625,Yes
126,254.69250772753406,237.75556026695023,0.006103515625,0.00830078125,0.00390625,2584.0,0.0002578385274213577,32.0,0.0002578385274213577,0,0.0002578385274213577,0.0002578385274213577,125:0.0015162595330365514;125:0.0015162595330365514;125:0.0016264228252271251;125:0.0016264228252271251;127:0.0015876359746528623;127:0.0015876359746528623;127:0.001674512974331771;127:0.001674512974331771,125:68.0;125:68.0;125:68.0;125:68.0;127:68.0;127:68.0;127:68.0;127:68.0,125:0.001421091190730167;125:0.001421091190730167;125:0.0013933203723638377;125:0.0013933203723638377;127:0.004074567332605555;127:0.004074567332605555;127:0.003830047896144162;127:0.003830047896144162,0.006103515625,Yes
127,267.488561312557,353.64365259306646,0.008544921875,0.01513671875,0.001953125,2584.0,8.717320754356717e-05,32.0,8.717320754356717e-05,0,8.717320754356717e-05,8.717320754356717e-05,126:0.0015876359746528623;126:0.0015876359746528623;126:0.001674512974331771;126:0.001674512974331771;128:0.006747500842031684;128:0.006747500842031684;128:0.007055327864187971;128:0.007055327864187971;137:0.0007717327452802236;137:0.0007717327452802236;137:0.00102744255221221;137:0.00102744255221221,126:68.0;126:68.0;126:68.0;126:68.0;128:68.0;128:68.0;128:68.0;128:68.0;137:68.0;137:68.0;137:68.0;137:68.0,126:0.004074567332605555;126:0.004074567332605555;126:0.003830047896144162;126:0.003830047896144162;128:0.009339698673666519;128:0.009339698673666519;128:0.010487408268953002;128:0.010487408268953002;137:0.0006592797321006705;137:0.0006592797321006705;137:0.0008520829660767781;137:0.0008520829660767781,0.008544921875,Yes
128,280.3211073814486,442.66090267072747,0.00439453125,0.007080078125,0.001708984375,2584.0,0.00025145496240988054,32.0,0.00025145496240988054,0,0.00025145496240988054,0.00025145496240988054,127:0.006747500842031684;127:0.006747500842031684;127:0.007055327864187971;127:0.007055327864187971;129:0.0012957835324940437;129:0.0012957835324940437;129:0.0039018462639258122;129:0.0039018462639258122,127:68.0;127:68.0;127:68.0;127:68.0;129:68.0;129:68.0;129:68.0;129:68.0,127:0.009339698673666519;127:0.009339698673666519;127:0.010487408268953002;127:0.010487408268953002;129:0.0012298458307594407;129:0.0012298458307594407;129:0.0027536966850168765;129:0.0027536966850168765,0.00439453125,Yes
129,330.8467110278626,263.8985518699385,0.002685546875,0.00244140625,0.001220703125,2584.0,0.0002983321636029286,32.0,0.0002983321636029286,0,0.0002983321636029286,0.0002983321636029286,118:0.002852447173153222;118:0.002852447173153222;118:0.006329818609284221;118:0.006329818609284221;128:0.0012957835324940437;128:0.0012957835324940437;128:0.0039018462639258122;128:0.0039018462639258122;130:0.0011539316529565746;130:0.0011539316529565746;130:0.002763552884097187;130:0.002763552884097187,118:68.0;118:68.0;118:68.0;118:68.0;128:68.0;128:68.0;128:68.0;128:68.0;130:68.0;130:68.0;130:68.0;130:68.0,118:0.0036485455470226247;118:0.0036485455470226247;118:0.0033292940226097023;118:0.0033292940226097023;128:0.0012298458307594407;128:0.0012298458307594407;128:0.0027536966850168765;128:0.0027536966850168765;130:0.0012872602369815023;130:0.0012872602369815023;130:0.002612124162965551;130:0.002612124162965551,0.002685546875,Yes
130,164.8846277954144,172.8761591013409,0.0023193359375,0.002685546875,0.001953125,2584.0,0.00013657103599344183,32.0,0.00013657103599344183,0,0.00013657103599344183,0.00013657103599344183,129:0.0011539316529565746;129:0.0011539316529565746;129:0.002763552884097187;129:0.002763552884097187;131:0.002195235987731664;131:0.002195235987731664;131:0.0022409558684212683;131:0.0022409558684212683,129:68.0;129:68.0;129:68.0;129:68.0;131:68.0;131:68.0;131:68.0;131:68.0,129:0.0012872602369815023;129:0.0012872602369815023;129:0.002612124162965551;129:0.002612124162965551;131:0.0015492743902172368;131:0.0015492743902172368;131:0.0018743630259761002;131:0.0018743630259761002,0.0023193359375,Yes
131,181.41007139063697,87.02408041072296,0.005859375,0.007080078125,0.004638671875,2584.0,0.00016568009177519955,32.0,0.00016568009177519955,0,0.00016568009177519955,0.00016568009177519955,130:0.002195235987731664;130:0.002195235987731664;130:0.0022409558684212683;130:0.0022409558684212683;132:0.0011665474076494042;132:0.0011665474076494042;132:0.001165854438829661;132:0.001165854438829661;138:0.0019047394116332717;138:0.0019047394116332717;138:0.001588236893894479;138:0.001588236893894479,130:68.0;130:68.0;130:68.0;130:68.0;132:68.0;132:68.0;132:68.0;132:68.0;138:68.0;138:68.0;138:68.0;138:68.0,130:0.0015492743902172368;130:0.0015492743902172368;130:0.0018743630259761002;130:0.0018743630259761002;132:0.0012634567221011528;132:0.0012634567221011528;132:0.0017024756123564244;132:0.0017024756123564244;138:0.0014363334836891284;138:0.0014363334836891284;138:0.0020840845321314916;138:0.0020840845321314916,0.005859375,Yes
132,281.30697647141795,370.6850437351041,0.0150146484375,0.026611328125,0.00341796875,2584.0,0.00026338382436372166,32.0,0.00026338382436372166,0,0.00026338382436372166,0.00026338382436372166,131:0.0011665474076494042;131:0.0011665474076494042;131:0.001165854438829661;131:0.001165854438829661;133:0.0016733384568424214;133:0.0016733384568424214;133:0.001245316618853548;133:0.001245316618853548,131:68.0;131:68.0;131:68.0;131:68.0;133:68.0;133:68.0;133:68.0;133:68.0,131:0.0012634567221011528;131:0.0012634567221011528;131:0.0017024756123564244;131:0.0017024756123564244;133:0.0012020284998353892;133:0.0012020284998353892;133:0.0011939337590951005;133:0.0011939337590951005,0.0150146484375,Yes
133,343.18561514403666,315.14086913320347,0.0081787109375,0.0087890625,0.007568359375,2584.0,0.0001628402007236283,32.0,0.0001628402007236283,0,0.0001628402007236283,0.0001628402007236283,119:0.002766217955036787;119:0.002766217955036787;119:0.005050186877804508;119:0.005050186877804508;132:0.0016733384568424214;132:0.0016733384568424214;132:0.001245316618853548;132:0.001245316618853548;134:0.0023549419880218025;134:0.0023549419880218025;134:0.001582220030959508;134:0.001582220030959508,119:68.0;119:68.0;119:68.0;119:68.0;132:68.0;132:68.0;132:68.0;132:68.0;134:68.0;134:68.0;134:68.0;134:68.0,119:0.002434530484928893;119:0.002434530484928893;119:0.0016307743028894095;119:0.0016307743028894095;132:0.0012020284998353892;132:0.0012020284998353892;132:0.0011939337590951005;132:0.0011939337590951005;134:0.0018545094433119746;134:0.0018545094433119746;134:0.0014764564676163494;134:0.0014764564676163494,0.0081787109375,Yes
134,226.41961086172697,268.7883453724334,0.014892578125,0.02685546875,0.0029296875,2584.0,0.00014576914236972738,32.0,0.00014576914236972738,0,0.00014576914236972738,0.00014576914236972738,133:0.0023549419880218025;133:0.0023549419880218025;133:0.001582220030959508;133:0.001582220030959508;135:0.0009084839277322398;135:0.0009084839277322398;135:0.0011637517506027928;135:0.0011637517506027928,133:68.0;133:68.0;133:68.0;133:68.0;135:68.0;135:68.0;135:68.0;135:68.0,133:0.0018545094433119746;133:0.0018545094433119746;133:0.0014764564676163494;133:0.0014764564676163494;135:0.0011002637415849503;135:0.0011002637415849503;135:0.0015690264663282827;135:0.0015690264663282827,0.014892578125,Yes
135,219.57922211595434,224.47397951657112,0.0059814453125,0.008056640625,0.00390625,2584.0,0.0003457754809026454,32.0,0.0003457754809026454,0,0.0003457754809026454,0.0003457754809026454,134:0.0009084839277322398;134:0.0009084839277322398;134:0.0011637517506027928;134:0.0011637517506027928;139:0.0012126384636864662;139:0.0012126384636864662;139:0.0013699551722865244;139:0.0013699551722865244,134:68.0;134:68.0;134:68.0;134:68.0;139:68.0;139:68.0;139:68.0;139:68.0,134:0.0011002637415849503;134:0.0011002637415849503;134:0.0015690264663282827;134:0.0015690264663282827;139:0.0010627545625176982;139:0.0010627545625176982;139:0.0011598396414716494;139:0.0011598396414716494,0.0059814453125,Yes
136,255.4693579244246,403.73339481443713,0.004150390625,0.006103515625,0.002197265625,2584.0,9.558380217260595e-05,32.0,9.558380217260595e-05,0,9.558380217260595e-05,9.558380217260595e-05,123:0.0011923646140363786;123:0.0011923646140363786;123:0.0031341964801220867;123:0.0031341964801220867;143:0.0022302518635928525;143:0.0022302518635928525;143:0.0023292534434254664;143:0.0023292534434254664,123:68.0;123:68.0;123:68.0;123:68.0;143:68.0;143:68.0;143:68.0;143:68.0,123:0.0009933322023611968;123:0.0009933322023611968;123:0.0010022530660581952;123:0.0010022530660581952;143:0.0022916073053321773;143:0.0022916073053321773;143:0.0050657883962558214;143:0.0050657883962558214,0.004150390625,Yes
137,265.8984202292206,306.4954030110711,0.0042724609375,0.005126953125,0.00341796875,2584.0,9.370396526410745e-05,32.0,9.370396526410745e-05,0,9.370396526410745e-05,9.370396526410745e-05,127:0.0007717327452802236;127:0.0007717327452802236;127:0.00102744255221221;127:0.00102744255221221;147:0.009109069875096965;147:0.009109069875096965;147:0.007728754685295991;147:0.007728754685295991,127:68.0;127:68.0;127:68.0;127:68.0;147:68.0;147:68.0;147:68.0;147:68.0,127:0.0006592797321006705;127:0.0006592797321006705;127:0.0008520829660767781;127:0.0008520829660767781;147:0.00479012940308482;147:0.00479012940308482;147:0.004736534468466169;147:0.004736534468466169,0.0042724609375,Yes
138,297.66812179094273,341.6968851920423,0.00732421875,0.007568359375,0.007080078125,2584.0,0.00019893032440841717,32.0,0.00019893032440841717,0,0.00019893032440841717,0.00019893032440841717,131:0.0019047394116332717;131:0.0019047394116332717;131:0.001588236893894479;131:0.001588236893894479;151:0.0013363192341493413;151:0.0013363192341493413;151:0.001154262478100021;151:0.001154262478100021,131:68.0;131:68.0;131:68.0;131:68.0;151:68.0;151:68.0;151:68.0;151:68.0,131:0.0014363334836891284;131:0.0014363334836891284;131:0.0020840845321314916;131:0.0020840845321314916;151:0.0009751188192116123;151:0.0009751188192116123;151:0.0009593336122886154;151:0.0009593336122886154,0.00732421875,Yes
139,275.0974278502087,408.8417363616513,0.0142822265625,0.019775390625,0.0087890625,2584.0,0.00014663784358394125,32.0,0.00014663784358394125,0,0.00014663784358394125,0.00014663784358394125,135:0.0012126384636864662;135:0.0012126384636864662;135:0.0013699551722865244;135:0.0013699551722865244;155:0.0017059448247782605;155:0.0017059448247782605;155:0.0012357090216995326;155:0.0012357090216995326,135:68.0;135:68.0;135:68.0;135:68.0;155:68.0;155:68.0;155:68.0;155:68.0,135:0.0010627545625176982;135:0.0010627545625176982;135:0.0011598396414716494;135:0.0011598396414716494;155:0.0014556113013061145;155:0.0014556113013061145;155:0.0008278030679555737;155:0.0008278030679555737,0.0142822265625,Yes
140,259.4135209619124,384.09300328254443,0.0081787109375,0.00927734375,0.007080078125,2584.0,0.00024568059378367535,32.0,0.00024568059378367535,0,0.00024568059378367535,0.00024568059378367535,141:0.0008985415430543542;141:0.0008985415430543542;141:0.0010123661916656423;141:0.0010123661916656423,141:68.0;141:68.0;141:68.0;141:68.0,141:0.0020666605893515655;141:0.0020666605893515655;141:0.0037589046222304134;141:0.0037589046222304134,0.0081787109375,Yes
141,255.32787215323762,341.7492782789405,0.009521484375,0.01171875,0.00732421875,2584.0,0.00038327955611675886,32.0,0.00038327955611675886,0,0.00038327955611675886,0.00038327955611675886,140:0.0008985415430543542;140:0.0008985415430543542;140:0.0010123661916656423;140:0.0010123661916656423;142:0.0012263563732353433;142:0.0012263563732353433;142:0.002095564246587106;142:0.002095564246587106,140:68.0;140:68.0;140:68.0;140:68.0;142:128.0;142:128.0;142:128.0;142:128.0,140:0.0020666605893515655;140:0.0020666605893515655;140:0.0037589046222304134;140:0.0037589046222304134;142:0.008462726994468872;142:0.008462726994468872;142:0.011336788235067174;142:0.011336788235067174,0.009521484375,Yes
142,249.3622607975377,323.0649036938543,0.0057373046875,0.00390625,0.007568359375,2584.0,0.00020950822562721238,32.0,0.00020950822562721238,0,0.00020950822562721238,0.00020950822562721238,141:0.0012263563732353433;141:0.0012263563732353433;141:0.002095564246587106;141:0.002095564246587106;143:0.0020980073328394078;143:0.0020980073328394078;143:0.0026757820560915913;143:0.0026757820560915913,141:128.0;141:128.0;141:128.0;141:128.0;143:68.0;143:68.0;143:68.0;143:68.0,141:0.008462726994468872;141:0.008462726994468872;141:0.011336788235067174;141:0.011336788235067174;143:0.002751726733204951;143:0.002751726733204951;143:0.0057834264052178674;143:0.0057834264052178674,0.0057373046875,Yes
143,246.37576350141092,338.9303918206241,0.0537109375,0.073974609375,0.033447265625,2584.0,0.000747689561613579,32.0,0.000747689561613579,0,0.000747689561613579,0.000747689561613579,136:0.0022302518635928525;136:0.0022302518635928525;136:0.0023292534434254664;136:0.0023292534434254664;142:0.0020980073328394078;142:0.0020980073328394078;142:0.0026757820560915913;142:0.0026757820560915913;144:0.004067618758547331;144:0.004067618758547331;144:0.003073599748543876;144:0.003073599748543876,136:68.0;136:68.0;136:68.0;136:68.0;142:68.0;142:68.0;142:68.0;142:68.0;144:68.0;144:68.0;144:68.0;144:68.0,136:0.0022916073053321773;136:0.0022916073053321773;136:0.0050657883962558214;136:0.0050657883962558214;142:0.002751726733204951;142:0.002751726733204951;142:0.0057834264052178674;142:0.0057834264052178674;144:0.004681051932109853;144:0.004681051932109853;144:0.005362561320480019;144:0.005362561320480019,0.0537109375,Yes
144,175.8466063205322,201.1478810277722,0.0052490234375,0.009033203125,0.00146484375,2584.0,0.00042243474359644827,32.0,0.00042243474359644827,0,0.00042243474359644827,0.00042243474359644827,143:0.004067618758547331;143:0.004067618758547331;143:0.003073599748543876;143:0.003073599748543876;145:0.0016393652857016328;145:0.0016393652857016328;145:0.0014791688918746326;145:0.0014791688918746326,143:68.0;143:68.0;143:68.0;143:68.0;145:68.0;145:68.0;145:68.0;145:68.0,143:0.004681051932109853;143:0.004681051932109853;143:0.005362561320480019;143:0.005362561320480019;145:0.0011618094783267807;145:0.0011618094783267807;145:0.0012547594198479284;145:0.0012547594198479284,0.0052490234375,Yes
145,283.4098527646759,365.76988010100916,0.0162353515625,0.018798828125,0.013671875,2584.0,0.00016461761638996006,32.0,0.00016461761638996006,0,0.00016461761638996006,0.00016461761638996006,144:0.0016393652857016328;144:0.0016393652857016328;144:0.0014791688918746326;144:0.0014791688918746326;146:1;146:1;146:1.0;146:1.0,144:68.0;144:68.0;144:68.0;144:68.0;146:68.0;146:68.0;146:68.0;146:68.0,144:0.0011618094783267807;144:0.0011618094783267807;144:0.0012547594198479284;144:0.0012547594198479284;146:1;146:1;146:1.0;146:1.0,0.0162353515625,Yes
146,271.97382492008677,275.30989602285536,0.0068359375,0.00341796875,0.009521484375,2584.0,0.00016106893637324478,32.0,0.00016106893637324478,0,0.00016106893637324478,0.00016106893637324478,145:1;145:1;145:1.0;145:1.0;147:0.0014842506045500414;147:0.0014842506045500414;147:0.0018237810993251558;147:0.0018237810993251558,145:68.0;145:68.0;145:68.0;145:68.0;147:68.0;147:68.0;147:68.0;147:68.0,145:1;145:1;145:1.0;145:1.0;147:0.0014732678237619756;147:0.0014732678237619756;147:0.0009453436829982564;147:0.0009453436829982564,0.0068359375,Yes
147,340.73066142894146,223.4775596710346,0.00341796875,0.005126953125,0.001708984375,2584.0,0.00017186652242953692,32.0,0.00017186652242953692,0,0.00017186652242953692,0.00017186652242953692,137:0.009109069875096965;137:0.009109069875096965;137:0.007728754685295991;137:0.007728754685295991;146:0.0014842506045500414;146:0.0014842506045500414;146:0.0018237810993251558;146:0.0018237810993251558;148:0.00184472897730939;148:0.00184472897730939;148:0.0030971968004119554;148:0.0030971968004119554,137:68.0;137:68.0;137:68.0;137:68.0;146:68.0;146:68.0;146:68.0;146:68.0;148:68.0;148:68.0;148:68.0;148:68.0,137:0.00479012940308482;137:0.00479012940308482;137:0.004736534468466169;137:0.004736534468466169;146:0.0014732678237619756;146:0.0014732678237619756;146:0.0009453436829982564;146:0.0009453436829982564;148:0.000995672137760556;148:0.000995672137760556;148:0.0033186798325660627;148:0.0033186798325660627,0.00341796875,Yes
148,264.5845268950897,242.26688898142564,0.0028076171875,0.003173828125,0.00244140625,2584.0,7.803598401483794e-05,32.0,7.803598401483794e-05,0,7.803598401483794e-05,7.803598401483794e-05,147:0.00184472897730939;147:0.00184472897730939;147:0.0030971968004119554;147:0.0030971968004119554;149:0.0008422530635677217;149:0.0008422530635677217;149:0.00123652702996066;149:0.00123652702996066,147:68.0;147:68.0;147:68.0;147:68.0;149:68.0;149:68.0;149:68.0;149:68.0,147:0.000995672137760556;147:0.000995672137760556;147:0.0033186798325660627;147:0.0033186798325660627;149:0.000741690679814333;149:0.000741690679814333;149:0.0015363880514665806;149:0.0015363880514665806,0.0028076171875,Yes
149,285.92573212622966,346.9671760942033,0.0064697265625,0.0068359375,0.006103515625,2584.0,8.084202519512876e-05,32.0,8.084202519512876e-05,0,8.084202519512876e-05,8.084202519512876e-05,148:0.0008422530635677217;148:0.0008422530635677217;148:0.00123652702996066;148:0.00123652702996066;150:0.0009728575859807853;150:0.0009728575859807853;150:0.0008207186105392006;150:0.0008207186105392006,148:68.0;148:68.0;148:68.0;148:68.0;150:68.0;150:68.0;150:68.0;150:68.0,148:0.000741690679814333;148:0.000741690679814333;148:0.0015363880514665806;148:0.0015363880514665806;150:0.0007034829800848519;150:0.0007034829800848519;150:0.0008632033204045708;150:0.0008632033204045708,0.0064697265625,Yes
150,271.810151448794,307.5422440025424,0.002685546875,0.003173828125,0.002197265625,2584.0,0.0001904103663691137,32.0,0.0001904103663691137,0,0.0001904103663691137,0.0001904103663691137,149:0.0009728575859807853;149:0.0009728575859807853;149:0.0008207186105392006;149:0.0008207186105392006;151:0.002940490515869615;151:0.002940490515869615;151:0.0017142904884064336;151:0.0017142904884064336,149:68.0;149:68.0;149:68.0;149:68.0;151:68.0;151:68.0;151:68.0;151:68.0,149:0.0007034829800848519;149:0.0007034829800848519;149:0.0008632033204045708;149:0.0008632033204045708;151:0.0019535215002667583;151:0.0019535215002667583;151:0.0014423828809869699;151:0.0014423828809869699,0.002685546875,Yes
151,298.33663082971975,416.6588597631088,0.0074462890625,0.008056640625,0.0068359375,2584.0,0.0001291239264539375,32.0,0.0001291239264539375,0,0.0001291239264539375,0.0001291239264539375,138:0.0013363192341493413;138:0.0013363192341493413;138:0.001154262478100021;138:0.001154262478100021;150:0.002940490515869615;150:0.002940490515869615;150:0.0017142904884064336;150:0.0017142904884064336;152:0.0010584045918228813;152:0.0010584045918228813;152:0.0017097799498380362;152:0.0017097799498380362,138:68.0;138:68.0;138:68.0;138:68.0;150:68.0;150:68.0;150:68.0;150:68.0;152:68.0;152:68.0;152:68.0;152:68.0,138:0.0009751188192116123;138:0.0009751188192116123;138:0.0009593336122886154;138:0.0009593336122886154;150:0.0019535215002667583;150:0.0019535215002667583;150:0.0014423828809869699;150:0.0014423828809869699;152:0.0010233417002385448;152:0.0010233417002385448;152:0.0010052391107528702;152:0.0010052391107528702,0.0074462890625,Yes
152,269.0537873946546,366.2213049140168,0.01123046875,0.010009765625,0.012451171875,2584.0,0.00012485453271282763,32.0,0.00012485453271282763,0,0.00012485453271282763,0.00012485453271282763,151:0.0010584045918228813;151:0.0010584045918228813;151:0.0017097799498380362;151:0.0017097799498380362;153:1;153:1;153:1.0;153:1.0,151:68.0;151:68.0;151:68.0;151:68.0;153:68.0;153:68.0;153:68.0;153:68.0,151:0.0010233417002385448;151:0.0010233417002385448;151:0.0010052391107528702;151:0.0010052391107528702;153:1;153:1;153:1.0;153:1.0,0.01123046875,Yes
153,348.22132878325175,409.95289189780607,0.067626953125,0.124267578125,0.010986328125,2584.0,0.00015988859950074563,32.0,0.00015988859950074563,0,0.00015988859950074563,0.00015988859950074563,152:1;152:1;152:1.0;152:1.0;154:1;154:1;154:1.0;154:1.0,152:68.0;152:68.0;152:68.0;152:68.0;154:68.0;154:68.0;154:68.0;154:68.0,152:1;152:1;152:1.0;152:1.0;154:1;154:1;154:1.0;154:1.0,0.067626953125,Yes
154,309.28492607527886,480.5840774076213,0.0140380859375,0.01318359375,0.014892578125,2584.0,0.0003079278037170826,32.0,0.0003079278037170826,0,0.0003079278037170826,0.0003079278037170826,153:1;153:1;153:1.0;153:1.0;155:0.0016576789022495486;155:0.0016576789022495486;155:0.0016727574125154354;155:0.0016727574125154354,153:68.0;153:68.0;153:68.0;153:68.0;155:68.0;155:68.0;155:68.0;155:68.0,153:1;153:1;153:1.0;153:1.0;155:0.0012603253998669794;155:0.0012603253998669794;155:0.0014330710687475157;155:0.0014330710687475157,0.0140380859375,Yes
155,306.7781771675655,431.6755589123421,0.00439453125,0.00537109375,0.00341796875,2584.0,0.00016560332158353607,32.0,0.00016560332158353607,0,0.00016560332158353607,0.00016560332158353607,139:0.0017059448247782605;139:0.0017059448247782605;139:0.0012357090216995326;139:0.0012357090216995326;154:0.0016576789022495486;154:0.0016576789022495486;154:0.0016727574125154354;154:0.0016727574125154354,139:68.0;139:68.0;139:68.0;139:68.0;154:68.0;154:68.0;154:68.0;154:68.0,139:0.0014556113013061145;139:0.0014556113013061145;139:0.0008278030679555737;139:0.0008278030679555737;154:0.0012603253998669794;154:0.0012603253998669794;154:0.0014330710687475157;154:0.0014330710687475157,0.00439453125,Yes
